series,created_at_ms,hours_since_start,value,roll_n
self_bpc_all,1785987302321,8.8952,4.30035,100
self_bpc_all,1785987340519,8.9058,4.28894,100
self_bpc_all,1785987472384,8.9424,4.28652,100
self_bpc_all,1785987481223,8.9449,4.28146,100
self_bpc_all,1785987501612,8.9506,4.27959,100
self_bpc_all,1785987501846,8.9506,4.28144,100
self_bpc_all,1785987681826,9.0006,4.27084,100
self_bpc_all,1785987758636,9.022,4.26397,100
self_bpc_all,1785987778631,9.0275,4.25333,100
self_bpc_all,1785987793764,9.0317,4.22338,100
self_bpc_all,1785987924549,9.068,4.2102,100
self_bpc_all,1785987970371,9.0808,4.20094,100
self_bpc_all,1785988142068,9.1285,4.19135,100
self_bpc_all,1785988315174,9.1766,4.18563,100
self_bpc_all,1785988425117,9.2071,4.17696,100
self_bpc_all,1785988448872,9.2137,4.16688,100
self_bpc_all,1785988773585,9.3039,4.15739,100
self_bpc_all,1785988803466,9.3122,4.15545,100
self_bpc_all,1785988896314,9.338,4.15234,100
self_bpc_all,1785989096450,9.3936,4.1313,100
self_bpc_all,1785989239659,9.4334,4.12088,100
self_bpc_all,1785989294121,9.4485,4.1159,100
self_bpc_all,1785989355909,9.4656,4.11516,100
self_bpc_all,1785989356286,9.4658,4.11111,100
self_bpc_all,1785989356669,9.4659,4.1098,100
self_bpc_all,1785989357061,9.466,4.10912,100
self_bpc_all,1785989357450,9.4661,4.10787,100
self_bpc_all,1785989357844,9.4662,4.10743,100
self_bpc_all,1785989358321,9.4663,4.10508,100
self_bpc_all,1785989358744,9.4664,4.11149,100
self_bpc_all,1785989359153,9.4666,4.11168,100
self_bpc_all,1785989359554,9.4667,4.11235,100
self_bpc_all,1785989359924,9.4668,4.11239,100
self_bpc_all,1785989360365,9.4669,4.11404,100
self_bpc_all,1785989360772,9.467,4.11229,100
self_bpc_all,1785989361205,9.4671,4.11122,100
self_bpc_all,1785989361701,9.4673,4.11383,100
self_bpc_all,1785989362099,9.4674,4.11265,100
self_bpc_all,1785989362472,9.4675,4.1138,100
self_bpc_all,1785989362840,9.4676,4.1152,100
self_bpc_all,1785989363212,9.4677,4.11338,100
self_bpc_all,1785989363658,9.4678,4.11525,100
self_bpc_all,1785989592706,9.5314,4.11009,100
self_bpc_all,1785990211804,9.7034,4.10795,100
self_bpc_all,1785990273835,9.7206,4.1065,100
self_bpc_all,1785990538091,9.794,4.09955,100
self_bpc_all,1785990596643,9.8103,4.09418,100
self_bpc_all,1785990923580,9.9011,4.09945,100
self_bpc_all,1785991082959,9.9454,4.09606,100
self_bpc_all,1785991168677,9.9692,4.0969,100
self_bpc_all,1785991214755,9.982,4.09505,100
self_bpc_all,1785991232003,9.9868,4.08501,100
self_bpc_all,1785991323980,10.0123,4.07803,100
self_bpc_all,1785991363867,10.0234,4.0839,100
self_bpc_all,1785992178024,10.2496,4.08217,100
self_bpc_all,1785992178528,10.2497,4.08086,100
self_bpc_all,1785992298225,10.283,4.0791,100
self_bpc_all,1785992494080,10.3374,4.07861,100
self_bpc_all,1785992517735,10.3439,4.07711,100
self_bpc_all,1785992596814,10.3659,4.07866,100
self_bpc_all,1785992602016,10.3673,4.06915,100
self_bpc_all,1785993095848,10.5045,4.07475,100
self_bpc_all,1785993161734,10.5228,4.07369,100
self_bpc_all,1785993200043,10.5335,4.06952,100
self_bpc_all,1785993631363,10.6533,4.07092,100
self_bpc_all,1785993636934,10.6548,4.07443,100
self_bpc_all,1785993642501,10.6564,4.08089,100
self_bpc_all,1785993705752,10.6739,4.0819,100
self_bpc_all,1785993706038,10.674,4.08282,100
self_bpc_all,1785993711025,10.6754,4.08456,100
self_bpc_all,1785993716245,10.6769,4.07175,100
self_bpc_all,1785993761635,10.6895,4.07096,100
self_bpc_all,1785993761920,10.6895,4.07089,100
self_bpc_all,1785993762203,10.6896,4.06956,100
self_bpc_all,1785993762488,10.6897,4.06949,100
self_bpc_all,1785993762788,10.6898,4.07128,100
self_bpc_all,1785993763080,10.6899,4.0703,100
self_bpc_all,1785993763371,10.6899,4.0714,100
self_bpc_all,1785993763661,10.69,4.0727,100
self_bpc_all,1785993787332,10.6966,4.07221,100
self_bpc_all,1785993787618,10.6967,4.07587,100
self_bpc_all,1785993787913,10.6968,4.07899,100
self_bpc_all,1785993788224,10.6968,4.07885,100
self_bpc_all,1785993788590,10.6969,4.07704,100
self_bpc_all,1785993788894,10.697,4.07889,100
self_bpc_all,1785993789194,10.6971,4.08024,100
self_bpc_all,1785993792241,10.698,4.07894,100
self_bpc_all,1785994324631,10.8459,4.07877,100
self_bpc_all,1785994581353,10.9172,4.07548,100
self_bpc_all,1785994611131,10.9254,4.07047,100
self_bpc_all,1785994681971,10.9451,4.06692,100
self_bpc_all,1785994682478,10.9453,4.06533,100
self_bpc_all,1785994750657,10.9642,4.0606,100
self_bpc_all,1785994864286,10.9958,4.06051,100
self_bpc_all,1785994940921,11.017,4.04424,100
self_bpc_all,1785995099726,11.0612,4.04138,100
self_bpc_all,1785995411053,11.1476,4.03644,100
self_bpc_all,1785995935766,11.2934,4.03531,100
self_bpc_all,1785996019918,11.3168,4.03811,100
self_bpc_all,1785996204733,11.3681,4.03313,100
self_bpc_all,1785996247567,11.38,4.04216,100
self_bpc_all,1785996378092,11.4163,4.04584,100
self_bpc_all,1785996388903,11.4193,4.04644,100
self_bpc_all,1785996392648,11.4203,4.04743,100
self_bpc_all,1785996514760,11.4542,4.0442,100
self_bpc_all,1785996629690,11.4861,4.04476,100
self_bpc_all,1785996634110,11.4874,4.04809,100
self_bpc_all,1785996638475,11.4886,4.05004,100
self_bpc_all,1785996849166,11.5471,4.03667,100
self_bpc_all,1785997001575,11.5894,4.05642,100
self_bpc_all,1785997022155,11.5952,4.06823,100
self_bpc_all,1785997365436,11.6905,4.06849,100
self_bpc_all,1785997430105,11.7085,4.07126,100
self_bpc_all,1785997493775,11.7262,4.07589,100
self_bpc_all,1785997620753,11.7614,4.08416,100
self_bpc_all,1785997801146,11.8115,4.0916,100
self_bpc_all,1785997972837,11.8592,4.09698,100
self_bpc_all,1785998087956,11.8912,4.08852,100
self_bpc_all,1785998202406,11.923,4.08821,100
self_bpc_all,1785998231007,11.931,4.10696,100
self_bpc_all,1785998232472,11.9314,4.11775,100
self_bpc_all,1785998441917,11.9895,4.11536,100
self_bpc_all,1785998467719,11.9967,4.11627,100
self_bpc_all,1785998523827,12.0123,4.09778,100
self_bpc_all,1785998599342,12.0333,4.09484,100
self_bpc_all,1785998600051,12.0335,4.08836,100
self_bpc_all,1785998923333,12.1233,4.08831,100
self_bpc_all,1785999165270,12.1905,4.07204,100
self_bpc_all,1785999350321,12.2419,4.06726,100
self_bpc_all,1785999357460,12.2439,4.06712,100
self_bpc_all,1785999371577,12.2478,4.0666,100
self_bpc_all,1785999382091,12.2507,4.06558,100
self_bpc_all,1785999386892,12.252,4.06561,100
self_bpc_all,1785999458516,12.2719,4.06506,100
self_bpc_all,1785999460745,12.2725,4.06414,100
self_bpc_all,1785999461903,12.2729,4.06253,100
self_bpc_all,1785999484565,12.2792,4.05999,100
self_bpc_all,1785999556180,12.2991,4.05853,100
self_bpc_all,1785999709818,12.3417,4.05685,100
self_bpc_all,1785999741027,12.3504,4.05777,100
self_bpc_all,1785999783763,12.3623,4.05666,100
self_bpc_all,1785999859163,12.3832,4.05438,100
self_bpc_all,1786000125984,12.4573,4.05852,100
self_bpc_all,1786000223267,12.4844,4.06138,100
self_bpc_all,1786000351037,12.5199,4.06181,100
self_bpc_all,1786000351663,12.52,4.06056,100
self_bpc_all,1786000382798,12.5287,4.05196,100
self_bpc_all,1786000404733,12.5348,4.05006,100
self_bpc_all,1786000535806,12.5712,4.05472,100
self_bpc_all,1786000546487,12.5741,4.0535,100
self_bpc_all,1786000680669,12.6114,4.05465,100
self_bpc_all,1786000697722,12.6162,4.06092,100
self_bpc_all,1786000734752,12.6264,4.05761,100
self_bpc_all,1786000782982,12.6398,4.05469,100
self_bpc_all,1786000817163,12.6493,4.05399,100
self_bpc_all,1786000945348,12.6849,4.05648,100
self_bpc_all,1786001116970,12.7326,4.04493,100
self_bpc_all,1786001145124,12.7404,4.0397,100
self_bpc_all,1786001181411,12.7505,4.03368,100
self_bpc_all,1786001209577,12.7583,4.03113,100
self_bpc_all,1786001241877,12.7673,4.02786,100
self_bpc_all,1786001278149,12.7774,4.01713,100
self_bpc_all,1786001317037,12.7882,4.01119,100
self_bpc_all,1786001372212,12.8035,4.01528,100
self_bpc_all,1786001420774,12.817,4.00553,100
self_bpc_all,1786001478373,12.833,3.99887,100
self_bpc_all,1786001550895,12.8531,3.98678,100
self_bpc_all,1786001556120,12.8546,3.97389,100
self_bpc_all,1786001598501,12.8664,3.97313,100
self_bpc_all,1786001612936,12.8704,3.97058,100
self_bpc_all,1786001701932,12.8951,3.97852,100
self_bpc_all,1786001720272,12.9002,3.97611,100
self_bpc_all,1786001781739,12.9173,3.97405,100
self_bpc_all,1786002047673,12.9911,3.97483,100
self_bpc_all,1786002086471,13.0019,3.9718,100
self_bpc_all,1786002198271,13.033,3.97389,100
self_bpc_all,1786002198734,13.0331,3.9737,100
self_bpc_all,1786002199179,13.0332,3.97429,100
self_bpc_all,1786002199625,13.0333,3.97432,100
self_bpc_all,1786002200104,13.0335,3.97336,100
self_bpc_all,1786002200558,13.0336,3.97256,100
self_bpc_all,1786002321852,13.0673,3.97101,100
self_bpc_all,1786002354676,13.0764,3.94964,100
self_bpc_all,1786002427223,13.0966,3.94784,100
self_bpc_all,1786002427734,13.0967,3.9462,100
self_bpc_all,1786002617240,13.1494,3.9476,100
self_bpc_all,1786002798191,13.1996,3.94707,100
self_bpc_all,1786002817694,13.205,3.94883,100
self_bpc_all,1786002818183,13.2052,3.95662,100
self_bpc_all,1786002879380,13.2222,3.95899,100
self_bpc_all,1786002894475,13.2264,3.96166,100
self_bpc_all,1786002914793,13.232,3.95914,100
self_bpc_all,1786003018248,13.2607,3.96164,100
self_bpc_all,1786003195687,13.31,3.96121,100
self_bpc_all,1786003525650,13.4017,3.9772,100
self_bpc_all,1786003526114,13.4018,3.98228,100
self_bpc_all,1786004073219,13.5538,3.98325,100
self_bpc_all,1786004083330,13.5566,3.98437,100
self_bpc_all,1786004151146,13.5754,3.98071,100
self_bpc_all,1786004168014,13.5801,3.98058,100
self_bpc_all,1786004350323,13.6308,3.98191,100
self_bpc_all,1786004351461,13.6311,3.98382,100
self_bpc_all,1786004352571,13.6314,3.98481,100
self_bpc_all,1786004353696,13.6317,3.98559,100
self_bpc_all,1786004372467,13.6369,3.98738,100
self_bpc_all,1786004393736,13.6428,3.9875,100
self_bpc_all,1786004407007,13.6465,3.98917,100
self_bpc_all,1786004415188,13.6488,3.98888,100
self_bpc_all,1786004437426,13.655,4.00412,100
self_bpc_all,1786004475412,13.6655,4.00467,100
self_bpc_all,1786004760195,13.7446,3.99954,100
self_bpc_all,1786004955684,13.7989,4.00378,100
self_bpc_all,1786005328449,13.9025,4.00545,100
self_bpc_all,1786005380884,13.917,4.00454,100
self_bpc_all,1786005523513,13.9567,4.0036,100
self_bpc_all,1786005541839,13.9617,3.99362,100
self_bpc_all,1786005561727,13.9673,3.99545,100
self_bpc_all,1786005824317,14.0402,3.99975,100
self_bpc_all,1786005950648,14.0753,3.99878,100
self_bpc_all,1786005950998,14.0754,3.99749,100
self_bpc_all,1786006339875,14.1834,3.99139,100
self_bpc_all,1786006447193,14.2132,3.99328,100
self_bpc_all,1786006900861,14.3392,3.99103,100
self_bpc_all,1786007109650,14.3972,4.00114,100
self_bpc_all,1786007959361,14.6333,4.00258,100
self_bpc_all,1786008449746,14.7695,4.00635,100
self_bpc_all,1786008601912,14.8118,4.00546,100
self_bpc_all,1786008626919,14.8187,4.0149,100
self_bpc_all,1786008642402,14.823,4.02039,100
self_bpc_all,1786008642942,14.8232,4.0213,100
self_bpc_all,1786008645746,14.8239,4.02157,100
self_bpc_all,1786008650629,14.8253,4.02367,100
self_bpc_all,1786008654780,14.8264,4.0218,100
self_bpc_all,1786008770778,14.8587,4.0178,100
self_bpc_all,1786008842920,14.8787,4.01818,100
self_bpc_all,1786008868054,14.8857,4.01877,100
self_bpc_all,1786008868998,14.886,4.02037,100
self_bpc_all,1786008869714,14.8862,4.02222,100
self_bpc_all,1786008888568,14.8914,4.01754,100
self_bpc_all,1786008931901,14.9034,4.00994,100
self_bpc_all,1786009268389,14.9969,4.01143,100
self_bpc_all,1786009269694,14.9973,4.01363,100
self_bpc_all,1786009396987,15.0326,4.01207,100
self_bpc_all,1786009406169,15.0352,4.01285,100
self_bpc_all,1786009430406,15.0419,4.0084,100
self_bpc_all,1786009444719,15.0459,4.01392,100
self_bpc_all,1786009461660,15.0506,4.02266,100
self_bpc_all,1786009462024,15.0507,4.02289,100
self_bpc_all,1786009498520,15.0608,4.02205,100
self_bpc_all,1786009513733,15.065,4.02403,100
self_bpc_all,1786009524366,15.068,4.02676,100
self_bpc_all,1786009524996,15.0682,4.02875,100
self_bpc_all,1786009576357,15.0824,4.03853,100
self_bpc_all,1786010228578,15.2636,4.03949,100
self_bpc_all,1786010515759,15.3434,4.03913,100
self_bpc_all,1786010643969,15.379,4.03755,100
self_bpc_all,1786010667458,15.3855,4.05058,100
self_bpc_all,1786010671819,15.3867,4.04957,100
self_bpc_all,1786010699035,15.3943,4.05439,100
self_bpc_all,1786010716359,15.3991,4.05753,100
self_bpc_all,1786010740486,15.4058,4.07077,100
self_bpc_all,1786010741068,15.406,4.08207,100
self_bpc_all,1786011112567,15.5092,4.08688,100
self_bpc_all,1786011113022,15.5093,4.1009,100
self_bpc_all,1786011113490,15.5094,4.11217,100
self_bpc_all,1786011113942,15.5095,4.12229,100
self_bpc_all,1786011162904,15.5231,4.14054,100
self_bpc_all,1786011193265,15.5316,4.15987,100
self_bpc_all,1786011555478,15.6322,4.1629,100
self_bpc_all,1786011629048,15.6526,4.16424,100
self_bpc_all,1786011710793,15.6753,4.16815,100
self_bpc_all,1786011778068,15.694,4.17321,100
self_bpc_all,1786012038268,15.7663,4.17422,100
self_bpc_all,1786012220702,15.817,4.17213,100
self_bpc_all,1786012231441,15.82,4.17833,100
self_bpc_all,1786012563976,15.9123,4.17285,100
self_bpc_all,1786012566844,15.9131,4.1754,100
self_bpc_all,1786012569765,15.9139,4.17829,100
self_bpc_all,1786012918956,16.0109,4.18037,100
self_bpc_all,1786013135022,16.071,4.18432,100
self_bpc_all,1786013145659,16.0739,4.1864,100
self_bpc_all,1786013566422,16.1908,4.19682,100
self_bpc_all,1786013569275,16.1916,4.23975,100
self_bpc_all,1786013585541,16.1961,4.24771,100
self_bpc_all,1786013725948,16.2351,4.25465,100
self_bpc_all,1786014044025,16.3235,4.2498,100
self_bpc_all,1786014048346,16.3247,4.25104,100
self_bpc_all,1786014051289,16.3255,4.25091,100
self_bpc_all,1786014054092,16.3263,4.24913,100
self_bpc_all,1786014089891,16.3362,4.24971,100
self_bpc_all,1786014465696,16.4406,4.24423,100
self_bpc_all,1786014492756,16.4481,4.25866,100
self_bpc_all,1786014652839,16.4926,4.23679,100
self_bpc_all,1786014672828,16.4981,4.23571,100
self_bpc_all,1786014673033,16.4982,4.23634,100
self_bpc_all,1786014801891,16.534,4.22914,100
self_bpc_all,1786014817296,16.5383,4.23725,100
self_bpc_all,1786015000344,16.5891,4.23788,100
self_bpc_all,1786015133818,16.6262,4.24521,100
self_bpc_all,1786015142166,16.6285,4.25744,100
self_bpc_all,1786015204126,16.6457,4.2585,100
self_bpc_all,1786015207084,16.6465,4.26001,100
self_bpc_all,1786015210089,16.6474,4.26137,100
self_bpc_all,1786015310636,16.6753,4.25319,100
self_bpc_all,1786015320935,16.6782,4.25629,100
self_bpc_all,1786015410539,16.703,4.24771,100
self_bpc_all,1786015610105,16.7585,4.24848,100
self_bpc_all,1786016110802,16.8976,4.24123,100
self_bpc_all,1786016126848,16.902,4.22982,100
self_bpc_all,1786016194600,16.9208,4.2292,100
self_bpc_all,1786016378349,16.9719,4.23958,100
self_bpc_all,1786016398634,16.9775,4.23613,100
self_bpc_all,1786016399407,16.9777,4.2357,100
self_bpc_all,1786016426330,16.9852,4.22919,100
self_bpc_all,1786016704259,17.0624,4.22991,100
self_bpc_all,1786016717846,17.0662,4.24938,100
self_bpc_all,1786016848152,17.1024,4.24963,100
self_bpc_all,1786016848878,17.1026,4.25207,100
self_bpc_all,1786016850192,17.103,4.2591,100
self_bpc_all,1786017038738,17.1553,4.25595,100
self_bpc_all,1786017038920,17.1554,4.26865,100
self_bpc_all,1786017039110,17.1554,4.26854,100
self_bpc_all,1786017039288,17.1555,4.27414,100
self_bpc_all,1786017039452,17.1555,4.26976,100
self_bpc_all,1786017232410,17.2091,4.27963,100
self_bpc_all,1786017383136,17.251,4.2758,100
self_bpc_all,1786018628658,17.597,4.27366,100
self_bpc_all,1786018661711,17.6062,4.27478,100
self_bpc_all,1786018794513,17.643,4.2639,100
self_bpc_all,1786018803688,17.6456,4.26048,100
self_bpc_all,1786018827012,17.6521,4.25481,100
self_bpc_all,1786018876424,17.6658,4.24425,100
self_bpc_all,1786018907630,17.6745,4.24208,100
self_bpc_all,1786018908541,17.6747,4.25454,100
self_bpc_all,1786018913240,17.676,4.24822,100
self_bpc_all,1786018987643,17.6967,4.22173,100
self_bpc_all,1786019100994,17.7282,4.2095,100
self_bpc_all,1786019101467,17.7283,4.2018,100
self_bpc_all,1786019102062,17.7285,4.21332,100
self_bpc_all,1786019105041,17.7293,4.22673,100
self_bpc_all,1786019107873,17.7301,4.22543,100
self_bpc_all,1786019159674,17.7445,4.21799,100
self_bpc_all,1786019193259,17.7538,4.21504,100
self_bpc_all,1786019204195,17.7568,4.21257,100
self_bpc_all,1786019204541,17.7569,4.22205,100
self_bpc_all,1786019205561,17.7572,4.22135,100
self_bpc_all,1786019213646,17.7595,4.21983,100
self_bpc_all,1786019233768,17.7651,4.21814,100
self_bpc_all,1786019237162,17.766,4.2113,100
self_bpc_all,1786019260689,17.7725,4.20946,100
self_bpc_all,1786019443532,17.8233,4.203,100
self_bpc_all,1786019460629,17.8281,4.19785,100
self_bpc_all,1786019476936,17.8326,4.19156,100
self_bpc_all,1786019478560,17.8331,4.19282,100
self_bpc_all,1786019516595,17.8436,4.19694,100
self_bpc_all,1786019842343,17.9341,4.19383,100
self_bpc_all,1786019853444,17.9372,4.19316,100
self_bpc_all,1786019853936,17.9373,4.20322,100
self_bpc_all,1786019855231,17.9377,4.18819,100
self_bpc_all,1786020141649,18.0172,4.18584,100
self_bpc_all,1786020187076,18.0299,4.18172,100
self_bpc_all,1786020199583,18.0333,4.18219,100
self_bpc_all,1786020206532,18.0353,4.18464,100
self_bpc_all,1786020210072,18.0363,4.18595,100
self_bpc_all,1786020252743,18.0481,4.18913,100
self_bpc_all,1786020254389,18.0486,4.18876,100
self_bpc_all,1786020267236,18.0521,4.1857,100
self_bpc_all,1786020294682,18.0598,4.18796,100
self_bpc_all,1786020346358,18.0741,4.18952,100
self_bpc_all,1786020355033,18.0765,4.18791,100
self_bpc_all,1786020366836,18.0798,4.18553,100
self_bpc_all,1786020415304,18.0933,4.18243,100
self_bpc_all,1786020534166,18.1263,4.18954,100
self_bpc_all,1786020542102,18.1285,4.18725,100
self_bpc_all,1786020548608,18.1303,4.18789,100
self_bpc_all,1786020556314,18.1324,4.19305,100
self_bpc_all,1786020559239,18.1332,4.19094,100
self_bpc_all,1786020563422,18.1344,4.19152,100
self_bpc_all,1786020607736,18.1467,4.19253,100
self_bpc_all,1786020721970,18.1784,4.19273,100
self_bpc_all,1786020726423,18.1797,4.19457,100
self_bpc_all,1786020731026,18.181,4.1948,100
self_bpc_all,1786020802213,18.2007,4.1964,100
self_bpc_all,1786020805429,18.2016,4.19605,100
self_bpc_all,1786020807623,18.2022,4.19634,100
self_bpc_all,1786020808332,18.2024,4.19938,100
self_bpc_all,1786020811324,18.2033,4.19884,100
self_bpc_all,1786020814274,18.2041,4.19671,100
self_bpc_all,1786020857013,18.216,4.19432,100
self_bpc_all,1786020858540,18.2164,4.19152,100
self_bpc_all,1786020868732,18.2192,4.19617,100
self_bpc_all,1786020887641,18.2245,4.19521,100
self_bpc_all,1786020916220,18.2324,4.19998,100
self_bpc_all,1786020949145,18.2415,4.2002,100
self_bpc_all,1786020951430,18.2422,4.19387,100
self_bpc_all,1786020951879,18.2423,4.19967,100
self_bpc_all,1786021007321,18.2577,4.19991,100
self_bpc_all,1786021103033,18.2843,4.20219,100
self_bpc_all,1786021199398,18.3111,4.19156,100
self_bpc_all,1786021205518,18.3128,4.19006,100
self_bpc_all,1786021303577,18.34,4.18673,100
self_bpc_all,1786021347602,18.3522,4.18623,100
self_bpc_all,1786021347842,18.3523,4.18534,100
self_bpc_all,1786021348006,18.3523,4.19205,100
self_bpc_all,1786021535050,18.4043,4.19453,100
self_bpc_all,1786021788112,18.4746,4.19386,100
self_bpc_all,1786021794178,18.4763,4.19428,100
self_bpc_all,1786021802585,18.4786,4.20163,100
self_bpc_all,1786021855624,18.4933,4.20669,100
self_bpc_all,1786021874534,18.4986,4.20914,100
self_bpc_all,1786021940829,18.517,4.20964,100
self_bpc_all,1786022067554,18.5522,4.20814,100
self_bpc_all,1786022115597,18.5656,4.2059,100
self_bpc_all,1786022116228,18.5657,4.21093,100
self_bpc_all,1786022364208,18.6346,4.20559,100
self_bpc_all,1786022388459,18.6414,4.20841,100
self_bpc_all,1786022390124,18.6418,4.20767,100
self_bpc_all,1786022410256,18.6474,4.19011,100
self_bpc_all,1786022422769,18.6509,4.18907,100
self_bpc_all,1786022458907,18.6609,4.19641,100
self_bpc_all,1786022471637,18.6645,4.19483,100
self_bpc_all,1786022520063,18.6779,4.19869,100
self_bpc_all,1786022554475,18.6875,4.19846,100
self_bpc_all,1786022559774,18.6889,4.20188,100
self_bpc_all,1786022575686,18.6934,4.1936,100
self_bpc_all,1786022689958,18.7251,4.19603,100
self_bpc_all,1786022690363,18.7252,4.19782,100
self_bpc_all,1786022690783,18.7253,4.20183,100
self_bpc_all,1786022691230,18.7255,4.20765,100
self_bpc_all,1786022712199,18.7313,4.207,100
self_bpc_all,1786022989068,18.8082,4.20314,100
self_bpc_all,1786023338584,18.9053,4.19766,100
self_bpc_all,1786023396255,18.9213,4.19711,100
self_bpc_all,1786023515786,18.9545,4.20115,100
self_bpc_all,1786023522664,18.9564,4.20689,100
self_bpc_all,1786023524395,18.9569,4.22833,100
self_bpc_all,1786023535683,18.96,4.23725,100
self_bpc_all,1786023560243,18.9669,4.2489,100
self_bpc_all,1786023581970,18.9729,4.24888,100
self_bpc_all,1786023594950,18.9765,4.24973,100
self_bpc_all,1786023731508,19.0144,4.2499,100
self_bpc_all,1786023920280,19.0669,4.25676,100
self_bpc_all,1786023920866,19.067,4.25766,100
self_bpc_all,1786024004792,19.0903,4.25363,100
self_bpc_all,1786024067664,19.1078,4.25607,100
self_bpc_all,1786024100595,19.117,4.25215,100
self_bpc_all,1786024225085,19.1515,4.248,100
self_bpc_all,1786024225507,19.1516,4.24669,100
self_bpc_all,1786024225887,19.1518,4.25118,100
self_bpc_all,1786024226284,19.1519,4.24849,100
self_bpc_all,1786024226690,19.152,4.251,100
self_bpc_all,1786024411048,19.2032,4.25844,100
self_bpc_all,1786024647902,19.269,4.2674,100
self_bpc_all,1786024672485,19.2758,4.26553,100
self_bpc_all,1786024672652,19.2759,4.26435,100
self_bpc_all,1786024672835,19.2759,4.26831,100
self_bpc_all,1786024721738,19.2895,4.26465,100
self_bpc_all,1786024925414,19.3461,4.26364,100
self_bpc_all,1786025114142,19.3985,4.27152,100
self_bpc_all,1786025214539,19.4264,4.27728,100
self_bpc_all,1786025405183,19.4793,4.28038,100
self_bpc_all,1786025408709,19.4803,4.27864,100
self_bpc_all,1786025412083,19.4813,4.2772,100
self_bpc_all,1786025413586,19.4817,4.26271,100
self_bpc_all,1786025498761,19.5053,4.25861,100
self_bpc_all,1786025721627,19.5672,4.2583,100
self_bpc_all,1786025984190,19.6402,4.26205,100
self_bpc_all,1786026790135,19.864,4.26257,100
self_bpc_all,1786027081930,19.9451,4.2622,100
self_bpc_all,1786027082514,19.9453,4.26468,100
self_bpc_all,1786027083125,19.9454,4.26739,100
self_bpc_all,1786027329966,20.014,4.24905,100
self_bpc_all,1786027355716,20.0212,4.24024,100
self_bpc_all,1786027367729,20.0245,4.24115,100
self_bpc_all,1786027435063,20.0432,4.22466,100
self_bpc_all,1786027480392,20.0558,4.20705,100
self_bpc_all,1786027490772,20.0587,4.21188,100
self_bpc_all,1786027497752,20.0606,4.21182,100
self_bpc_all,1786027540434,20.0725,4.21275,100
self_bpc_all,1786027694905,20.1154,4.2128,100
self_bpc_all,1786027732344,20.1258,4.21188,100
self_bpc_all,1786027793323,20.1427,4.18233,100
self_bpc_all,1786027826305,20.1519,4.18317,100
self_bpc_all,1786028156619,20.2436,4.18276,100
self_bpc_all,1786028156807,20.2437,4.18208,100
self_bpc_all,1786028156975,20.2437,4.18095,100
self_bpc_all,1786028222840,20.262,4.17967,100
self_bpc_all,1786028223054,20.2621,4.18072,100
self_bpc_all,1786028506669,20.3409,4.18274,100
self_bpc_all,1786028659086,20.3832,4.18385,100
self_bpc_all,1786028699168,20.3943,4.17189,100
self_bpc_all,1786028893777,20.4484,4.17189,100
self_bpc_all,1786029000397,20.478,4.18745,100
self_bpc_all,1786029027742,20.4856,4.18899,100
self_bpc_all,1786029074371,20.4986,4.19544,100
self_bpc_all,1786029160291,20.5224,4.17078,100
self_bpc_all,1786029216070,20.5379,4.16621,100
self_bpc_all,1786029216521,20.538,4.16273,100
self_bpc_all,1786029216910,20.5382,4.16932,100
self_bpc_all,1786029225082,20.5404,4.16994,100
self_bpc_all,1786030176617,20.8047,4.16811,100
self_bpc_all,1786030284428,20.8347,4.15697,100
self_bpc_all,1786030307283,20.841,4.14961,100
self_bpc_all,1786030309698,20.8417,4.14395,100
self_bpc_all,1786030364229,20.8568,4.13651,100
self_bpc_all,1786030390263,20.8641,4.14063,100
self_bpc_all,1786030390593,20.8642,4.14112,100
self_bpc_all,1786030390727,20.8642,4.13933,100
self_bpc_all,1786030519173,20.8999,4.13822,100
self_bpc_all,1786030590360,20.9197,4.13092,100
self_bpc_all,1786030619448,20.9277,4.12944,100
self_bpc_all,1786030708344,20.9524,4.13168,100
self_bpc_all,1786030713418,20.9538,4.12528,100
self_bpc_all,1786030726207,20.9574,4.12645,100
self_bpc_all,1786030818895,20.9831,4.12715,100
self_bpc_all,1786030856978,20.9937,4.12177,100
self_bpc_all,1786030925084,21.0126,4.1197,100
self_bpc_all,1786030999254,21.0332,4.13731,100
self_bpc_all,1786031172477,21.0814,4.12291,100
self_bpc_all,1786031374834,21.1376,4.10772,100
self_bpc_all,1786031390559,21.1419,4.11002,100
self_bpc_all,1786031395470,21.1433,4.10911,100
self_bpc_all,1786031402443,21.1452,4.10736,100
self_bpc_all,1786031427697,21.1523,4.10887,100
self_bpc_all,1786031428083,21.1524,4.11103,100
self_bpc_all,1786031428470,21.1525,4.11077,100
self_bpc_all,1786031540889,21.1837,4.10722,100
self_bpc_all,1786031622654,21.2064,4.10348,100
self_bpc_all,1786031634200,21.2096,4.08719,100
self_bpc_all,1786031951944,21.2979,4.08894,100
self_bpc_all,1786032108193,21.3413,4.09152,100
self_bpc_all,1786032116160,21.3435,4.09659,100
self_bpc_all,1786032163778,21.3567,4.09907,100
self_bpc_all,1786032315163,21.3988,4.0967,100
self_bpc_all,1786032332839,21.4037,4.09613,100
self_bpc_all,1786032444464,21.4347,4.09951,100
self_bpc_all,1786032576415,21.4713,4.10206,100
self_bpc_all,1786032576924,21.4715,4.09979,100
self_bpc_all,1786032649808,21.4917,4.09892,100
self_bpc_all,1786032650052,21.4918,4.09778,100
self_bpc_all,1786032677474,21.4994,4.09789,100
self_bpc_all,1786032687718,21.5023,4.09654,100
self_bpc_all,1786032730250,21.5141,4.0986,100
self_bpc_all,1786032873585,21.5539,4.10217,100
self_bpc_all,1786032895016,21.5598,4.09733,100
self_bpc_all,1786033003421,21.59,4.08575,100
self_bpc_all,1786033096527,21.6158,4.08901,100
self_bpc_all,1786033222133,21.6507,4.08869,100
self_bpc_all,1786033222667,21.6509,4.09026,100
self_bpc_all,1786033305260,21.6738,4.08931,100
self_bpc_all,1786033349351,21.6861,4.08822,100
self_bpc_all,1786033349671,21.6861,4.08675,100
self_bpc_all,1786033350021,21.6862,4.07969,100
self_bpc_all,1786033350455,21.6864,4.07649,100
self_bpc_all,1786033350765,21.6864,4.07304,100
self_bpc_all,1786033351051,21.6865,4.06762,100
self_bpc_all,1786033351320,21.6866,4.06274,100
self_bpc_all,1786033351659,21.6867,4.05682,100
self_bpc_all,1786033351957,21.6868,4.05478,100
self_bpc_all,1786033352214,21.6868,4.04796,100
self_bpc_all,1786033379810,21.6945,4.04852,100
self_bpc_all,1786033399393,21.7,4.04128,100
self_bpc_all,1786033414808,21.7042,4.04365,100
self_bpc_all,1786033440843,21.7115,4.03978,100
self_bpc_all,1786033463533,21.7178,4.04027,100
self_bpc_all,1786033465895,21.7184,4.04154,100
self_bpc_all,1786033466517,21.7186,4.04211,100
self_bpc_all,1786033590843,21.7531,4.0408,100
self_bpc_all,1786033606155,21.7574,4.03934,100
self_bpc_all,1786033611648,21.7589,4.03974,100
self_bpc_all,1786033617108,21.7604,4.03901,100
self_bpc_all,1786033710792,21.7865,4.05,100
self_bpc_all,1786033768879,21.8026,4.05306,100
self_bpc_all,1786033796794,21.8103,4.05563,100
self_bpc_all,1786033854367,21.8263,4.06747,100
self_bpc_all,1786033859641,21.8278,4.07595,100
self_bpc_all,1786034322145,21.9563,4.07231,100
self_bpc_all,1786034438285,21.9885,4.06714,100
self_bpc_all,1786034496622,22.0047,4.06142,100
self_bpc_all,1786034539635,22.0167,4.06023,100
self_bpc_all,1786034643798,22.0456,4.06007,100
self_bpc_all,1786034723534,22.0678,4.07539,100
self_bpc_all,1786034807133,22.091,4.07184,100
self_bpc_all,1786034819384,22.0944,4.07234,100
self_bpc_all,1786034915554,22.1211,4.07256,100
self_bpc_all,1786035283778,22.2234,4.07228,100
self_bpc_all,1786035317247,22.2327,4.07066,100
self_bpc_all,1786035449240,22.2694,4.06371,100
self_bpc_all,1786035701705,22.3395,4.06446,100
self_bpc_all,1786035779642,22.3611,4.06778,100
self_bpc_all,1786035962929,22.412,4.07522,100
self_bpc_all,1786036053590,22.4372,4.07351,100
self_bpc_all,1786036146415,22.463,4.07495,100
self_bpc_all,1786036147566,22.4633,4.07587,100
self_bpc_all,1786036251426,22.4922,4.07496,100
self_bpc_all,1786036318361,22.5108,4.09366,100
self_bpc_all,1786036319488,22.5111,4.09871,100
self_bpc_all,1786036320621,22.5114,4.10094,100
self_bpc_all,1786036321757,22.5117,4.10322,100
self_bpc_all,1786036401087,22.5338,4.10395,100
self_bpc_all,1786036464844,22.5515,4.10595,100
self_bpc_all,1786036554370,22.5763,4.1123,100
self_bpc_all,1786036654947,22.6043,4.12122,100
self_bpc_all,1786036749235,22.6305,4.12073,100
self_bpc_all,1786036800551,22.6447,4.12148,100
self_bpc_all,1786036803628,22.6456,4.12016,100
self_bpc_all,1786036804371,22.6458,4.11669,100
self_bpc_all,1786036840882,22.6559,4.09121,100
self_bpc_all,1786036957564,22.6883,4.10009,100
self_bpc_all,1786036958790,22.6887,4.10787,100
self_bpc_all,1786037009840,22.7029,4.10672,100
self_bpc_all,1786037021694,22.7061,4.10653,100
self_bpc_all,1786037028518,22.708,4.1137,100
self_bpc_all,1786037050570,22.7142,4.11563,100
self_bpc_all,1786037235231,22.7655,4.11307,100
self_bpc_all,1786037414258,22.8152,4.11684,100
self_bpc_all,1786037449044,22.8249,4.11935,100
self_bpc_all,1786037514356,22.843,4.11932,100
self_bpc_all,1786037551322,22.8533,4.13303,100
self_bpc_all,1786037573315,22.8594,4.14137,100
self_bpc_all,1786037573984,22.8596,4.13337,100
self_bpc_all,1786037623763,22.8734,4.13375,100
self_bpc_all,1786037696332,22.8935,4.12561,100
self_bpc_all,1786037814148,22.9263,4.12463,100
self_bpc_all,1786037911105,22.9532,4.12465,100
self_bpc_all,1786038156906,23.0215,4.12415,100
self_bpc_all,1786038157447,23.0216,4.12796,100
self_bpc_all,1786038157945,23.0218,4.13123,100
self_bpc_all,1786038158445,23.0219,4.14959,100
self_bpc_all,1786038158939,23.022,4.15009,100
self_bpc_all,1786038286738,23.0575,4.14312,100
self_bpc_all,1786038338476,23.0719,4.14832,100
self_bpc_all,1786038339172,23.0721,4.1489,100
self_bpc_all,1786038339880,23.0723,4.1517,100
self_bpc_all,1786038340609,23.0725,4.15256,100
self_bpc_all,1786038371100,23.081,4.15122,100
self_bpc_all,1786038371459,23.0811,4.14266,100
self_bpc_all,1786038483689,23.1123,4.14084,100
self_bpc_all,1786038572570,23.1369,4.1374,100
self_bpc_all,1786038584607,23.1403,4.13913,100
self_bpc_all,1786038600342,23.1447,4.13982,100
self_bpc_all,1786038730072,23.1807,4.13987,100
self_bpc_all,1786038730544,23.1808,4.13865,100
self_bpc_all,1786038730996,23.181,4.13889,100
self_bpc_all,1786038731448,23.1811,4.13964,100
self_bpc_all,1786038731902,23.1812,4.15434,100
self_bpc_all,1786038740507,23.1836,4.15356,100
self_bpc_all,1786038741005,23.1837,4.15294,100
self_bpc_all,1786038741470,23.1839,4.14996,100
self_bpc_all,1786038741963,23.184,4.15243,100
self_bpc_all,1786038742433,23.1841,4.1514,100
self_bpc_all,1786038845072,23.2126,4.15217,100
self_bpc_all,1786038921857,23.234,4.16191,100
self_bpc_all,1786039058390,23.2719,4.1616,100
self_bpc_all,1786039122731,23.2898,4.16975,100
self_bpc_all,1786039166386,23.3019,4.1787,100
self_bpc_all,1786039201214,23.3116,4.18842,100
self_bpc_all,1786039235811,23.3212,4.19528,100
self_bpc_all,1786039241319,23.3227,4.20551,100
self_bpc_all,1786039259731,23.3278,4.20279,100
self_bpc_all,1786039276804,23.3326,4.20515,100
self_bpc_all,1786039280272,23.3335,4.21401,100
self_bpc_all,1786039371002,23.3587,4.21302,100
self_bpc_all,1786039385135,23.3627,4.22794,100
self_bpc_all,1786039410174,23.3696,4.22369,100
self_bpc_all,1786039442226,23.3785,4.2203,100
self_bpc_all,1786039459419,23.3833,4.21345,100
self_bpc_all,1786039581527,23.4172,4.20729,100
self_bpc_all,1786039620411,23.428,4.20852,100
self_bpc_all,1786039635476,23.4322,4.20991,100
self_bpc_all,1786039663308,23.4399,4.20394,100
self_bpc_all,1786039686513,23.4464,4.20483,100
self_bpc_all,1786039687021,23.4465,4.20836,100
self_bpc_all,1786039687502,23.4466,4.20964,100
self_bpc_all,1786039688011,23.4468,4.21201,100
self_bpc_all,1786039688466,23.4469,4.21551,100
self_bpc_all,1786039942925,23.5176,4.20998,100
self_bpc_all,1786039943171,23.5177,4.21527,100
self_bpc_all,1786040223088,23.5954,4.22127,100
self_bpc_all,1786040369611,23.6361,4.21773,100
self_bpc_all,1786040476085,23.6657,4.21557,100
self_bpc_all,1786040639998,23.7112,4.20121,100
self_bpc_all,1786040709014,23.7304,4.2007,100
self_bpc_all,1786040738409,23.7386,4.19962,100
self_bpc_all,1786040790563,23.7531,4.20259,100
self_bpc_all,1786040844369,23.768,4.20739,100
self_bpc_all,1786040844978,23.7682,4.21168,100
self_bpc_all,1786040857939,23.7718,4.21771,100
self_bpc_all,1786040961753,23.8006,4.21693,100
self_bpc_all,1786040986456,23.8075,4.2141,100
self_bpc_all,1786041071389,23.8311,4.21516,100
self_bpc_all,1786041081683,23.8339,4.21611,100
self_bpc_all,1786041082348,23.8341,4.21407,100
self_bpc_all,1786041082725,23.8342,4.21169,100
self_bpc_all,1786041105361,23.8405,4.20957,100
self_bpc_all,1786041282141,23.8896,4.20357,100
self_bpc_all,1786041340473,23.9058,4.19985,100
self_bpc_all,1786041376165,23.9157,4.17579,100
self_bpc_all,1786041428303,23.9302,4.17503,100
self_bpc_all,1786041428745,23.9303,4.17515,100
self_bpc_all,1786041429217,23.9305,4.17704,100
self_bpc_all,1786041524713,23.957,4.17638,100
self_bpc_all,1786041695621,24.0045,4.17365,100
self_bpc_all,1786041875445,24.0544,4.17178,100
self_bpc_all,1786042099119,24.1165,4.17615,100
self_bpc_all,1786042403177,24.201,4.16993,100
self_bpc_all,1786042409519,24.2028,4.16583,100
self_bpc_all,1786042440095,24.2113,4.19076,100
self_bpc_all,1786042447320,24.2133,4.18426,100
self_bpc_all,1786042447655,24.2134,4.18127,100
self_bpc_all,1786042447988,24.2134,4.1831,100
self_bpc_all,1786042448330,24.2135,4.18418,100
self_bpc_all,1786042448676,24.2136,4.18487,100
self_bpc_all,1786042608609,24.2581,4.18287,100
self_bpc_all,1786042609319,24.2583,4.18597,100
self_bpc_all,1786042610048,24.2585,4.18679,100
self_bpc_all,1786042709077,24.286,4.18771,100
self_bpc_all,1786042924538,24.3458,4.18531,100
self_bpc_all,1786043314525,24.4542,4.24622,100
self_bpc_all,1786043551607,24.52,4.25174,100
self_bpc_all,1786043581748,24.5284,4.25757,100
self_bpc_all,1786043605702,24.535,4.25623,100
self_bpc_all,1786043605980,24.5351,4.26835,100
self_bpc_all,1786043606251,24.5352,4.26812,100
self_bpc_all,1786043606567,24.5353,4.2681,100
self_bpc_all,1786043668894,24.5526,4.26786,100
self_bpc_all,1786043762649,24.5786,4.2684,100
self_bpc_all,1786043854787,24.6042,4.26233,100
self_bpc_all,1786044020026,24.6501,4.25691,100
self_bpc_all,1786044260842,24.717,4.25229,100
self_bpc_all,1786044277169,24.7216,4.26251,100
self_bpc_all,1786044306608,24.7297,4.26152,100
self_bpc_all,1786044608618,24.8136,4.25813,100
self_bpc_all,1786044608856,24.8137,4.25703,100
self_bpc_all,1786044609043,24.8137,4.25613,100
self_bpc_all,1786044609238,24.8138,4.25733,100
self_bpc_all,1786044609414,24.8138,4.26447,100
self_bpc_all,1786044609600,24.8139,4.26547,100
self_bpc_all,1786044609789,24.8139,4.26615,100
self_bpc_all,1786044609960,24.814,4.26144,100
self_bpc_all,1786044610151,24.8141,4.25834,100
self_bpc_all,1786044610340,24.8141,4.25552,100
self_bpc_all,1786044620119,24.8168,4.25898,100
self_bpc_all,1786044620237,24.8169,4.2613,100
self_bpc_all,1786044620358,24.8169,4.26588,100
self_bpc_all,1786044620507,24.8169,4.2693,100
self_bpc_all,1786044769688,24.8584,4.27182,100
self_bpc_all,1786045035188,24.9321,4.27493,100
self_bpc_all,1786045191993,24.9757,4.27969,100
self_bpc_all,1786045267312,24.9966,4.27853,100
self_bpc_all,1786045303249,25.0066,4.27569,100
self_bpc_all,1786045319272,25.011,4.27144,100
self_bpc_all,1786045507116,25.0632,4.26679,100
self_bpc_all,1786045562381,25.0786,4.27386,100
self_bpc_all,1786045694305,25.1152,4.27009,100
self_bpc_all,1786045722365,25.123,4.27255,100
self_bpc_all,1786045788881,25.1415,4.27165,100
self_bpc_all,1786045797602,25.1439,4.27509,100
self_bpc_all,1786045823368,25.1511,4.26201,100
self_bpc_all,1786045840839,25.1559,4.27216,100
self_bpc_all,1786045879326,25.1666,4.26633,100
self_bpc_all,1786045879866,25.1667,4.26505,100
self_bpc_all,1786045900020,25.1723,4.26687,100
self_bpc_all,1786045940422,25.1836,4.26171,100
self_bpc_all,1786045986531,25.1964,4.26554,100
self_bpc_all,1786045987006,25.1965,4.26851,100
self_bpc_all,1786045987518,25.1967,4.27559,100
self_bpc_all,1786045988091,25.1968,4.28433,100
self_bpc_all,1786046057078,25.216,4.27779,100
self_bpc_all,1786046057558,25.2161,4.26985,100
self_bpc_all,1786046102823,25.2287,4.27318,100
self_bpc_all,1786046114974,25.2321,4.26636,100
self_bpc_all,1786046195115,25.2543,4.26322,100
self_bpc_all,1786046460456,25.328,4.24948,100
self_bpc_all,1786046460675,25.3281,4.24669,100
self_bpc_all,1786046460868,25.3281,4.24362,100
self_bpc_all,1786046461068,25.3282,4.24604,100
self_bpc_all,1786046461263,25.3282,4.24333,100
self_bpc_all,1786046461458,25.3283,4.24163,100
self_bpc_all,1786046461633,25.3284,4.24542,100
self_bpc_all,1786046542593,25.3508,4.23994,100
self_bpc_all,1786046598794,25.3665,4.25251,100
self_bpc_all,1786046741190,25.406,4.24757,100
self_bpc_all,1786046802470,25.423,4.24884,100
self_bpc_all,1786046846117,25.4352,4.2478,100
self_bpc_all,1786046960372,25.4669,4.2276,100
self_bpc_all,1786046965417,25.4683,4.22728,100
self_bpc_all,1786046984691,25.4736,4.23097,100
self_bpc_all,1786046985008,25.4737,4.23431,100
self_bpc_all,1786046997037,25.4771,4.23505,100
self_bpc_all,1786047004237,25.4791,4.23062,100
self_bpc_all,1786047065674,25.4961,4.22989,100
self_bpc_all,1786047164340,25.5235,4.22805,100
self_bpc_all,1786047210936,25.5365,4.22999,100
self_bpc_all,1786047355110,25.5765,4.23356,100
self_bpc_all,1786047355426,25.5766,4.23793,100
self_bpc_all,1786047355727,25.5767,4.23942,100
self_bpc_all,1786047356276,25.5769,4.26247,100
self_bpc_all,1786047356574,25.5769,4.26208,100
self_bpc_all,1786047391957,25.5868,4.26272,100
self_bpc_all,1786047392436,25.5869,4.26348,100
self_bpc_all,1786047424515,25.5958,4.26831,100
self_bpc_all,1786047481376,25.6116,4.26718,100
self_bpc_all,1786047488245,25.6135,4.27206,100
self_bpc_all,1786047525780,25.6239,4.27367,100
self_bpc_all,1786047526177,25.6241,4.28659,100
self_bpc_all,1786047526601,25.6242,4.29773,100
self_bpc_all,1786047526998,25.6243,4.30232,100
self_bpc_all,1786047527389,25.6244,4.3043,100
self_bpc_all,1786047527846,25.6245,4.3063,100
self_bpc_all,1786047528248,25.6246,4.30802,100
self_bpc_all,1786047528640,25.6247,4.3089,100
self_bpc_all,1786047529076,25.6249,4.30974,100
self_bpc_all,1786047691485,25.67,4.30628,100
self_bpc_all,1786047718256,25.6774,4.30295,100
self_bpc_all,1786047731530,25.6811,4.29551,100
self_bpc_all,1786047891542,25.7255,4.28546,100
self_bpc_all,1786047894649,25.7264,4.28764,100
self_bpc_all,1786047913868,25.7317,4.22396,100
self_bpc_all,1786047914507,25.7319,4.22542,100
self_bpc_all,1786047915151,25.7321,4.22814,100
self_bpc_all,1786048016538,25.7603,4.23019,100
self_bpc_all,1786048038631,25.7664,4.22669,100
self_bpc_all,1786048038933,25.7665,4.22816,100
self_bpc_all,1786048052128,25.7702,4.22905,100
self_bpc_all,1786048052674,25.7703,4.23109,100
self_bpc_all,1786048053258,25.7705,4.23129,100
self_bpc_all,1786048053795,25.7706,4.23913,100
self_bpc_all,1786048056377,25.7713,4.2435,100
self_bpc_all,1786048102993,25.7843,4.23943,100
self_bpc_all,1786048190902,25.8087,4.23528,100
self_bpc_all,1786048194534,25.8097,4.22925,100
self_bpc_all,1786048218091,25.8163,4.23399,100
self_bpc_all,1786048219484,25.8166,4.2203,100
self_bpc_all,1786048272544,25.8314,4.21814,100
self_bpc_all,1786048310136,25.8418,4.21785,100
self_bpc_all,1786048331592,25.8478,4.21293,100
self_bpc_all,1786048386624,25.8631,4.20281,100
self_bpc_all,1786048386784,25.8631,4.19944,100
self_bpc_all,1786048408545,25.8692,4.20461,100
self_bpc_all,1786048409197,25.8693,4.20817,100
self_bpc_all,1786048409906,25.8695,4.21434,100
self_bpc_all,1786048410541,25.8697,4.21362,100
self_bpc_all,1786048520906,25.9004,4.20846,100
self_bpc_all,1786048652343,25.9369,4.20678,100
self_bpc_all,1786048695336,25.9488,4.19801,100
self_bpc_all,1786048697846,25.9495,4.18593,100
self_bpc_all,1786048741735,25.9617,4.18621,100
self_bpc_all,1786048779433,25.9722,4.18452,100
self_bpc_all,1786048780440,25.9725,4.18526,100
self_bpc_all,1786048781316,25.9727,4.19246,100
self_bpc_all,1786048782319,25.973,4.19972,100
self_bpc_all,1786048783400,25.9733,4.20166,100
self_bpc_all,1786049115164,26.0654,4.20324,100
self_bpc_all,1786049139404,26.0722,4.20233,100
self_bpc_all,1786049197455,26.0883,4.19997,100
self_bpc_all,1786049197845,26.0884,4.20031,100
self_bpc_all,1786049198244,26.0885,4.20064,100
self_bpc_all,1786049198646,26.0886,4.21672,100
self_bpc_all,1786049218449,26.0941,4.21428,100
self_bpc_all,1786049430940,26.1532,4.21754,100
self_bpc_all,1786049470419,26.1641,4.22059,100
self_bpc_all,1786049491117,26.1699,4.21978,100
self_bpc_all,1786049549279,26.186,4.22204,100
self_bpc_all,1786049550617,26.1864,4.22225,100
self_bpc_all,1786049553227,26.1871,4.22269,100
self_bpc_all,1786049587795,26.1967,4.22453,100
self_bpc_all,1786049588034,26.1968,4.2254,100
self_bpc_all,1786049611038,26.2032,4.22326,100
self_bpc_all,1786049618042,26.2051,4.22999,100
self_bpc_all,1786049752491,26.2425,4.23344,100
self_bpc_all,1786049778158,26.2496,4.2379,100
self_bpc_all,1786049870899,26.2754,4.24199,100
self_bpc_all,1786049883503,26.2789,4.25539,100
self_bpc_all,1786049884056,26.279,4.25221,100
self_bpc_all,1786049964266,26.3013,4.25065,100
self_bpc_all,1786049964450,26.3014,4.25445,100
self_bpc_all,1786050338374,26.4052,4.2568,100
self_bpc_all,1786050338576,26.4053,4.2519,100
self_bpc_all,1786050354534,26.4097,4.24969,100
self_bpc_all,1786050355321,26.4099,4.26386,100
self_bpc_all,1786050540913,26.4615,4.26905,100
self_bpc_all,1786050541555,26.4617,4.28554,100
self_bpc_all,1786050587350,26.4744,4.28797,100
self_bpc_all,1786050615043,26.4821,4.28844,100
self_bpc_all,1786050694466,26.5041,4.32141,100
self_bpc_all,1786050731107,26.5143,4.32142,100
self_bpc_all,1786050760634,26.5225,4.32214,100
self_bpc_all,1786050798975,26.5332,4.31643,100
self_bpc_all,1786050839005,26.5443,4.31524,100
self_bpc_all,1786050839535,26.5444,4.3245,100
self_bpc_all,1786051092001,26.6146,4.32383,100
self_bpc_all,1786051144939,26.6293,4.32454,100
self_bpc_all,1786051212348,26.648,4.31053,100
self_bpc_all,1786051212505,26.648,4.30909,100
self_bpc_all,1786051357297,26.6883,4.31054,100
self_bpc_all,1786051359825,26.689,4.31098,100
self_bpc_all,1786051444120,26.7124,4.31126,100
self_bpc_all,1786051451401,26.7144,4.31004,100
self_bpc_all,1786051451617,26.7145,4.30902,100
self_bpc_all,1786051451947,26.7145,4.30637,100
self_bpc_all,1786051647515,26.7689,4.30667,100
self_bpc_all,1786051689872,26.7806,4.30994,100
self_bpc_all,1786051735163,26.7932,4.31848,100
self_bpc_all,1786051749204,26.7971,4.31485,100
self_bpc_all,1786051904505,26.8403,4.31045,100
self_bpc_all,1786052358551,26.9664,4.30609,100
self_bpc_all,1786052414428,26.9819,4.30712,100
self_bpc_all,1786052414965,26.9821,4.3066,100
self_bpc_all,1786052495199,27.0043,4.30608,100
self_bpc_all,1786052643473,27.0455,4.29634,100
self_bpc_all,1786052852218,27.1035,4.27192,100
self_bpc_all,1786052858842,27.1054,4.26786,100
self_bpc_all,1786052930895,27.1254,4.27366,100
self_bpc_all,1786053006550,27.1464,4.2832,100
self_bpc_all,1786053010467,27.1475,4.29251,100
self_bpc_all,1786053229776,27.2084,4.30583,100
self_bpc_all,1786053231878,27.209,4.30045,100
self_bpc_all,1786053299683,27.2278,4.2973,100
self_bpc_all,1786053441945,27.2673,4.29733,100
self_bpc_all,1786053662394,27.3286,4.29863,100
self_bpc_all,1786053662785,27.3287,4.30024,100
self_bpc_all,1786053663160,27.3288,4.30529,100
self_bpc_all,1786053663525,27.3289,4.3066,100
self_bpc_all,1786053663895,27.329,4.30684,100
self_bpc_all,1786053704633,27.3403,4.30149,100
self_bpc_all,1786053727789,27.3467,4.29876,100
self_bpc_all,1786053735639,27.3489,4.29261,100
self_bpc_all,1786053813540,27.3705,4.29683,100
self_bpc_all,1786053822542,27.373,4.30898,100
self_bpc_all,1786053828669,27.3747,4.31742,100
self_bpc_all,1786053936534,27.4047,4.32604,100
self_bpc_all,1786053941628,27.4061,4.32175,100
self_bpc_all,1786053944007,27.4068,4.34393,100
self_bpc_all,1786053944125,27.4068,4.34917,100
self_bpc_all,1786053992838,27.4204,4.35388,100
self_bpc_all,1786054005883,27.424,4.32801,100
self_bpc_all,1786054069225,27.4416,4.34095,100
self_bpc_all,1786054069486,27.4416,4.34991,100
self_bpc_all,1786054069756,27.4417,4.34599,100
self_bpc_all,1786054081781,27.4451,4.3413,100
self_bpc_all,1786054262615,27.4953,4.33528,100
self_bpc_all,1786054262906,27.4954,4.33219,100
self_bpc_all,1786054291181,27.5032,4.33037,100
self_bpc_all,1786054300516,27.5058,4.32438,100
self_bpc_all,1786054354237,27.5207,4.33771,100
self_bpc_all,1786054433999,27.5429,4.35729,100
self_bpc_all,1786054511221,27.5643,4.35606,100
self_bpc_all,1786054717794,27.6217,4.35714,100
self_bpc_all,1786054763134,27.6343,4.35758,100
self_bpc_all,1786054790221,27.6418,4.35776,100
self_bpc_all,1786054825338,27.6516,4.35795,100
self_bpc_all,1786054840759,27.6559,4.35709,100
self_bpc_all,1786054846701,27.6575,4.3562,100
self_bpc_all,1786054900715,27.6725,4.36479,100
self_bpc_all,1786055171097,27.7476,4.35448,100
self_bpc_all,1786055173655,27.7484,4.35175,100
self_bpc_all,1786055299670,27.7834,4.35245,100
self_bpc_all,1786055299984,27.7834,4.35268,100
self_bpc_all,1786055300275,27.7835,4.35354,100
self_bpc_all,1786055305675,27.785,4.35034,100
self_bpc_all,1786055328542,27.7914,4.35435,100
self_bpc_all,1786055368878,27.8026,4.35152,100
self_bpc_all,1786055370764,27.8031,4.35401,100
self_bpc_all,1786055387831,27.8079,4.35165,100
self_bpc_all,1786055490641,27.8364,4.35549,100
self_bpc_all,1786055525996,27.8462,4.35465,100
self_bpc_all,1786055695150,27.8932,4.35007,100
self_bpc_all,1786055764861,27.9126,4.3557,100
self_bpc_all,1786056059891,27.9945,4.35562,100
self_bpc_all,1786056099623,28.0056,4.35132,100
self_bpc_all,1786056246260,28.0463,4.35691,100
self_bpc_all,1786056280303,28.0558,4.35154,100
self_bpc_all,1786056394604,28.0875,4.35104,100
self_bpc_all,1786056423638,28.0956,4.35542,100
self_bpc_all,1786056638251,28.1552,4.34617,100
self_bpc_all,1786056639137,28.1554,4.34844,100
self_bpc_all,1786056639942,28.1557,4.34984,100
self_bpc_all,1786056640722,28.1559,4.35991,100
self_bpc_all,1786056666211,28.163,4.3613,100
self_bpc_all,1786056667507,28.1633,4.35815,100
self_bpc_all,1786056668825,28.1637,4.36143,100
self_bpc_all,1786056670111,28.164,4.35911,100
self_bpc_all,1786056671399,28.1644,4.35722,100
self_bpc_all,1786056672722,28.1648,4.35642,100
self_bpc_all,1786056673992,28.1651,4.35289,100
self_bpc_all,1786056675310,28.1655,4.35359,100
self_bpc_all,1786056676595,28.1658,4.35424,100
self_bpc_all,1786056677980,28.1662,4.35625,100
self_bpc_all,1786056679276,28.1666,4.3571,100
self_bpc_all,1786056680559,28.1669,4.35506,100
self_bpc_all,1786056681848,28.1673,4.35637,100
self_bpc_all,1786056683180,28.1677,4.35726,100
self_bpc_all,1786056684503,28.168,4.37153,100
self_bpc_all,1786056685790,28.1684,4.37458,100
self_bpc_all,1786056687203,28.1688,4.37151,100
self_bpc_all,1786056688518,28.1692,4.36915,100
self_bpc_all,1786056879296,28.2221,4.37062,100
self_bpc_all,1786056892531,28.2258,4.3759,100
self_bpc_all,1786056906787,28.2298,4.36668,100
self_bpc_all,1786057271491,28.3311,4.36691,100
self_bpc_all,1786057398756,28.3664,4.36445,100
self_bpc_all,1786057475432,28.3877,4.35974,100
self_bpc_all,1786057652585,28.4369,4.35405,100
self_bpc_all,1786057813022,28.4815,4.35467,100
self_bpc_all,1786057887989,28.5023,4.35854,100
self_bpc_all,1786057991095,28.531,4.36244,100
self_bpc_all,1786058000520,28.5336,4.35933,100
self_bpc_all,1786058147770,28.5745,4.36014,100
self_bpc_all,1786058148322,28.5747,4.36043,100
self_bpc_all,1786058148925,28.5748,4.37421,100
self_bpc_all,1786058149519,28.575,4.41068,100
self_bpc_all,1786058264060,28.6068,4.41827,100
self_bpc_all,1786058500328,28.6724,4.42021,100
self_bpc_all,1786058656401,28.7158,4.4184,100
self_bpc_all,1786058841230,28.7671,4.41436,100
self_bpc_all,1786058890526,28.7808,4.40595,100
self_bpc_all,1786058930697,28.792,4.41245,100
self_bpc_all,1786059067317,28.8299,4.42058,100
self_bpc_all,1786059067661,28.83,4.42486,100
self_bpc_all,1786059068014,28.8301,4.42856,100
self_bpc_all,1786059068359,28.8302,4.42862,100
self_bpc_all,1786059068701,28.8303,4.42988,100
self_bpc_all,1786059069067,28.8304,4.42927,100
self_bpc_all,1786059069426,28.8305,4.42984,100
self_bpc_all,1786059069772,28.8306,4.43973,100
self_bpc_all,1786059070119,28.8307,4.44552,100
self_bpc_all,1786059070463,28.8308,4.45677,100
self_bpc_all,1786059070816,28.8309,4.45752,100
self_bpc_all,1786059071178,28.831,4.461,100
self_bpc_all,1786059071535,28.8311,4.4621,100
self_bpc_all,1786059119123,28.8443,4.46463,100
self_bpc_all,1786059214657,28.8709,4.46392,100
self_bpc_all,1786059681699,29.0006,4.45032,100
self_bpc_all,1786059682493,29.0008,4.44336,100
self_bpc_all,1786060047103,29.1021,4.43965,100
self_bpc_all,1786060421778,29.2062,4.49261,100
self_bpc_all,1786060443504,29.2122,4.50147,100
self_bpc_all,1786060463995,29.2179,4.51239,100
self_bpc_all,1786060579986,29.2501,4.51951,100
self_bpc_all,1786060584274,29.2513,4.50154,100
self_bpc_all,1786060584318,29.2513,4.50917,100
self_bpc_all,1786060592858,29.2537,4.51372,100
self_bpc_all,1786060604503,29.2569,4.5139,100
self_bpc_all,1786060690205,29.2807,4.52429,100
self_bpc_all,1786060705666,29.285,4.5208,100
self_bpc_all,1786060765769,29.3017,4.50917,100
self_bpc_all,1786060853292,29.326,4.50586,100
self_bpc_all,1786060853505,29.3261,4.49533,100
self_bpc_all,1786060853722,29.3262,4.49208,100
self_bpc_all,1786060861068,29.3282,4.49501,100
self_bpc_all,1786060888803,29.3359,4.4962,100
self_bpc_all,1786060927738,29.3467,4.48242,100
self_bpc_all,1786060932258,29.348,4.43387,100
self_bpc_all,1786061013815,29.3706,4.43312,100
self_bpc_all,1786061014885,29.3709,4.44785,100
self_bpc_all,1786061015978,29.3712,4.45049,100
self_bpc_all,1786061073591,29.3872,4.41307,100
self_bpc_all,1786061092726,29.3925,4.40694,100
self_bpc_all,1786061112722,29.3981,4.40594,100
self_bpc_all,1786061113618,29.3983,4.41441,100
self_bpc_all,1786061201186,29.4227,4.40191,100
self_bpc_all,1786061218864,29.4276,4.40589,100
self_bpc_all,1786061246300,29.4352,4.41214,100
self_bpc_all,1786061246353,29.4352,4.41191,100
self_bpc_all,1786061247370,29.4355,4.41132,100
self_bpc_all,1786061410755,29.4809,4.40201,100
self_bpc_all,1786061528448,29.5136,4.41108,100
self_bpc_all,1786061529132,29.5138,4.41825,100
self_bpc_all,1786061529714,29.5139,4.41998,100
self_bpc_all,1786061530312,29.5141,4.42744,100
self_bpc_all,1786061530891,29.5143,4.42503,100
self_bpc_all,1786061531458,29.5144,4.42853,100
self_bpc_all,1786061991699,29.6423,4.39879,100
self_bpc_all,1786062184308,29.6958,4.40388,100
self_bpc_all,1786062185410,29.6961,4.42847,100
self_bpc_all,1786062226799,29.7076,4.41355,100
self_bpc_all,1786062226985,29.7076,4.39281,100
self_bpc_all,1786062227144,29.7077,4.38565,100
self_bpc_all,1786062227305,29.7077,4.37024,100
self_bpc_all,1786062227462,29.7077,4.36291,100
self_bpc_all,1786062227646,29.7078,4.35688,100
self_bpc_all,1786062227806,29.7078,4.34899,100
self_bpc_all,1786062255354,29.7155,4.34848,100
self_bpc_all,1786062285250,29.7238,4.35198,100
self_bpc_all,1786062286831,29.7242,4.35482,100
self_bpc_all,1786062288397,29.7247,4.35633,100
self_bpc_all,1786062289963,29.7251,4.35869,100
self_bpc_all,1786062291575,29.7256,4.36133,100
self_bpc_all,1786062293176,29.726,4.36373,100
self_bpc_all,1786062294778,29.7264,4.36621,100
self_bpc_all,1786062296372,29.7269,4.36792,100
self_bpc_all,1786062297956,29.7273,4.37084,100
self_bpc_all,1786062299520,29.7278,4.37215,100
self_bpc_all,1786062301074,29.7282,4.37444,100
self_bpc_all,1786062302660,29.7286,4.37672,100
self_bpc_all,1786062304264,29.7291,4.37888,100
self_bpc_all,1786062334119,29.7374,4.37304,100
self_bpc_all,1786062452834,29.7704,4.37054,100
self_bpc_all,1786062481328,29.7783,4.35586,100
self_bpc_all,1786062593377,29.8094,4.35575,100
self_bpc_all,1786062642621,29.8231,4.34538,100
self_bpc_all,1786062709800,29.8417,4.34487,100
self_bpc_all,1786062788588,29.8636,4.32409,100
self_bpc_all,1786062832084,29.8757,4.32605,100
self_bpc_all,1786062916623,29.8992,4.32917,100
self_bpc_all,1786062975503,29.9155,4.32317,100
self_bpc_all,1786063202666,29.9786,4.32565,100
self_bpc_all,1786063258449,29.9941,4.32417,100
self_bpc_all,1786063263013,29.9954,4.32232,100
self_bpc_all,1786063270834,29.9976,4.32057,100
self_bpc_all,1786063274512,29.9986,4.31905,100
self_bpc_all,1786063299383,30.0055,4.30606,100
self_bpc_all,1786063340858,30.017,4.30474,100
self_bpc_all,1786063348256,30.0191,4.30469,100
self_bpc_all,1786063360781,30.0226,4.29974,100
self_bpc_all,1786063398287,30.033,4.30208,100
self_bpc_all,1786063753134,30.1315,4.3038,100
self_bpc_all,1786063759615,30.1333,4.28768,100
self_bpc_all,1786063883943,30.1679,4.28439,100
self_bpc_all,1786063900861,30.1726,4.27587,100
self_bpc_all,1786064265445,30.2739,4.2756,100
self_bpc_all,1786064286748,30.2798,4.27339,100
self_bpc_all,1786064327635,30.2911,4.26974,100
self_bpc_all,1786064337388,30.2938,4.26794,100
self_bpc_all,1786064344011,30.2957,4.26571,100
self_bpc_all,1786064351861,30.2979,4.26522,100
self_bpc_all,1786064376550,30.3047,4.26352,100
self_bpc_all,1786064386908,30.3076,4.25,100
self_bpc_all,1786064536271,30.3491,4.24854,100
self_bpc_all,1786064642159,30.3785,4.25028,100
self_bpc_all,1786064659456,30.3833,4.24942,100
self_bpc_all,1786064667997,30.3857,4.23767,100
self_bpc_all,1786064669056,30.386,4.24189,100
self_bpc_all,1786064669121,30.386,4.24488,100
self_bpc_all,1786064670097,30.3863,4.23955,100
self_bpc_all,1786064823381,30.4288,4.23691,100
self_bpc_all,1786064968556,30.4692,4.23673,100
self_bpc_all,1786064971813,30.4701,4.23536,100
self_bpc_all,1786064986498,30.4741,4.23562,100
self_bpc_all,1786065056336,30.4935,4.2447,100
self_bpc_all,1786065064636,30.4959,4.23817,100
self_bpc_all,1786065119094,30.511,4.23782,100
self_bpc_all,1786065121023,30.5115,4.23057,100
self_bpc_all,1786065142586,30.5175,4.22403,100
self_bpc_all,1786065145456,30.5183,4.22393,100
self_bpc_all,1786065146621,30.5186,4.22775,100
self_bpc_all,1786065168763,30.5248,4.21291,100
self_bpc_all,1786065175263,30.5266,4.21388,100
self_bpc_all,1786065191185,30.531,4.21356,100
self_bpc_all,1786065206033,30.5351,4.20401,100
self_bpc_all,1786065302065,30.5618,4.20109,100
self_bpc_all,1786065359120,30.5777,4.20834,100
self_bpc_all,1786065480138,30.6113,4.22961,100
self_bpc_all,1786065485909,30.6129,4.22738,100
self_bpc_all,1786065518364,30.6219,4.22323,100
self_bpc_all,1786065528377,30.6247,4.21696,100
self_bpc_all,1786065610262,30.6474,4.22625,100
self_bpc_all,1786065610451,30.6475,4.22038,100
self_bpc_all,1786065610714,30.6475,4.21144,100
self_bpc_all,1786065633372,30.6538,4.20815,100
self_bpc_all,1786065673388,30.6649,4.21195,100
self_bpc_all,1786065674015,30.6651,4.21223,100
self_bpc_all,1786065675781,30.6656,4.19628,100
self_bpc_all,1786065710276,30.6752,4.19339,100
self_bpc_all,1786065829889,30.7084,4.19121,100
self_bpc_all,1786065841976,30.7118,4.19358,100
self_bpc_all,1786065852044,30.7146,4.19548,100
self_bpc_all,1786065927593,30.7356,4.19627,100
self_bpc_all,1786066058443,30.7719,4.19474,100
self_bpc_all,1786066149812,30.7973,4.18894,100
self_bpc_all,1786066230195,30.8196,4.18876,100
self_bpc_all,1786066230813,30.8198,4.19091,100
self_bpc_all,1786066231430,30.82,4.20912,100
self_bpc_all,1786066232051,30.8201,4.20717,100
self_bpc_all,1786066391148,30.8643,4.19935,100
self_bpc_all,1786066515662,30.8989,4.20139,100
self_bpc_all,1786066576807,30.9159,4.20861,100
self_bpc_all,1786066637762,30.9328,4.21119,100
self_bpc_all,1786066644440,30.9347,4.21659,100
self_bpc_all,1786066703133,30.951,4.20636,100
self_bpc_all,1786066732399,30.9591,4.20871,100
self_bpc_all,1786066908371,31.008,4.20981,100
self_bpc_all,1786066908888,31.0081,4.2065,100
self_bpc_all,1786066909382,31.0083,4.20292,100
self_bpc_all,1786066909776,31.0084,4.19506,100
self_bpc_all,1786066910152,31.0085,4.1901,100
self_bpc_all,1786066923431,31.0122,4.19254,100
self_bpc_all,1786067184741,31.0848,4.19272,100
self_bpc_all,1786067185236,31.0849,4.19259,100
self_bpc_all,1786067205079,31.0904,4.17905,100
self_bpc_all,1786067272707,31.1092,4.17459,100
self_bpc_all,1786067279532,31.1111,4.16749,100
self_bpc_all,1786067285885,31.1129,4.16461,100
self_bpc_all,1786067288881,31.1137,4.16366,100
self_bpc_all,1786067305173,31.1182,4.16508,100
self_bpc_all,1786067325929,31.124,4.16668,100
self_bpc_all,1786067449929,31.1584,4.156,100
self_bpc_all,1786067566211,31.1907,4.1513,100
self_bpc_all,1786067606792,31.202,4.16179,100
self_bpc_all,1786067668762,31.2192,4.145,100
self_bpc_all,1786067702913,31.2287,4.13908,100
self_bpc_all,1786067707357,31.2299,4.13262,100
self_bpc_all,1786067750523,31.2419,4.13634,100
self_bpc_all,1786067773977,31.2484,4.1289,100
self_bpc_all,1786067828363,31.2636,4.12729,100
self_bpc_all,1786067873830,31.2762,4.10858,100
self_bpc_all,1786067921551,31.2894,4.10699,100
self_bpc_all,1786068016916,31.3159,4.10767,100
self_bpc_all,1786068130586,31.3475,4.09863,100
self_bpc_all,1786068168374,31.358,4.09932,100
self_bpc_all,1786068169587,31.3583,4.10026,100
self_bpc_all,1786068170745,31.3587,4.10658,100
self_bpc_all,1786068217010,31.3715,4.10126,100
self_bpc_all,1786068357155,31.4104,4.09718,100
self_bpc_all,1786068426902,31.4298,4.09649,100
self_bpc_all,1786068446416,31.4352,4.09028,100
self_bpc_all,1786068498777,31.4498,4.08314,100
self_bpc_all,1786068513801,31.454,4.0826,100
self_bpc_all,1786068540119,31.4613,4.0765,100
self_bpc_all,1786068568219,31.4691,4.07122,100
self_bpc_all,1786068654967,31.4932,4.06424,100
self_bpc_all,1786068659900,31.4945,4.06085,100
self_bpc_all,1786068666741,31.4964,4.05869,100
self_bpc_all,1786068673384,31.4983,4.05813,100
self_bpc_all,1786068691390,31.5033,4.05157,100
self_bpc_all,1786068712936,31.5093,4.04291,100
self_bpc_all,1786068730082,31.514,4.0355,100
self_bpc_all,1786068731588,31.5144,4.03714,100
self_bpc_all,1786068839005,31.5443,4.03491,100
self_bpc_all,1786068928719,31.5692,4.03144,100
self_bpc_all,1786068928891,31.5693,4.03047,100
self_bpc_all,1786068929058,31.5693,4.03473,100
self_bpc_all,1786068950012,31.5751,4.03356,100
self_bpc_all,1786068950184,31.5752,4.03295,100
self_bpc_all,1786068950356,31.5752,4.03356,100
self_bpc_all,1786068963974,31.579,4.03297,100
self_bpc_all,1786068964143,31.579,4.03278,100
self_bpc_all,1786068964311,31.5791,4.0318,100
self_bpc_all,1786068978104,31.5829,4.02888,100
self_bpc_all,1786068978266,31.583,4.02823,100
self_bpc_all,1786068978435,31.583,4.03132,100
self_bpc_all,1786068978614,31.5831,4.02926,100
self_bpc_all,1786068982052,31.584,4.02805,100
self_bpc_all,1786069014700,31.5931,4.03348,100
self_bpc_all,1786069017771,31.5939,4.03174,100
self_bpc_all,1786069017941,31.594,4.03107,100
self_bpc_all,1786069018105,31.594,4.03981,100
self_bpc_all,1786069018271,31.5941,4.04056,100
self_bpc_all,1786069117199,31.6216,4.03388,100
self_bpc_all,1786069119902,31.6223,4.04478,100
self_bpc_all,1786069120473,31.6225,4.04754,100
self_bpc_all,1786069215176,31.6488,4.03573,100
self_bpc_all,1786069360702,31.6892,4.03408,100
self_bpc_all,1786069371880,31.6923,4.03399,100
self_bpc_all,1786069407634,31.7022,4.03538,100
self_bpc_all,1786069611746,31.7589,4.03125,100
self_bpc_all,1786069631003,31.7643,4.03175,100
self_bpc_all,1786069781844,31.8062,4.02751,100
self_bpc_all,1786069858955,31.8276,4.02829,100
self_bpc_all,1786069897991,31.8385,4.01579,100
self_bpc_all,1786069917534,31.8439,4.01593,100
self_bpc_all,1786069937975,31.8496,4.01502,100
self_bpc_all,1786069950188,31.8529,4.02267,100
self_bpc_all,1786069953287,31.8538,4.02593,100
self_bpc_all,1786069959334,31.8555,4.02663,100
self_bpc_all,1786069969637,31.8584,4.0272,100
self_bpc_all,1786069981203,31.8616,4.02512,100
self_bpc_all,1786069993256,31.8649,4.02714,100
self_bpc_all,1786070001347,31.8672,4.02711,100
self_bpc_all,1786070015362,31.8711,4.02862,100
self_bpc_all,1786070137035,31.9049,4.03197,100
self_bpc_all,1786070213960,31.9262,4.01774,100
self_bpc_all,1786070214593,31.9264,4.00574,100
self_bpc_all,1786070215179,31.9266,3.9831,100
self_bpc_all,1786070215755,31.9267,3.96743,100
self_bpc_all,1786070329813,31.9584,3.97009,100
self_bpc_all,1786070377281,31.9716,3.97188,100
self_bpc_all,1786070456865,31.9937,3.96979,100
self_bpc_all,1786070670210,32.053,3.96401,100
self_bpc_all,1786070757407,32.0772,3.9654,100
self_bpc_all,1786070763811,32.079,3.96863,100
self_bpc_all,1786070789874,32.0862,3.96833,100
self_bpc_all,1786070799061,32.0887,3.97021,100
self_bpc_all,1786070803033,32.0899,3.97014,100
self_bpc_all,1786070949220,32.1305,3.97433,100
self_bpc_all,1786070949928,32.1307,3.97558,100
self_bpc_all,1786071246134,32.2129,3.97358,100
self_bpc_all,1786071402135,32.2563,3.97284,100
self_bpc_all,1786071849606,32.3806,3.97284,100
self_bpc_all,1786071850107,32.3807,3.97903,100
self_bpc_all,1786071850541,32.3808,3.98113,100
self_bpc_all,1786071850972,32.3809,3.98424,100
self_bpc_all,1786071851456,32.3811,3.98496,100
self_bpc_all,1786071851923,32.3812,3.9852,100
self_bpc_all,1786071852351,32.3813,3.98241,100
self_bpc_all,1786071852820,32.3815,3.98004,100
self_bpc_all,1786071853278,32.3816,3.98761,100
self_bpc_all,1786071853300,32.3816,3.98449,100
self_bpc_all,1786071853720,32.3817,3.98543,100
self_bpc_all,1786072091960,32.4479,3.99289,100
self_bpc_all,1786072187270,32.4744,3.99663,100
self_bpc_all,1786072239745,32.4889,3.9989,100
self_bpc_all,1786072240515,32.4892,4.00384,100
self_bpc_all,1786072241233,32.4894,4.00869,100
self_bpc_all,1786072277144,32.4993,4.00773,100
self_bpc_all,1786072323292,32.5121,4.02279,100
self_bpc_all,1786072324245,32.5124,4.02219,100
self_bpc_all,1786072333721,32.515,4.0205,100
self_bpc_all,1786072334117,32.5152,4.02568,100
self_bpc_all,1786072334498,32.5153,4.02399,100
self_bpc_all,1786072334899,32.5154,4.02248,100
self_bpc_all,1786072335289,32.5155,4.02172,100
self_bpc_all,1786072365838,32.524,4.02522,100
self_bpc_all,1786072366053,32.524,4.02713,100
self_bpc_all,1786072366269,32.5241,4.03042,100
self_bpc_all,1786072366492,32.5241,4.03565,100
self_bpc_all,1786072366701,32.5242,4.04046,100
self_bpc_all,1786072400657,32.5336,4.04679,100
self_bpc_all,1786072410513,32.5364,4.04898,100
self_bpc_all,1786072454386,32.5486,4.05753,100
self_bpc_all,1786072455319,32.5488,4.06652,100
self_bpc_all,1786072547559,32.5744,4.07126,100
self_bpc_all,1786072548244,32.5746,4.07681,100
self_bpc_all,1786072548906,32.5748,4.07787,100
self_bpc_all,1786072549580,32.575,4.08608,100
self_bpc_all,1786072656385,32.6047,4.0966,100
self_bpc_all,1786072656785,32.6048,4.10955,100
self_bpc_all,1786072691018,32.6143,4.11496,100
self_bpc_all,1786072881574,32.6672,4.12387,100
self_bpc_all,1786072989164,32.6971,4.12441,100
self_bpc_all,1786072989409,32.6972,4.12567,100
self_bpc_all,1786072989619,32.6972,4.12527,100
self_bpc_all,1786072989811,32.6973,4.12682,100
self_bpc_all,1786072990282,32.6974,4.11142,100
self_bpc_all,1786073180774,32.7503,4.11251,100
self_bpc_all,1786073181710,32.7506,4.11394,100
self_bpc_all,1786073182639,32.7509,4.11412,100
self_bpc_all,1786073183572,32.7511,4.11611,100
self_bpc_all,1786073184502,32.7514,4.11847,100
self_bpc_all,1786073221268,32.7616,4.12099,100
self_bpc_all,1786073226264,32.763,4.1188,100
self_bpc_all,1786073316861,32.7881,4.12024,100
self_bpc_all,1786073326335,32.7908,4.13286,100
self_bpc_all,1786073335015,32.7932,4.12955,100
self_bpc_all,1786073448848,32.8248,4.12922,100
self_bpc_all,1786073457903,32.8273,4.13082,100
self_bpc_all,1786073531267,32.8477,4.10784,100
self_bpc_all,1786073662436,32.8841,4.10462,100
self_bpc_all,1786073691835,32.8923,4.10939,100
self_bpc_all,1786073721159,32.9004,4.10189,100
self_bpc_all,1786073728689,32.9025,4.09858,100
self_bpc_all,1786073763041,32.9121,4.09919,100
self_bpc_all,1786073765068,32.9126,4.09052,100
self_bpc_all,1786073855085,32.9376,4.08196,100
self_bpc_all,1786073894105,32.9485,4.07744,100
self_bpc_all,1786073913351,32.9538,4.07213,100
self_bpc_all,1786073928539,32.958,4.07701,100
self_bpc_all,1786073962524,32.9675,4.08863,100
self_bpc_all,1786073980678,32.9725,4.07974,100
self_bpc_all,1786073984831,32.9737,4.08487,100
self_bpc_all,1786074041396,32.9894,4.08143,100
self_bpc_all,1786074049745,32.9917,4.07244,100
self_bpc_all,1786074115245,33.0099,4.0678,100
self_bpc_all,1786074137703,33.0161,4.05998,100
self_bpc_all,1786074220192,33.0391,4.05715,100
self_bpc_all,1786074270991,33.0532,4.05608,100
self_bpc_all,1786074281073,33.056,4.05013,100
self_bpc_all,1786074293392,33.0594,4.04175,100
self_bpc_all,1786074362652,33.0786,4.03674,100
self_bpc_all,1786074378982,33.0832,4.03446,100
self_bpc_all,1786074456101,33.1046,4.02905,100
self_bpc_all,1786074495261,33.1155,4.04362,100
self_bpc_all,1786074521699,33.1228,4.0524,100
self_bpc_all,1786074538768,33.1276,4.07562,100
self_bpc_all,1786074555420,33.1322,4.09722,100
self_bpc_all,1786074617845,33.1495,4.09429,100
self_bpc_all,1786074827189,33.2077,4.08423,100
self_bpc_all,1786074958477,33.2441,4.0801,100
self_bpc_all,1786075138609,33.2942,4.09325,100
self_bpc_all,1786075150581,33.2975,4.09448,100
self_bpc_all,1786075194071,33.3096,4.09231,100
self_bpc_all,1786075221085,33.3171,4.09696,100
self_bpc_all,1786075236339,33.3213,4.0928,100
self_bpc_all,1786075249405,33.325,4.08682,100
self_bpc_all,1786075272110,33.3313,4.08583,100
self_bpc_all,1786075272284,33.3313,4.08544,100
self_bpc_all,1786075482906,33.3898,4.07993,100
self_bpc_all,1786075800432,33.478,4.07801,100
self_bpc_all,1786075993139,33.5315,4.06596,100
self_bpc_all,1786076209032,33.5915,4.05736,100
self_bpc_all,1786076209455,33.5916,4.05604,100
self_bpc_all,1786076317917,33.6218,4.05103,100
self_bpc_all,1786076536351,33.6824,4.03561,100
self_bpc_all,1786076835576,33.7656,4.03591,100
self_bpc_all,1786077033196,33.8205,4.03575,100
self_bpc_all,1786077173721,33.8595,4.03511,100
self_bpc_all,1786077174780,33.8598,4.03528,100
self_bpc_all,1786077223762,33.8734,4.03627,100
self_bpc_all,1786077583935,33.9734,4.03321,100
self_bpc_all,1786077618884,33.9831,4.02941,100
self_bpc_all,1786077789782,34.0306,4.02846,100
self_bpc_all,1786077865545,34.0517,4.02493,100
self_bpc_all,1786077938738,34.072,4.01886,100
self_bpc_all,1786078151219,34.131,4.01386,100
self_bpc_all,1786078170129,34.1363,4.01382,100
self_bpc_all,1786078190172,34.1418,4.01373,100
self_bpc_all,1786078191397,34.1422,4.01455,100
self_bpc_all,1786078444917,34.2126,4.01721,100
self_bpc_all,1786078610784,34.2587,4.02065,100
self_bpc_all,1786078880143,34.3335,4.02745,100
self_bpc_all,1786078933115,34.3482,4.03112,100
self_bpc_all,1786079867719,34.6078,4.03053,100
self_bpc_all,1786080048862,34.6581,4.0325,100
self_bpc_all,1786080049170,34.6582,4.03463,100
self_bpc_all,1786080049471,34.6583,4.03755,100
self_bpc_all,1786080429582,34.7639,4.03814,100
self_bpc_all,1786080633926,34.8207,4.03789,100
self_bpc_all,1786080770276,34.8585,4.03704,100
self_bpc_all,1786080770570,34.8586,4.03875,100
self_bpc_all,1786080939068,34.9054,4.03675,100
self_bpc_all,1786081389068,35.0304,4.03775,100
self_bpc_all,1786081391360,35.0311,4.03645,100
self_bpc_all,1786081393727,35.0317,4.03391,100
self_bpc_all,1786081569593,35.0806,4.0354,100
self_bpc_all,1786081636560,35.0992,4.03579,100
self_bpc_all,1786081636972,35.0993,4.03528,100
self_bpc_all,1786081637467,35.0994,4.03592,100
self_bpc_all,1786081642092,35.1007,4.03589,100
self_bpc_all,1786081778202,35.1385,4.02903,100
self_bpc_all,1786081837280,35.1549,4.0297,100
self_bpc_all,1786081903028,35.1732,4.02707,100
self_bpc_all,1786082208902,35.2581,4.02642,100
self_bpc_all,1786082209403,35.2583,4.02689,100
self_bpc_all,1786082343482,35.2955,4.032,100
self_bpc_all,1786082466750,35.3298,4.0307,100
self_bpc_all,1786082490653,35.3364,4.03119,100
self_bpc_all,1786082661343,35.3838,4.0328,100
self_bpc_all,1786082675622,35.3878,4.03205,100
self_bpc_all,1786082961463,35.4672,4.02775,100
self_bpc_all,1786083044505,35.4903,4.02501,100
self_bpc_all,1786083194850,35.532,4.01899,100
self_bpc_all,1786083347745,35.5745,4.01892,100
self_bpc_all,1786083372295,35.5813,4.01602,100
self_bpc_all,1786083704160,35.6735,4.01495,100
self_bpc_all,1786084033643,35.765,4.01627,100
self_bpc_all,1786084285608,35.835,4.01411,100
self_bpc_all,1786084376743,35.8603,4.02542,100
self_bpc_all,1786084394588,35.8653,4.02645,100
self_bpc_all,1786084419120,35.8721,4.02876,100
self_bpc_all,1786084537855,35.9051,4.02862,100
self_bpc_all,1786084539143,35.9054,4.02766,100
self_bpc_all,1786084540386,35.9058,4.03641,100
self_bpc_all,1786084727401,35.9577,4.04449,100
self_bpc_all,1786084764259,35.968,4.05067,100
self_bpc_all,1786084764734,35.9681,4.05608,100
self_bpc_all,1786084765332,35.9683,4.06639,100
self_bpc_all,1786084801696,35.9784,4.06546,100
self_bpc_all,1786084804029,35.979,4.06525,100
self_bpc_all,1786084806393,35.9797,4.07521,100
self_bpc_all,1786084808751,35.9803,4.08266,100
self_bpc_all,1786084846240,35.9907,4.08456,100
self_bpc_all,1786084865638,35.9961,4.09185,100
self_bpc_all,1786084866097,35.9963,4.09724,100
self_bpc_all,1786085178829,36.0831,4.10146,100
self_bpc_all,1786085259752,36.1056,4.10525,100
self_bpc_all,1786085564082,36.1901,4.10344,100
self_bpc_all,1786086104955,36.3404,4.10788,100
self_bpc_all,1786086186931,36.3632,4.11316,100
self_bpc_all,1786086258627,36.3831,4.11623,100
self_bpc_all,1786086277427,36.3883,4.11101,100
self_bpc_all,1786086801292,36.5338,4.11194,100
self_bpc_all,1786086803360,36.5344,4.10591,100
self_bpc_all,1786087279154,36.6666,4.11383,100
self_bpc_all,1786087287826,36.669,4.11791,100
self_bpc_all,1786087294617,36.6708,4.11992,100
self_bpc_all,1786087348239,36.6857,4.1229,100
self_bpc_all,1786087353168,36.6871,4.1336,100
self_bpc_all,1786087505241,36.7294,4.13718,100
self_bpc_all,1786087576660,36.7492,4.13556,100
self_bpc_all,1786087597463,36.755,4.13803,100
self_bpc_all,1786087598248,36.7552,4.13744,100
self_bpc_all,1786087599108,36.7554,4.13263,100
self_bpc_all,1786087653573,36.7706,4.1387,100
self_bpc_all,1786087658685,36.772,4.14623,100
self_bpc_all,1786087718644,36.7886,4.14685,100
self_bpc_all,1786087761199,36.8005,4.14681,100
self_bpc_all,1786087781504,36.8061,4.15394,100
self_bpc_all,1786087812195,36.8146,4.15822,100
self_bpc_all,1786087824153,36.8179,4.16943,100
self_bpc_all,1786087836300,36.8213,4.17797,100
self_bpc_all,1786087847420,36.8244,4.18001,100
self_bpc_all,1786088039453,36.8777,4.18382,100
self_bpc_all,1786088040719,36.8781,4.20159,100
self_bpc_all,1786088041864,36.8784,4.20016,100
self_bpc_all,1786088043071,36.8788,4.20346,100
self_bpc_all,1786088407407,36.98,4.20083,100
self_bpc_all,1786088409778,36.9806,4.19762,100
self_bpc_all,1786088573427,37.0261,4.20046,100
self_bpc_all,1786088594103,37.0318,4.20611,100
self_bpc_all,1786088600856,37.0337,4.21514,100
self_bpc_all,1786088874261,37.1096,4.21484,100
self_bpc_all,1786088908261,37.1191,4.22538,100
self_bpc_all,1786089122658,37.1786,4.23069,100
self_bpc_all,1786089140272,37.1835,4.23352,100
self_bpc_all,1786089202135,37.2007,4.23042,100
self_bpc_all,1786089323441,37.2344,4.21517,100
self_bpc_all,1786089352709,37.2425,4.2096,100
self_bpc_all,1786089421931,37.2618,4.20339,100
self_bpc_all,1786089532179,37.2924,4.19882,100
self_bpc_all,1786089573479,37.3039,4.19189,100
self_bpc_all,1786090355983,37.5212,4.18697,100
self_bpc_all,1786090421891,37.5395,4.1894,100
self_bpc_all,1786090450001,37.5473,4.1854,100
self_bpc_all,1786090478220,37.5552,4.18384,100
self_bpc_all,1786090517375,37.5661,4.18275,100
self_bpc_all,1786090528364,37.5691,4.18486,100
self_bpc_all,1786090541500,37.5728,4.18873,100
self_bpc_all,1786090560460,37.578,4.18733,100
self_bpc_all,1786090736018,37.6268,4.18594,100
self_bpc_all,1786090756725,37.6325,4.18459,100
self_bpc_all,1786090826056,37.6518,4.18176,100
self_bpc_all,1786090859945,37.6612,4.18249,100
self_bpc_all,1786090907716,37.6745,4.18955,100
self_bpc_all,1786090923961,37.679,4.19336,100
self_bpc_all,1786091211894,37.759,4.19028,100
self_bpc_all,1786091221447,37.7616,4.18942,100
self_bpc_all,1786091222990,37.7621,4.18215,100
self_bpc_all,1786091223473,37.7622,4.17594,100
self_bpc_all,1786091230422,37.7641,4.18378,100
self_bpc_all,1786091269131,37.7749,4.18314,100
self_bpc_all,1786091294900,37.782,4.18657,100
self_bpc_all,1786091307437,37.7855,4.18888,100
self_bpc_all,1786091368816,37.8026,4.18895,100
self_bpc_all,1786091459392,37.8277,4.18916,100
self_bpc_all,1786091474517,37.8319,4.19226,100
self_bpc_all,1786091479250,37.8332,4.18925,100
self_bpc_all,1786091485438,37.835,4.18297,100
self_bpc_all,1786091487337,37.8355,4.17887,100
self_bpc_all,1786091540103,37.8501,4.17728,100
self_bpc_all,1786091557506,37.855,4.1769,100
self_bpc_all,1786091583601,37.8622,4.18376,100
self_bpc_all,1786091627950,37.8745,4.18137,100
self_bpc_all,1786091657484,37.8828,4.18316,100
self_bpc_all,1786091672570,37.8869,4.18152,100
self_bpc_all,1786092944643,38.2403,4.18095,100
self_bpc_all,1786092945870,38.2406,4.18608,100
self_bpc_all,1786092947088,38.241,4.18789,100
self_bpc_all,1786093558655,38.4109,4.18762,100
self_bpc_all,1786093593477,38.4205,4.18965,100
self_bpc_all,1786093599433,38.4222,4.19126,100
self_bpc_all,1786093606025,38.424,4.19332,100
self_bpc_all,1786093680684,38.4448,4.19386,100
self_bpc_all,1786094639787,38.7112,4.17904,100
self_bpc_all,1786094959915,38.8001,4.17693,100
self_bpc_all,1786095039136,38.8221,4.17057,100
self_bpc_all,1786095099716,38.8389,4.16521,100
self_bpc_all,1786095227892,38.8745,4.15839,100
self_bpc_all,1786095311697,38.8978,4.15828,100
self_bpc_all,1786095312088,38.8979,4.15829,100
self_bpc_all,1786095404048,38.9235,4.15555,100
self_bpc_all,1786095604469,38.9791,4.15628,100
self_bpc_all,1786096304672,39.1736,4.15838,100
self_bpc_all,1786096403696,39.2011,4.15756,100
self_bpc_all,1786096930302,39.3474,4.15967,100
self_bpc_all,1786097226474,39.4297,4.15706,100
self_bpc_all,1786097258787,39.4387,4.16173,100
self_bpc_all,1786097438987,39.4887,4.16345,100
self_bpc_all,1786097441623,39.4895,4.1659,100
self_bpc_all,1786097442943,39.4898,4.16937,100
self_bpc_all,1786097444269,39.4902,4.17965,100
self_bpc_all,1786097445648,39.4906,4.18107,100
self_bpc_all,1786097449667,39.4917,4.18882,100
self_bpc_all,1786097469270,39.4971,4.18244,100
self_bpc_all,1786097707046,39.5632,4.18369,100
self_bpc_all,1786097728413,39.5691,4.18418,100
self_bpc_all,1786097959297,39.6333,4.1846,100
self_bpc_all,1786098185052,39.696,4.17966,100
self_bpc_all,1786098630087,39.8196,4.17897,100
self_bpc_all,1786098645720,39.8239,4.17775,100
self_bpc_all,1786098749003,39.8526,4.17663,100
self_bpc_all,1786099207488,39.98,4.1809,100
self_bpc_all,1786099267205,39.9966,4.18515,100
self_bpc_all,1786099398842,40.0331,4.18205,100
self_bpc_all,1786099924520,40.1792,4.18244,100
self_bpc_all,1786100764434,40.4125,4.1823,100
self_bpc_all,1786100909127,40.4527,4.18507,100
self_bpc_all,1786100963072,40.4676,4.18192,100
self_bpc_all,1786101043796,40.4901,4.18134,100
self_bpc_all,1786102198763,40.8109,4.18222,100
self_bpc_all,1786102474308,40.8874,4.1778,100
self_bpc_all,1786102677406,40.9438,4.17763,100
self_bpc_all,1786102810686,40.9809,4.17805,100
self_bpc_all,1786102863770,40.9956,4.18105,100
self_bpc_all,1786102872448,40.998,4.18185,100
self_bpc_all,1786102943161,41.0177,4.18046,100
self_bpc_all,1786103178395,41.083,4.17963,100
self_bpc_all,1786103365804,41.1351,4.17024,100
self_bpc_all,1786103542551,41.1842,4.17237,100
self_bpc_all,1786103570340,41.1919,4.17436,100
self_bpc_all,1786103901746,41.2839,4.17272,100
self_bpc_all,1786104172385,41.3591,4.17887,100
self_bpc_all,1786104179227,41.361,4.18205,100
self_bpc_all,1786104186422,41.363,4.18401,100
self_bpc_all,1786104190692,41.3642,4.1914,100
self_bpc_all,1786104206966,41.3687,4.19392,100
self_bpc_all,1786104431151,41.431,4.20523,100
self_bpc_all,1786104676382,41.4991,4.21274,100
self_bpc_all,1786104677271,41.4994,4.2187,100
self_bpc_all,1786104715604,41.51,4.20484,100
self_bpc_all,1786104759102,41.5221,4.20567,100
self_bpc_all,1786104846153,41.5463,4.20656,100
self_bpc_all,1786104846330,41.5463,4.20547,100
self_bpc_all,1786104846503,41.5464,4.20685,100
self_bpc_all,1786104944191,41.5735,4.20268,100
self_bpc_all,1786104944614,41.5736,4.1976,100
self_bpc_all,1786104945012,41.5737,4.19699,100
self_bpc_all,1786104945444,41.5739,4.19255,100
self_bpc_all,1786105216345,41.6491,4.19397,100
self_bpc_all,1786105714133,41.7874,4.18478,100
self_bpc_all,1786105758871,41.7998,4.18583,100
self_bpc_all,1786105792952,41.8093,4.1822,100
self_bpc_all,1786106291442,41.9477,4.18287,100
self_bpc_all,1786106319090,41.9554,4.1789,100
self_bpc_all,1786106409482,41.9805,4.17416,100
self_bpc_all,1786106441306,41.9894,4.1761,100
self_bpc_all,1786106584969,42.0293,4.18141,100
self_bpc_all,1786106603026,42.0343,4.19061,100
self_bpc_all,1786106603319,42.0344,4.20005,100
self_bpc_all,1786106603595,42.0345,4.19985,100
self_bpc_all,1786106603878,42.0345,4.20225,100
self_bpc_all,1786106706663,42.0631,4.20483,100
self_bpc_all,1786106707568,42.0633,4.20445,100
self_bpc_all,1786106852793,42.1037,4.20346,100
self_bpc_all,1786106872492,42.1091,4.20335,100
self_bpc_all,1786106954097,42.1318,4.20239,100
self_bpc_all,1786107026491,42.1519,4.20513,100
self_bpc_all,1786107052344,42.1591,4.20946,100
self_bpc_all,1786107117033,42.1771,4.21704,100
self_bpc_all,1786107122639,42.1786,4.22782,100
self_bpc_all,1786107233105,42.2093,4.23253,100
self_bpc_all,1786107234405,42.2097,4.2411,100
self_bpc_all,1786107286571,42.2242,4.2477,100
self_bpc_all,1786107319003,42.2332,4.25296,100
self_bpc_all,1786107393565,42.2539,4.2504,100
self_bpc_all,1786107469259,42.2749,4.23645,100
self_bpc_all,1786107516882,42.2881,4.23608,100
self_bpc_all,1786107546607,42.2964,4.23509,100
self_bpc_all,1786107562649,42.3009,4.23879,100
self_bpc_all,1786107565593,42.3017,4.23849,100
self_bpc_all,1786107573743,42.3039,4.23721,100
self_bpc_all,1786107574389,42.3041,4.23295,100
self_bpc_all,1786107580591,42.3058,4.23317,100
self_bpc_all,1786107590594,42.3086,4.25192,100
self_bpc_all,1786107678621,42.3331,4.25452,100
self_bpc_all,1786107836567,42.3769,4.26047,100
self_bpc_all,1786107858551,42.3831,4.27161,100
self_bpc_all,1786108076343,42.4435,4.28292,100
self_bpc_all,1786108092079,42.4479,4.28252,100
self_bpc_all,1786108192209,42.4757,4.28154,100
self_bpc_all,1786108296605,42.5047,4.28841,100
self_bpc_all,1786108711115,42.6199,4.28885,100
self_bpc_all,1786109073868,42.7206,4.28459,100
self_bpc_all,1786109109875,42.7306,4.28427,100
self_bpc_all,1786109115736,42.7323,4.28515,100
self_bpc_all,1786109119607,42.7333,4.28888,100
self_bpc_all,1786109123352,42.7344,4.29087,100
self_bpc_all,1786109138442,42.7386,4.29295,100
self_bpc_all,1786109143236,42.7399,4.29432,100
self_bpc_all,1786109150289,42.7419,4.29515,100
self_bpc_all,1786109154400,42.743,4.29725,100
self_bpc_all,1786109195809,42.7545,4.29629,100
self_bpc_all,1786109197071,42.7549,4.29838,100
self_bpc_all,1786109197343,42.7549,4.30683,100
self_bpc_all,1786109259638,42.7722,4.30707,100
self_bpc_all,1786109278375,42.7774,4.30546,100
self_bpc_all,1786109299809,42.7834,4.29734,100
self_bpc_all,1786109300071,42.7835,4.30851,100
self_bpc_all,1786109400350,42.8113,4.31583,100
self_bpc_all,1786109540326,42.8502,4.32254,100
self_bpc_all,1786109541095,42.8504,4.33274,100
self_bpc_all,1786109541943,42.8507,4.33376,100
self_bpc_all,1786109695812,42.8934,4.33241,100
self_bpc_all,1786109834865,42.932,4.33532,100
self_bpc_all,1786109840361,42.9336,4.33398,100
self_bpc_all,1786109841235,42.9338,4.33678,100
self_bpc_all,1786109842184,42.9341,4.33547,100
self_bpc_all,1786109950491,42.9641,4.31857,100
self_bpc_all,1786110052161,42.9924,4.31551,100
self_bpc_all,1786110133828,43.0151,4.31952,100
self_bpc_all,1786110147055,43.0187,4.31283,100
self_bpc_all,1786110218949,43.0387,4.31378,100
self_bpc_all,1786110247996,43.0468,4.31929,100
self_bpc_all,1786110248526,43.0469,4.31931,100
self_bpc_all,1786110249048,43.0471,4.31888,100
self_bpc_all,1786110249615,43.0472,4.32071,100
self_bpc_all,1786110382309,43.0841,4.32624,100
self_bpc_all,1786110383625,43.0845,4.35131,100
self_bpc_all,1786110384180,43.0846,4.35826,100
self_bpc_all,1786110384718,43.0848,4.35391,100
self_bpc_all,1786110385234,43.0849,4.3537,100
self_bpc_all,1786110385805,43.0851,4.35229,100
self_bpc_all,1786110386335,43.0852,4.35005,100
self_bpc_all,1786110386888,43.0854,4.35706,100
self_bpc_all,1786110387432,43.0855,4.35695,100
self_bpc_all,1786110387963,43.0857,4.36139,100
self_bpc_all,1786110525301,43.1238,4.37129,100
self_bpc_all,1786110525613,43.1239,4.36751,100
self_bpc_all,1786110545600,43.1295,4.36481,100
self_bpc_all,1786110650618,43.1586,4.40311,100
self_bpc_all,1786110660206,43.1613,4.39831,100
self_bpc_all,1786110660500,43.1614,4.39415,100
self_bpc_all,1786110660818,43.1615,4.38989,100
self_bpc_all,1786110729649,43.1806,4.38971,100
self_bpc_all,1786110730161,43.1807,4.39759,100
self_bpc_all,1786110730806,43.1809,4.40611,100
self_bpc_all,1786110731298,43.181,4.40938,100
self_bpc_all,1786110851931,43.2145,4.41171,100
self_bpc_all,1786110886338,43.2241,4.40696,100
self_bpc_all,1786110886639,43.2242,4.43172,100
self_bpc_all,1786110886958,43.2243,4.44087,100
self_bpc_all,1786111069803,43.2751,4.45623,100
self_bpc_all,1786111152539,43.298,4.44585,100
self_bpc_all,1786111228367,43.3191,4.44325,100
self_bpc_all,1786111247910,43.3245,4.43542,100
self_bpc_all,1786111337097,43.3493,4.43373,100
self_bpc_all,1786111346629,43.352,4.43084,100
self_bpc_all,1786111350915,43.3532,4.43205,100
self_bpc_all,1786111436163,43.3768,4.42978,100
self_bpc_all,1786111451220,43.381,4.42733,100
self_bpc_all,1786111461781,43.3839,4.42735,100
self_bpc_all,1786111489177,43.3916,4.43068,100
self_bpc_all,1786111600067,43.4224,4.42668,100
self_bpc_all,1786111843188,43.4899,4.43061,100
self_bpc_all,1786111902908,43.5065,4.44338,100
self_bpc_all,1786112127719,43.5689,4.45904,100
self_bpc_all,1786112127992,43.569,4.46037,100
self_bpc_all,1786112131901,43.5701,4.46204,100
self_bpc_all,1786112141171,43.5727,4.45872,100
self_bpc_all,1786112193174,43.5871,4.44728,100
self_bpc_all,1786112540060,43.6835,4.45039,100
self_bpc_all,1786112571050,43.6921,4.4508,100
self_bpc_all,1786112887394,43.78,4.4489,100
self_bpc_all,1786112894665,43.782,4.44962,100
self_bpc_all,1786113176272,43.8602,4.47214,100
self_bpc_all,1786113177032,43.8604,4.51004,100
self_bpc_all,1786113177572,43.8606,4.51005,100
self_bpc_all,1786113186329,43.863,4.49544,100
self_bpc_all,1786113192177,43.8646,4.47428,100
self_bpc_all,1786113335465,43.9044,4.45542,100
self_bpc_all,1786113728535,44.0136,4.4551,100
self_bpc_all,1786114159293,44.1333,4.4598,100
self_bpc_all,1786114475446,44.2211,4.45941,100
self_bpc_all,1786114699656,44.2834,4.4581,100
self_bpc_all,1786114964821,44.357,4.45762,100
self_bpc_all,1786115079330,44.3888,4.4582,100
self_bpc_all,1786115079905,44.389,4.45982,100
self_bpc_all,1786115532289,44.5146,4.45755,100
self_bpc_all,1786115532897,44.5148,4.45389,100
self_bpc_all,1786115550310,44.5196,4.45516,100
self_bpc_all,1786115579762,44.5278,4.45442,100
self_bpc_all,1786115669443,44.5527,4.45154,100
self_bpc_all,1786115696367,44.5602,4.46117,100
self_bpc_all,1786115784949,44.5848,4.45781,100
self_bpc_all,1786115785139,44.5849,4.45464,100
self_bpc_all,1786115785326,44.5849,4.44893,100
self_bpc_all,1786115785511,44.585,4.44678,100
self_bpc_all,1786115867209,44.6077,4.41257,100
self_bpc_all,1786115984047,44.6401,4.39478,100
self_bpc_all,1786115987611,44.6411,4.3854,100
self_bpc_all,1786115991138,44.6421,4.36913,100
self_bpc_all,1786115992266,44.6424,4.36309,100
self_bpc_all,1786115992573,44.6425,4.35974,100
self_bpc_all,1786116063948,44.6623,4.35906,100
self_bpc_all,1786116236320,44.7102,4.35733,100
self_bpc_all,1786116376509,44.7491,4.36122,100
self_bpc_all,1786116758855,44.8554,4.36951,100
self_bpc_all,1786116806820,44.8687,4.36712,100
self_bpc_all,1786116814879,44.8709,4.36688,100
self_bpc_all,1786116822972,44.8732,4.36582,100
self_bpc_all,1786116830514,44.8753,4.36421,100
self_bpc_all,1786116837014,44.8771,4.36416,100
self_bpc_all,1786117510404,45.0641,4.36983,100
self_bpc_all,1786117603732,45.09,4.36662,100
self_bpc_all,1786117603962,45.0901,4.3679,100
self_bpc_all,1786117604131,45.0902,4.36511,100
self_bpc_all,1786117604303,45.0902,4.36463,100
self_bpc_all,1786117604466,45.0902,4.38534,100
self_bpc_all,1786117914378,45.1763,4.38232,100
self_bpc_all,1786117915241,45.1766,4.36074,100
self_bpc_all,1786118250472,45.2697,4.35587,100
self_bpc_all,1786118393776,45.3095,4.31471,100
self_bpc_all,1786118742121,45.4063,4.3124,100
self_bpc_all,1786119012751,45.4814,4.31107,100
self_bpc_all,1786119025651,45.485,4.30949,100
self_bpc_all,1786119026106,45.4851,4.30224,100
self_bpc_all,1786119301256,45.5616,4.275,100
self_bpc_all,1786119648758,45.6581,4.26772,100
self_bpc_all,1786119698109,45.6718,4.26068,100
self_bpc_all,1786119742488,45.6841,4.25496,100
self_bpc_all,1786119745641,45.685,4.25315,100
self_bpc_all,1786119748845,45.6859,4.24752,100
self_bpc_all,1786119751984,45.6868,4.23826,100
self_bpc_all,1786120068122,45.7746,4.23854,100
self_bpc_all,1786120069058,45.7749,4.22888,100
self_bpc_all,1786120069935,45.7751,4.22569,100
self_bpc_all,1786120070674,45.7753,4.21052,100
self_bpc_all,1786120267267,45.8299,4.21057,100
self_bpc_all,1786120267298,45.8299,4.21242,100
self_bpc_all,1786120267306,45.8299,4.21378,100
self_bpc_all,1786120654535,45.9375,4.21624,100
self_bpc_all,1786120661573,45.9394,4.22002,100
self_bpc_all,1786120717773,45.9551,4.22244,100
self_bpc_all,1786120938418,46.0163,4.21803,100
self_bpc_all,1786120951951,46.0201,4.21227,100
self_bpc_all,1786120981360,46.0283,4.19055,100
self_bpc_all,1786121019067,46.0387,4.18992,100
self_bpc_all,1786121037718,46.0439,4.19002,100
self_bpc_all,1786121042202,46.0452,4.18577,100
self_bpc_all,1786121046713,46.0464,4.18559,100
self_bpc_all,1786121051242,46.0477,4.18671,100
self_bpc_all,1786121055725,46.0489,4.18227,100
self_bpc_all,1786121288891,46.1137,4.17869,100
self_bpc_all,1786121289272,46.1138,4.17932,100
self_bpc_all,1786121289468,46.1139,4.18168,100
self_bpc_all,1786121292846,46.1148,4.17605,100
self_bpc_all,1786121371017,46.1365,4.17449,100
self_bpc_all,1786121622888,46.2065,4.16884,100
self_bpc_all,1786121623163,46.2066,4.17111,100
self_bpc_all,1786121636327,46.2102,4.1685,100
self_bpc_all,1786121657860,46.2162,4.16677,100
self_bpc_all,1786121658691,46.2164,4.16487,100
self_bpc_all,1786121689213,46.2249,4.16355,100
self_bpc_all,1786121849404,46.2694,4.16201,100
self_bpc_all,1786121969899,46.3029,4.16297,100
self_bpc_all,1786122197273,46.366,4.16155,100
self_bpc_all,1786122224355,46.3736,4.1604,100
self_bpc_all,1786122405758,46.4239,4.1604,100
self_bpc_all,1786122406127,46.424,4.16145,100
self_bpc_all,1786122445173,46.4349,4.16264,100
self_bpc_all,1786122471145,46.4421,4.16129,100
self_bpc_all,1786122471469,46.4422,4.15866,100
self_bpc_all,1786122521107,46.456,4.15886,100
self_bpc_all,1786122676140,46.499,4.14688,100
self_bpc_all,1786123045688,46.6017,4.14364,100
self_bpc_all,1786123056918,46.6048,4.14323,100
self_bpc_all,1786123065722,46.6073,4.14242,100
self_bpc_all,1786123089660,46.6139,4.14481,100
self_bpc_all,1786123089771,46.6139,4.15213,100
self_bpc_all,1786123306949,46.6743,4.15289,100
self_bpc_all,1786123352663,46.687,4.15055,100
self_bpc_all,1786123367218,46.691,4.15019,100
self_bpc_all,1786123467125,46.7188,4.14806,100
self_bpc_all,1786123533610,46.7372,4.14731,100
self_bpc_all,1786123569714,46.7473,4.14354,100
self_bpc_all,1786124344597,46.9625,4.14437,100
self_bpc_all,1786124352515,46.9647,4.13621,100
self_bpc_all,1786124601155,47.0338,4.12909,100
self_bpc_all,1786124693660,47.0595,4.13047,100
self_bpc_all,1786124783890,47.0845,4.12486,100
self_bpc_all,1786124784484,47.0847,4.12355,100
self_bpc_all,1786124785076,47.0849,4.12185,100
self_bpc_all,1786124824842,47.0959,4.11986,100
self_bpc_all,1786125288304,47.2246,4.12078,100
self_bpc_all,1786125403893,47.2568,4.11583,100
self_bpc_all,1786125593284,47.3094,4.11865,100
self_bpc_all,1786125597156,47.3104,4.12007,100
self_bpc_all,1786125662805,47.3287,4.12747,100
self_bpc_all,1786126211588,47.4811,4.13285,100
self_bpc_all,1786126371849,47.5256,4.13838,100
self_bpc_all,1786126510054,47.564,4.13656,100
self_bpc_all,1786127033045,47.7093,4.14045,100
self_bpc_all,1786127138805,47.7387,4.14197,100
self_bpc_all,1786127215985,47.7601,4.14188,100
self_bpc_all,1786127222206,47.7618,4.13989,100
self_bpc_all,1786127441392,47.8227,4.13763,100
self_bpc_all,1786127532168,47.8479,4.14022,100
self_bpc_all,1786127731398,47.9033,4.13712,100
self_bpc_all,1786127755318,47.9099,4.12749,100
self_bpc_all,1786127777528,47.9161,4.11447,100
self_bpc_all,1786127957798,47.9662,4.10516,100
self_bpc_all,1786128110848,48.0087,4.09888,100
self_bpc_all,1786128160737,48.0225,4.09269,100
self_bpc_all,1786128182749,48.0287,4.09173,100
self_bpc_all,1786128540929,48.1282,4.08346,100
self_bpc_all,1786128726484,48.1797,4.08286,100
self_bpc_all,1786128813912,48.204,4.08017,100
self_bpc_all,1786128839920,48.2112,4.08051,100
self_bpc_all,1786128906394,48.2297,4.0811,100
self_bpc_all,1786128906585,48.2297,4.08684,100
self_bpc_all,1786128906776,48.2298,4.09606,100
self_bpc_all,1786128906981,48.2298,4.11264,100
self_bpc_all,1786129000752,48.2559,4.10929,100
self_bpc_all,1786129006831,48.2576,4.10716,100
self_bpc_all,1786129240151,48.3224,4.10713,100
self_bpc_all,1786129272245,48.3313,4.11056,100
self_bpc_all,1786129272726,48.3314,4.12604,100
self_bpc_all,1786129282664,48.3342,4.12019,100
self_bpc_all,1786129287366,48.3355,4.12357,100
self_bpc_all,1786129329137,48.3471,4.12274,100
self_bpc_all,1786129357780,48.3551,4.12125,100
self_bpc_all,1786129361742,48.3562,4.12168,100
self_bpc_all,1786129393769,48.3651,4.12875,100
self_bpc_all,1786129407651,48.3689,4.12994,100
self_bpc_all,1786129466052,48.3851,4.13485,100
self_bpc_all,1786129674933,48.4432,4.13697,100
self_bpc_all,1786129794653,48.4764,4.12409,100
self_bpc_all,1786129977106,48.5271,4.12503,100
self_bpc_all,1786129977730,48.5273,4.1252,100
self_bpc_all,1786129978298,48.5274,4.12383,100
self_bpc_all,1786130140306,48.5724,4.11788,100
self_bpc_all,1786130173421,48.5816,4.11369,100
self_bpc_all,1786130553842,48.6873,4.11206,100
self_bpc_all,1786130584857,48.6959,4.11162,100
self_bpc_all,1786130670699,48.7198,4.10914,100
self_bpc_all,1786130862646,48.7731,4.1226,100
self_bpc_all,1786131020827,48.817,4.11243,100
self_bpc_all,1786131021096,48.8171,4.10942,100
self_bpc_all,1786131021360,48.8172,4.11329,100
self_bpc_all,1786131053408,48.8261,4.10549,100
self_bpc_all,1786131129001,48.8471,4.10327,100
self_bpc_all,1786131333171,48.9038,4.10527,100
self_bpc_all,1786131333675,48.9039,4.1111,100
self_bpc_all,1786131517067,48.9549,4.10976,100
self_bpc_all,1786131517557,48.955,4.10899,100
self_bpc_all,1786131885633,49.0572,4.11133,100
self_bpc_all,1786131999854,49.089,4.1113,100
self_bpc_all,1786132100587,49.1169,4.11487,100
self_bpc_all,1786132105097,49.1182,4.11799,100
self_bpc_all,1786132302036,49.1729,4.11376,100
self_bpc_all,1786132361068,49.1893,4.10613,100
self_bpc_all,1786132742018,49.2951,4.10842,100
self_bpc_all,1786132742541,49.2953,4.11086,100
self_bpc_all,1786132743036,49.2954,4.11401,100
self_bpc_all,1786132743538,49.2955,4.11385,100
self_bpc_all,1786132744042,49.2957,4.11579,100
self_bpc_all,1786132788601,49.3081,4.11425,100
self_bpc_all,1786132789002,49.3082,4.11435,100
self_bpc_all,1786133167825,49.4134,4.11579,100
self_bpc_all,1786133241561,49.4339,4.11668,100
self_bpc_all,1786133253423,49.4372,4.11497,100
self_bpc_all,1786133677468,49.555,4.11722,100
self_bpc_all,1786133944478,49.6291,4.11387,100
self_bpc_all,1786133956843,49.6326,4.12211,100
self_bpc_all,1786133970361,49.6363,4.12134,100
self_bpc_all,1786134028724,49.6525,4.11952,100
self_bpc_all,1786134048266,49.658,4.11716,100
self_bpc_all,1786134076718,49.6659,4.11354,100
self_bpc_all,1786134571127,49.8032,4.11184,100
self_bpc_all,1786134665856,49.8295,4.11533,100
self_bpc_all,1786135034472,49.9319,4.11034,100
self_bpc_all,1786135096060,49.949,4.10476,100
self_bpc_all,1786135227038,49.9854,4.09777,100
self_bpc_all,1786136045381,50.2127,4.08386,100
self_bpc_all,1786136046972,50.2132,4.08598,100
self_bpc_all,1786136508098,50.3413,4.0852,100
self_bpc_all,1786136508733,50.3414,4.09273,100
self_bpc_all,1786136558805,50.3553,4.09979,100
self_bpc_all,1786136844086,50.4346,4.10073,100
self_bpc_all,1786137572856,50.637,4.09961,100
self_bpc_all,1786137573197,50.6371,4.1026,100
self_bpc_all,1786137573468,50.6372,4.10554,100
self_bpc_all,1786137573754,50.6373,4.1058,100
self_bpc_all,1786137583639,50.64,4.10684,100
self_bpc_all,1786137761178,50.6893,4.10903,100
self_bpc_all,1786137813737,50.7039,4.10798,100
self_bpc_all,1786137984131,50.7513,4.10893,100
self_bpc_all,1786138174736,50.8042,4.11159,100
self_bpc_all,1786138175191,50.8043,4.11138,100
self_bpc_all,1786138175700,50.8045,4.10741,100
self_bpc_all,1786138461966,50.884,4.11263,100
self_bpc_all,1786138462189,50.8841,4.11023,100
self_bpc_all,1786138505834,50.8962,4.11153,100
self_bpc_all,1786138617163,50.9271,4.10174,100
self_bpc_all,1786138887447,51.0022,4.09604,100
self_bpc_all,1786138928449,51.0136,4.09845,100
self_bpc_all,1786138928845,51.0137,4.09907,100
self_bpc_all,1786138929307,51.0138,4.10261,100
self_bpc_all,1786139060023,51.0501,4.11188,100
self_bpc_all,1786139060528,51.0503,4.12686,100
self_bpc_all,1786139060953,51.0504,4.13708,100
self_bpc_all,1786139434877,51.1543,4.14361,100
self_bpc_all,1786139435032,51.1543,4.14835,100
self_bpc_all,1786139518178,51.1774,4.15176,100
self_bpc_all,1786139617339,51.2049,4.15175,100
self_bpc_all,1786139732626,51.237,4.15223,100
self_bpc_all,1786139733112,51.2371,4.15745,100
self_bpc_all,1786139851999,51.2701,4.15417,100
self_bpc_all,1786140203912,51.3679,4.15071,100
self_bpc_all,1786140368108,51.4135,4.15048,100
self_bpc_all,1786140885683,51.5573,4.13949,100
self_bpc_all,1786141134677,51.6264,4.13496,100
self_bpc_all,1786141835609,51.8211,4.13822,100
self_bpc_all,1786142677265,52.0549,4.13935,100
self_bpc_all,1786142743798,52.0734,4.13672,100
self_bpc_all,1786142958891,52.1331,4.13565,100
self_bpc_all,1786143697833,52.3384,4.13514,100
self_bpc_all,1786143742063,52.3507,4.14453,100
self_bpc_all,1786143742785,52.3509,4.14354,100
self_bpc_all,1786143743554,52.3511,4.14548,100
self_bpc_all,1786143777999,52.3607,4.14473,100
self_bpc_all,1786143778814,52.3609,4.14575,100
self_bpc_all,1786143779491,52.3611,4.14479,100
self_bpc_all,1786143977718,52.4162,4.14184,100
self_bpc_all,1786144034097,52.4318,4.1405,100
self_bpc_all,1786144039177,52.4332,4.1405,100
self_bpc_all,1786145335821,52.7934,4.16472,100
self_bpc_all,1786145336227,52.7935,4.16462,100
self_bpc_all,1786145336632,52.7936,4.16549,100
self_bpc_all,1786145409904,52.814,4.16776,100
self_bpc_all,1786145683466,52.89,4.17052,100
self_bpc_all,1786145751173,52.9088,4.17016,100
self_bpc_all,1786145752428,52.9091,4.17088,100
self_bpc_all,1786145784189,52.9179,4.16983,100
self_bpc_all,1786145993325,52.976,4.17256,100
self_bpc_all,1786146112082,53.009,4.17267,100
self_bpc_all,1786147025473,53.2628,4.17897,100
self_bpc_all,1786147209705,53.3139,4.17187,100
self_bpc_all,1786147262198,53.3285,4.16124,100
self_bpc_all,1786147265518,53.3294,4.17361,100
self_bpc_all,1786147266665,53.3297,4.17676,100
self_bpc_all,1786147267806,53.3301,4.17787,100
self_bpc_all,1786147324069,53.3457,4.17715,100
self_bpc_all,1786147367074,53.3576,4.17027,100
self_bpc_all,1786147406864,53.3687,4.16983,100
self_bpc_all,1786147445854,53.3795,4.165,100
self_bpc_all,1786147462373,53.3841,4.16568,100
self_bpc_all,1786147477407,53.3883,4.16603,100
self_bpc_all,1786147545328,53.4072,4.16189,100
self_bpc_all,1786147570859,53.4142,4.17125,100
self_bpc_all,1786147586619,53.4186,4.17933,100
self_bpc_all,1786147887427,53.5022,4.177,100
self_bpc_all,1786147924577,53.5125,4.17457,100
self_bpc_all,1786147955446,53.5211,4.17323,100
self_bpc_all,1786147976281,53.5269,4.17199,100
self_bpc_all,1786147977200,53.5271,4.17141,100
self_bpc_all,1786148228422,53.5969,4.17405,100
self_bpc_all,1786148407273,53.6466,4.17318,100
self_bpc_all,1786148411261,53.6477,4.17119,100
self_bpc_all,1786148479071,53.6665,4.173,100
self_bpc_all,1786148490568,53.6697,4.1755,100
self_bpc_all,1786148967058,53.8021,4.17423,100
self_bpc_all,1786149122446,53.8452,4.1726,100
self_bpc_all,1786149203240,53.8677,4.16514,100
self_bpc_all,1786149236412,53.8769,4.15851,100
self_bpc_all,1786149274281,53.8874,4.15238,100
self_bpc_all,1786149285450,53.8905,4.15645,100
self_bpc_all,1786149286156,53.8907,4.16323,100
self_bpc_all,1786149286848,53.8909,4.16435,100
self_bpc_all,1786149287546,53.8911,4.16297,100
self_bpc_all,1786149288284,53.8913,4.17243,100
self_bpc_all,1786149288964,53.8915,4.17973,100
self_bpc_all,1786149289588,53.8917,4.1925,100
self_bpc_all,1786149290260,53.8919,4.21495,100
self_bpc_all,1786149291132,53.8921,4.21632,100
self_bpc_all,1786149291871,53.8923,4.2175,100
self_bpc_all,1786149293135,53.8927,4.21822,100
self_bpc_all,1786149293820,53.8928,4.21892,100
self_bpc_all,1786149294561,53.8931,4.21875,100
self_bpc_all,1786149295215,53.8932,4.22684,100
self_bpc_all,1786149295934,53.8934,4.22549,100
self_bpc_all,1786149296619,53.8936,4.2255,100
self_bpc_all,1786149297356,53.8938,4.2258,100
self_bpc_all,1786149297988,53.894,4.22612,100
self_bpc_all,1786149298661,53.8942,4.23232,100
self_bpc_all,1786149299385,53.8944,4.23224,100
self_bpc_all,1786149320430,53.9002,4.22991,100
self_bpc_all,1786149329396,53.9027,4.22256,100
self_bpc_all,1786149378424,53.9163,4.22222,100
self_bpc_all,1786149420789,53.9281,4.22122,100
self_bpc_all,1786149425521,53.9294,4.22466,100
self_bpc_all,1786149462269,53.9396,4.21689,100
self_bpc_all,1786149579876,53.9723,4.21369,100
self_bpc_all,1786149680885,54.0004,4.23131,100
self_bpc_all,1786149702457,54.0064,4.24607,100
self_bpc_all,1786149765541,54.0239,4.24377,100
self_bpc_all,1786149774023,54.0262,4.2428,100
self_bpc_all,1786149783564,54.0289,4.24093,100
self_bpc_all,1786149852792,54.0481,4.24072,100
self_bpc_all,1786149856419,54.0491,4.23569,100
self_bpc_all,1786149901069,54.0615,4.2201,100
self_bpc_all,1786149930318,54.0697,4.21565,100
self_bpc_all,1786149939563,54.0722,4.21658,100
self_bpc_all,1786149965065,54.0793,4.21605,100
self_bpc_all,1786149973932,54.0818,4.23497,100
self_bpc_all,1786149982457,54.0841,4.23663,100
self_bpc_all,1786150032362,54.098,4.23686,100
self_bpc_all,1786150066575,54.1075,4.24185,100
self_bpc_all,1786150067336,54.1077,4.24557,100
self_bpc_all,1786150068072,54.1079,4.24677,100
self_bpc_all,1786150068811,54.1081,4.26549,100
self_bpc_all,1786150101254,54.1171,4.27673,100
self_bpc_all,1786150108243,54.1191,4.25945,100
self_bpc_all,1786150109272,54.1194,4.25505,100
self_bpc_all,1786150120438,54.1225,4.261,100
self_bpc_all,1786150127642,54.1245,4.2613,100
self_bpc_all,1786150150450,54.1308,4.26316,100
self_bpc_all,1786150159604,54.1333,4.26329,100
self_bpc_all,1786150208892,54.147,4.23618,100
self_bpc_all,1786150287350,54.1688,4.2289,100
self_bpc_all,1786150461898,54.2173,4.2055,100
self_bpc_all,1786150500982,54.2282,4.20465,100
self_bpc_all,1786150501725,54.2284,4.20336,100
self_bpc_all,1786150502333,54.2285,4.20435,100
self_bpc_all,1786150530291,54.2363,4.20816,100
self_bpc_all,1786150676876,54.277,4.20786,100
self_bpc_all,1786150839177,54.3221,4.18529,100
self_bpc_all,1786150893473,54.3372,4.18421,100
self_bpc_all,1786150936906,54.3493,4.17562,100
self_bpc_all,1786150967291,54.3577,4.17482,100
self_bpc_all,1786150970747,54.3587,4.18057,100
self_bpc_all,1786151115783,54.3989,4.18503,100
self_bpc_all,1786151116392,54.3991,4.1869,100
self_bpc_all,1786151498926,54.5054,4.17034,100
self_bpc_all,1786151614217,54.5374,4.17618,100
self_bpc_all,1786151615762,54.5378,4.17667,100
self_bpc_all,1786151647637,54.5467,4.18304,100
self_bpc_all,1786151689340,54.5583,4.20041,100
self_bpc_all,1786151691956,54.559,4.21867,100
self_bpc_all,1786151741061,54.5726,4.20826,100
self_bpc_all,1786151945843,54.6295,4.20756,100
self_bpc_all,1786152058923,54.6609,4.20665,100
self_bpc_all,1786152095432,54.6711,4.20437,100
self_bpc_all,1786152646624,54.8242,4.21687,100
self_bpc_all,1786152686543,54.8353,4.2054,100
self_bpc_all,1786152727101,54.8465,4.20395,100
self_bpc_all,1786152769024,54.8582,4.18747,100
self_bpc_all,1786152822231,54.873,4.18494,100
self_bpc_all,1786152844541,54.8792,4.1794,100
self_bpc_all,1786152845386,54.8794,4.17204,100
self_bpc_all,1786153036242,54.9324,4.17424,100
self_bpc_all,1786153391267,55.031,4.17413,100
self_bpc_all,1786153400749,55.0337,4.17438,100
self_bpc_all,1786153417302,55.0383,4.17416,100
self_bpc_all,1786153609061,55.0915,4.17305,100
self_bpc_all,1786153609693,55.0917,4.17112,100
self_bpc_all,1786153625686,55.0961,4.1722,100
self_bpc_all,1786153641819,55.1006,4.15823,100
self_bpc_all,1786153704289,55.118,4.15302,100
self_bpc_all,1786153704941,55.1182,4.14976,100
self_bpc_all,1786154035997,55.2101,4.14914,100
self_bpc_all,1786154121893,55.234,4.14435,100
self_bpc_all,1786154413238,55.3149,4.14966,100
self_bpc_all,1786154413451,55.315,4.16115,100
self_bpc_all,1786154413624,55.315,4.17266,100
self_bpc_all,1786154466402,55.3297,4.18346,100
self_bpc_all,1786154476215,55.3324,4.18009,100
self_bpc_all,1786154476536,55.3325,4.17835,100
self_bpc_all,1786154476827,55.3326,4.17541,100
self_bpc_all,1786154477218,55.3327,4.17465,100
self_bpc_all,1786154541025,55.3504,4.17305,100
self_bpc_all,1786154700522,55.3947,4.16516,100
self_bpc_all,1786154732921,55.4037,4.16172,100
self_bpc_all,1786154796251,55.4213,4.16216,100
self_bpc_all,1786154831997,55.4312,4.1536,100
self_bpc_all,1786155029719,55.4862,4.14434,100
self_bpc_all,1786155031823,55.4867,4.14303,100
self_bpc_all,1786155101438,55.5061,4.14132,100
self_bpc_all,1786155195298,55.5321,4.14153,100
self_bpc_all,1786155441054,55.6004,4.14297,100
self_bpc_all,1786156223057,55.8176,4.13837,100
self_bpc_all,1786156277660,55.8328,4.13433,100
self_bpc_all,1786156297092,55.8382,4.12978,100
self_bpc_all,1786156730076,55.9585,4.12737,100
self_bpc_all,1786156816374,55.9824,4.12598,100
self_bpc_all,1786156867116,55.9965,4.12281,100
self_bpc_all,1786157076344,56.0547,4.12174,100
self_bpc_all,1786157090831,56.0587,4.12249,100
self_bpc_all,1786157101514,56.0617,4.12152,100
self_bpc_all,1786157101792,56.0617,4.12182,100
self_bpc_all,1786157102119,56.0618,4.11974,100
self_bpc_all,1786157148141,56.0746,4.11078,100
self_bpc_all,1786157277765,56.1106,4.11152,100
self_bpc_all,1786157297758,56.1162,4.10892,100
self_bpc_all,1786157329493,56.125,4.10732,100
self_bpc_all,1786157395068,56.1432,4.10658,100
self_bpc_all,1786157412581,56.1481,4.1059,100
self_bpc_all,1786157420924,56.1504,4.10631,100
self_bpc_all,1786157502893,56.1731,4.10518,100
self_bpc_all,1786157595941,56.199,4.09101,100
self_bpc_all,1786157770617,56.2475,4.10176,100
self_bpc_all,1786157770948,56.2476,4.10574,100
self_bpc_all,1786157802514,56.2564,4.10381,100
self_bpc_all,1786157875893,56.2768,4.10612,100
self_bpc_all,1786157894491,56.2819,4.10768,100
self_bpc_all,1786158269561,56.3861,4.11032,100
self_bpc_all,1786158283943,56.3901,4.10912,100
self_bpc_all,1786158371482,56.4144,4.09686,100
self_bpc_all,1786158394976,56.4209,4.09737,100
self_bpc_all,1786158397013,56.4215,4.09778,100
self_bpc_all,1786158403103,56.4232,4.0985,100
self_bpc_all,1786158420832,56.4281,4.09992,100
self_bpc_all,1786158423116,56.4288,4.10925,100
self_bpc_all,1786158425387,56.4294,4.11424,100
self_bpc_all,1786158427690,56.43,4.11437,100
self_bpc_all,1786158429954,56.4307,4.11535,100
self_bpc_all,1786158485154,56.446,4.10233,100
self_bpc_all,1786158485725,56.4462,4.09238,100
self_bpc_all,1786158486050,56.4462,4.08555,100
self_bpc_all,1786158518706,56.4553,4.09059,100
self_bpc_all,1786158521032,56.456,4.1114,100
self_bpc_all,1786158523296,56.4566,4.11081,100
self_bpc_all,1786158590325,56.4752,4.11151,100
self_bpc_all,1786158697491,56.505,4.10969,100
self_bpc_all,1786158758507,56.5219,4.10982,100
self_bpc_all,1786158759151,56.5221,4.10928,100
self_bpc_all,1786158759978,56.5223,4.12685,100
self_bpc_all,1786158774480,56.5264,4.12779,100
self_bpc_all,1786158792777,56.5314,4.13447,100
self_bpc_all,1786158822726,56.5398,4.13091,100
self_bpc_all,1786159145674,56.6295,4.12441,100
self_bpc_all,1786159146235,56.6296,4.11666,100
self_bpc_all,1786159477301,56.7216,4.11703,100
self_bpc_all,1786159547414,56.7411,4.13441,100
self_bpc_all,1786159547753,56.7412,4.13167,100
self_bpc_all,1786159870735,56.8309,4.12309,100
self_bpc_all,1786159883283,56.8344,4.12077,100
self_bpc_all,1786160100466,56.8947,4.12012,100
self_bpc_all,1786160120763,56.9003,4.11608,100
self_bpc_all,1786160178060,56.9162,4.11907,100
self_bpc_all,1786160986152,57.1407,4.10519,100
self_bpc_all,1786161804632,57.3681,4.10502,100
self_bpc_all,1786162127128,57.4577,4.10179,100
self_bpc_all,1786162138847,57.4609,4.0844,100
self_bpc_all,1786162152990,57.4648,4.08708,100
self_bpc_all,1786162190191,57.4752,4.09086,100
self_bpc_all,1786162213875,57.4818,4.0961,100
self_bpc_all,1786162242718,57.4898,4.08476,100
self_bpc_all,1786162255213,57.4932,4.08284,100
self_bpc_all,1786162426039,57.5407,4.0876,100
self_bpc_all,1786162428295,57.5413,4.08998,100
self_bpc_all,1786162459426,57.55,4.08973,100
self_bpc_all,1786163511017,57.8421,4.08631,100
self_bpc_all,1786163543578,57.8511,4.08018,100
self_bpc_all,1786163643745,57.8789,4.08082,100
self_bpc_all,1786163832506,57.9314,4.07984,100
self_bpc_all,1786163871726,57.9423,4.0824,100
self_bpc_all,1786163937157,57.9604,4.09695,100
self_bpc_all,1786164002390,57.9786,4.09697,100
self_bpc_all,1786164099633,58.0056,4.09654,100
self_bpc_all,1786164597041,58.1437,4.09503,100
self_bpc_all,1786164997445,58.255,4.0977,100
self_bpc_all,1786164998447,58.2552,4.09797,100
self_bpc_all,1786165124094,58.2901,4.09942,100
self_bpc_all,1786165274206,58.3318,4.10064,100
self_bpc_all,1786165274815,58.332,4.10117,100
self_bpc_all,1786165327030,58.3465,4.10197,100
self_bpc_all,1786165508534,58.3969,4.10097,100
self_bpc_all,1786166021047,58.5393,4.09998,100
self_bpc_all,1786166623844,58.7067,4.08574,100
self_bpc_all,1786166653224,58.7149,4.07879,100
self_bpc_all,1786167012955,58.8148,4.0789,100
self_bpc_all,1786167039652,58.8222,4.07868,100
self_bpc_all,1786168141076,59.1282,4.07703,100
self_bpc_all,1786168204616,59.1458,4.06225,100
self_bpc_all,1786168598155,59.2552,4.06434,100
self_bpc_all,1786168763221,59.301,4.06024,100
self_bpc_all,1786168763437,59.3011,4.05998,100
self_bpc_all,1786168763636,59.3011,4.05964,100
self_bpc_all,1786168763836,59.3012,4.05778,100
self_bpc_all,1786168787891,59.3079,4.06052,100
self_bpc_all,1786168788189,59.3079,4.06379,100
self_bpc_all,1786169064849,59.3848,4.06381,100
self_bpc_all,1786169206571,59.4242,4.06506,100
self_bpc_all,1786169206888,59.4243,4.06541,100
self_bpc_all,1786169451851,59.4923,4.06857,100
self_bpc_all,1786169563233,59.5232,4.07039,100
self_bpc_all,1786169615210,59.5377,4.07042,100
self_bpc_all,1786169769561,59.5806,4.05629,100
self_bpc_all,1786169925699,59.6239,4.05457,100
self_bpc_all,1786170046265,59.6574,4.051,100
self_bpc_all,1786170071678,59.6645,4.06225,100
self_bpc_all,1786170093228,59.6705,4.06004,100
self_bpc_all,1786170116576,59.6769,4.05967,100
self_bpc_all,1786170141202,59.6838,4.05732,100
self_bpc_all,1786170178240,59.6941,4.05994,100
self_bpc_all,1786170383836,59.7512,4.05919,100
self_bpc_all,1786170404599,59.757,4.05844,100
self_bpc_all,1786170434916,59.7654,4.06008,100
self_bpc_all,1786170576182,59.8046,4.06703,100
self_bpc_all,1786170598252,59.8107,4.06125,100
self_bpc_all,1786170765327,59.8572,4.06027,100
self_bpc_all,1786171292594,60.0036,4.0478,100
self_bpc_all,1786171293958,60.004,4.04563,100
self_bpc_all,1786171295030,60.0043,4.04401,100
self_bpc_all,1786171296242,60.0046,4.0389,100
self_bpc_all,1786171297416,60.005,4.03903,100
self_bpc_all,1786171505273,60.0627,4.04642,100
self_bpc_all,1786172012040,60.2035,4.04683,100
self_bpc_all,1786172700467,60.3947,4.04834,100
self_bpc_all,1786172700965,60.3948,4.05068,100
self_bpc_all,1786172739609,60.4056,4.04776,100
self_bpc_all,1786172745387,60.4072,4.04709,100
self_bpc_all,1786172808840,60.4248,4.04749,100
self_bpc_all,1786172841706,60.4339,4.03671,100
self_bpc_all,1786172905656,60.4517,4.03404,100
self_bpc_all,1786173069648,60.4972,4.04248,100
self_bpc_all,1786173082652,60.5009,4.05069,100
self_bpc_all,1786173118000,60.5107,4.06924,100
self_bpc_all,1786173137087,60.516,4.06919,100
self_bpc_all,1786173336323,60.5713,4.06825,100
self_bpc_all,1786173450384,60.603,4.0694,100
self_bpc_all,1786173477332,60.6105,4.06905,100
self_bpc_all,1786173477753,60.6106,4.07096,100
self_bpc_all,1786173478160,60.6107,4.07055,100
self_bpc_all,1786173478625,60.6108,4.07067,100
self_bpc_all,1786173479033,60.611,4.07148,100
self_bpc_all,1786173479433,60.6111,4.07063,100
self_bpc_all,1786173479833,60.6112,4.07046,100
self_bpc_all,1786173480234,60.6113,4.07301,100
self_bpc_all,1786173480634,60.6114,4.07809,100
self_bpc_all,1786173971927,60.7479,4.0845,100
self_bpc_all,1786173976886,60.7493,4.0835,100
self_bpc_all,1786174176877,60.8048,4.08073,100
self_bpc_all,1786174770900,60.9698,4.08264,100
self_bpc_all,1786174771248,60.9699,4.0891,100
self_bpc_all,1786175370517,61.1364,4.0916,100
self_bpc_all,1786176396459,61.4214,4.08714,100
self_bpc_all,1786176517188,61.4549,4.0905,100
self_bpc_all,1786176538963,61.4609,4.09225,100
self_bpc_all,1786176636046,61.4879,4.10281,100
self_bpc_all,1786176688395,61.5025,4.10297,100
self_bpc_all,1786176885517,61.5572,4.10977,100
self_bpc_all,1786177287256,61.6688,4.11603,100
self_bpc_all,1786177350039,61.6862,4.11583,100
self_bpc_all,1786177350530,61.6864,4.10935,100
self_bpc_all,1786177368955,61.6915,4.11577,100
self_bpc_all,1786177411964,61.7034,4.13222,100
self_bpc_all,1786177540631,61.7392,4.13975,100
self_bpc_all,1786177891935,61.8368,4.13302,100
self_bpc_all,1786178146241,61.9074,4.13342,100
self_bpc_all,1786178193395,61.9205,4.13412,100
self_bpc_all,1786178201722,61.9228,4.13991,100
self_bpc_all,1786178572149,62.0257,4.13779,100
self_bpc_all,1786178572703,62.0259,4.13411,100
self_bpc_all,1786178610716,62.0364,4.13375,100
self_bpc_all,1786178611298,62.0366,4.12802,100
self_bpc_all,1786178655077,62.0488,4.11721,100
self_bpc_all,1786178655674,62.0489,4.12046,100
self_bpc_all,1786178691652,62.0589,4.12184,100
self_bpc_all,1786178720573,62.0669,4.12622,100
self_bpc_all,1786178721140,62.0671,4.12467,100
self_bpc_all,1786178737999,62.0718,4.12472,100
self_bpc_all,1786178771182,62.081,4.12377,100
self_bpc_all,1786178771754,62.0812,4.12255,100
self_bpc_all,1786178822371,62.0952,4.12385,100
self_bpc_all,1786179029296,62.1527,4.1204,100
self_bpc_all,1786179513104,62.2871,4.12058,100
self_bpc_all,1786179563618,62.3011,4.11389,100
self_bpc_all,1786179660017,62.3279,4.13143,100
self_bpc_all,1786179696820,62.3381,4.14103,100
self_bpc_all,1786179697086,62.3382,4.14422,100
self_bpc_all,1786179697127,62.3382,4.14782,100
self_bpc_all,1786179697483,62.3383,4.14903,100
self_bpc_all,1786179697922,62.3384,4.17432,100
self_bpc_all,1786179698214,62.3385,4.18158,100
self_bpc_all,1786179698514,62.3386,4.18878,100
self_bpc_all,1786179698807,62.3387,4.19181,100
self_bpc_all,1786179726612,62.3464,4.19297,100
self_bpc_all,1786179726902,62.3465,4.19405,100
self_bpc_all,1786179727184,62.3466,4.19565,100
self_bpc_all,1786179727466,62.3466,4.19675,100
self_bpc_all,1786179727753,62.3467,4.20306,100
self_bpc_all,1786179728041,62.3468,4.20325,100
self_bpc_all,1786179728334,62.3469,4.20707,100
self_bpc_all,1786179759096,62.3554,4.20937,100
self_bpc_all,1786179759384,62.3555,4.21206,100
self_bpc_all,1786179759673,62.3556,4.21715,100
self_bpc_all,1786179759959,62.3557,4.24089,100
self_bpc_all,1786179760240,62.3557,4.24616,100
self_bpc_all,1786179760525,62.3558,4.25614,100
self_bpc_all,1786180032095,62.4313,4.24095,100
self_bpc_all,1786180080832,62.4448,4.24687,100
self_bpc_all,1786180081484,62.445,4.25014,100
self_bpc_all,1786180081798,62.4451,4.25757,100
self_bpc_all,1786180219709,62.4834,4.25139,100
self_bpc_all,1786180297275,62.5049,4.24958,100
self_bpc_all,1786180318021,62.5107,4.25417,100
self_bpc_all,1786180406981,62.5354,4.24069,100
self_bpc_all,1786180409271,62.536,4.24876,100
self_bpc_all,1786180450343,62.5474,4.25052,100
self_bpc_all,1786180485142,62.5571,4.24557,100
self_bpc_all,1786180521134,62.5671,4.26903,100
self_bpc_all,1786180552457,62.5758,4.26748,100
self_bpc_all,1786180568236,62.5802,4.25724,100
self_bpc_all,1786180603228,62.5899,4.25322,100
self_bpc_all,1786180628520,62.5969,4.24262,100
self_bpc_all,1786180634072,62.5985,4.22916,100
self_bpc_all,1786180866607,62.6631,4.22385,100
self_bpc_all,1786180888165,62.6691,4.21844,100
self_bpc_all,1786180922499,62.6786,4.20156,100
self_bpc_all,1786181541832,62.8506,4.1951,100
self_bpc_all,1786181560183,62.8557,4.19259,100
self_bpc_all,1786181574182,62.8596,4.18702,100
self_bpc_all,1786181721883,62.9006,4.19356,100
self_bpc_all,1786181990289,62.9752,4.18964,100
self_bpc_all,1786182090103,63.0029,4.18538,100
self_bpc_all,1786182557770,63.1328,4.16437,100
self_bpc_all,1786182798336,63.1997,4.16549,100
self_bpc_all,1786182922889,63.2343,4.15278,100
self_bpc_all,1786183029894,63.264,4.1497,100
self_bpc_all,1786183137351,63.2938,4.1466,100
self_bpc_all,1786183137909,63.294,4.14644,100
self_bpc_all,1786183162376,63.3008,4.14464,100
self_bpc_all,1786183184540,63.3069,4.14491,100
self_bpc_all,1786183204952,63.3126,4.14216,100
self_bpc_all,1786183227771,63.3189,4.13904,100
self_bpc_all,1786183261197,63.3282,4.13614,100
self_bpc_all,1786183261922,63.3284,4.13477,100
self_bpc_all,1786183305953,63.3407,4.13431,100
self_bpc_all,1786183306453,63.3408,4.13006,100
self_bpc_all,1786183307272,63.341,4.12787,100
self_bpc_all,1786183363267,63.3566,4.1241,100
self_bpc_all,1786183609781,63.4251,4.12672,100
self_bpc_all,1786183741055,63.4615,4.12648,100
self_bpc_all,1786183750306,63.4641,4.12741,100
self_bpc_all,1786183750988,63.4643,4.12763,100
self_bpc_all,1786183760084,63.4668,4.1323,100
self_bpc_all,1786183760368,63.4669,4.13178,100
self_bpc_all,1786183786558,63.4742,4.13332,100
self_bpc_all,1786183879624,63.5,4.13331,100
self_bpc_all,1786184061468,63.5505,4.13338,100
self_bpc_all,1786184062214,63.5507,4.1333,100
self_bpc_all,1786184062995,63.551,4.14345,100
self_bpc_all,1786184063740,63.5512,4.1497,100
self_bpc_all,1786184319975,63.6223,4.16227,100
self_bpc_all,1786184763250,63.7455,4.15498,100
self_bpc_all,1786184867564,63.7744,4.15227,100
self_bpc_all,1786184884232,63.7791,4.15045,100
self_bpc_all,1786184919558,63.7889,4.15211,100
self_bpc_all,1786185188098,63.8635,4.15069,100
self_bpc_all,1786185570669,63.9697,4.15079,100
self_bpc_all,1786185571172,63.9699,4.15021,100
self_bpc_all,1786185716091,64.0101,4.15444,100
self_bpc_all,1786186209886,64.1473,4.15771,100
self_bpc_all,1786186671865,64.2756,4.14197,100
self_bpc_all,1786186917113,64.3438,4.14633,100
self_bpc_all,1786186993266,64.3649,4.15481,100
self_bpc_all,1786187226398,64.4297,4.15988,100
self_bpc_all,1786187310777,64.4531,4.16016,100
self_bpc_all,1786187388844,64.4748,4.15734,100
self_bpc_all,1786187423667,64.4845,4.15837,100
self_bpc_all,1786187560378,64.5224,4.15662,100
self_bpc_all,1786187713923,64.5651,4.15678,100
self_bpc_all,1786187714258,64.5652,4.15743,100
self_bpc_all,1786187785338,64.5849,4.1555,100
self_bpc_all,1786188558789,64.7998,4.16077,100
self_bpc_all,1786188585586,64.8072,4.15756,100
self_bpc_all,1786188793609,64.865,4.1688,100
self_bpc_all,1786189163678,64.9678,4.16692,100
self_bpc_all,1786189164289,64.968,4.16578,100
self_bpc_all,1786189164328,64.968,4.16921,100
self_bpc_all,1786189403060,65.0343,4.16659,100
self_bpc_all,1786189487215,65.0577,4.16476,100
self_bpc_all,1786189518548,65.0664,4.15345,100
self_bpc_all,1786189559236,65.0777,4.15137,100
self_bpc_all,1786189559595,65.0778,4.1492,100
self_bpc_all,1786189754783,65.132,4.14844,100
self_bpc_all,1786189842735,65.1564,4.13518,100
self_bpc_all,1786189889836,65.1695,4.1403,100
self_bpc_all,1786190021055,65.206,4.13898,100
self_bpc_all,1786190021666,65.2061,4.13678,100
self_bpc_all,1786190063088,65.2176,4.13558,100
self_bpc_all,1786190073185,65.2204,4.13524,100
self_bpc_all,1786190077680,65.2217,4.13164,100
self_bpc_all,1786190111442,65.2311,4.13081,100
self_bpc_all,1786190319644,65.2889,4.12297,100
self_bpc_all,1786190482502,65.3341,4.12157,100
self_bpc_all,1786190482738,65.3342,4.12093,100
self_bpc_all,1786190482909,65.3343,4.11906,100
self_bpc_all,1786190984708,65.4736,4.11777,100
self_bpc_all,1786191077656,65.4995,4.12761,100
self_bpc_all,1786191245061,65.546,4.12405,100
self_bpc_all,1786191338116,65.5718,4.12482,100
self_bpc_all,1786191404502,65.5903,4.12223,100
self_bpc_all,1786191977407,65.7494,4.12614,100
self_bpc_all,1786192324086,65.8457,4.11986,100
self_bpc_all,1786192565480,65.9128,4.11197,100
self_bpc_all,1786192566134,65.9129,4.11655,100
self_bpc_all,1786192637038,65.9326,4.10693,100
self_bpc_all,1786192822176,65.9841,4.11093,100
self_bpc_all,1786192823818,65.9845,4.11082,100
self_bpc_all,1786192858883,65.9943,4.10065,100
self_bpc_all,1786193232679,66.0981,4.09774,100
self_bpc_all,1786193232903,66.0981,4.10408,100
self_bpc_all,1786193445064,66.1571,4.10571,100
self_bpc_all,1786193534923,66.182,4.10615,100
self_bpc_all,1786193535153,66.1821,4.1096,100
self_bpc_all,1786193535336,66.1822,4.10805,100
self_bpc_all,1786193547090,66.1854,4.1029,100
self_bpc_all,1786193555412,66.1877,4.1117,100
self_bpc_all,1786193617827,66.2051,4.1102,100
self_bpc_all,1786193684375,66.2236,4.10936,100
self_bpc_all,1786193744536,66.2403,4.11357,100
self_bpc_all,1786193761304,66.2449,4.12311,100
self_bpc_all,1786193774174,66.2485,4.13044,100
self_bpc_all,1786193785316,66.2516,4.13432,100
self_bpc_all,1786193797105,66.2549,4.15665,100
self_bpc_all,1786194063282,66.3288,4.14762,100
self_bpc_all,1786194197491,66.3661,4.16209,100
self_bpc_all,1786194200404,66.3669,4.16522,100
self_bpc_all,1786194203298,66.3677,4.17048,100
self_bpc_all,1786194203310,66.3677,4.17074,100
self_bpc_all,1786194312209,66.398,4.17022,100
self_bpc_all,1786194357643,66.4106,4.15935,100
self_bpc_all,1786194410838,66.4254,4.16043,100
self_bpc_all,1786194438851,66.4331,4.16292,100
self_bpc_all,1786194439045,66.4332,4.16086,100
self_bpc_all,1786194638732,66.4887,4.16765,100
self_bpc_all,1786194707725,66.5078,4.16808,100
self_bpc_all,1786194709157,66.5082,4.17332,100
self_bpc_all,1786194763033,66.5232,4.17486,100
self_bpc_all,1786194889857,66.5584,4.18251,100
self_bpc_all,1786194890449,66.5586,4.18727,100
self_bpc_all,1786195283384,66.6677,4.18565,100
self_bpc_all,1786195338057,66.6829,4.18298,100
self_bpc_all,1786195500052,66.7279,4.18255,100
self_bpc_all,1786195527881,66.7356,4.18082,100
self_bpc_all,1786195545119,66.7404,4.18192,100
self_bpc_all,1786195600040,66.7557,4.17194,100
self_bpc_all,1786195723052,66.7899,4.16907,100
self_bpc_all,1786195742955,66.7954,4.15462,100
self_bpc_all,1786195756299,66.7991,4.1461,100
self_bpc_all,1786195789777,66.8084,4.14116,100
self_bpc_all,1786195905133,66.8404,4.13272,100
self_bpc_all,1786195906275,66.8408,4.12314,100
self_bpc_all,1786195985542,66.8628,4.11996,100
self_bpc_all,1786196282934,66.9454,4.12265,100
self_bpc_all,1786196297929,66.9495,4.12349,100
self_bpc_all,1786196318694,66.9553,4.1301,100
self_bpc_all,1786196395825,66.9767,4.13396,100
self_bpc_all,1786196613676,67.0373,4.13523,100
self_bpc_all,1786196884056,67.1124,4.13646,100
self_bpc_all,1786197262249,67.2174,4.14102,100
self_bpc_all,1786197265145,67.2182,4.14137,100
self_bpc_all,1786197724291,67.3458,4.16077,100
self_bpc_all,1786197742887,67.3509,4.15875,100
self_bpc_all,1786197755511,67.3544,4.15543,100
self_bpc_all,1786197770395,67.3586,4.15338,100
self_bpc_all,1786197770528,67.3586,4.15541,100
self_bpc_all,1786198226695,67.4853,4.15748,100
self_bpc_all,1786198252296,67.4924,4.15286,100
self_bpc_all,1786198255072,67.4932,4.15236,100
self_bpc_all,1786198257850,67.494,4.14668,100
self_bpc_all,1786198477187,67.5549,4.13725,100
self_bpc_all,1786198507522,67.5633,4.12901,100
self_bpc_all,1786198507990,67.5635,4.11823,100
self_bpc_all,1786198805249,67.646,4.1223,100
self_bpc_all,1786199398805,67.8109,4.11823,100
self_bpc_all,1786199437436,67.8216,4.11316,100
self_bpc_all,1786199447270,67.8244,4.1155,100
self_bpc_all,1786199459254,67.8277,4.11412,100
self_bpc_all,1786199485638,67.835,4.11221,100
self_bpc_all,1786199506309,67.8408,4.112,100
self_bpc_all,1786199547084,67.8521,4.11452,100
self_bpc_all,1786199584627,67.8625,4.11319,100
self_bpc_all,1786199608924,67.8693,4.11195,100
self_bpc_all,1786199643691,67.8789,4.10902,100
self_bpc_all,1786199745199,67.9071,4.11603,100
self_bpc_all,1786199882682,67.9453,4.11045,100
self_bpc_all,1786199882962,67.9454,4.1124,100
self_bpc_all,1786199905179,67.9516,4.11121,100
self_bpc_all,1786200223971,68.0401,4.11454,100
self_bpc_all,1786200302810,68.062,4.10658,100
self_bpc_all,1786200589078,68.1415,4.1078,100
self_bpc_all,1786200644711,68.157,4.10304,100
self_bpc_all,1786200675991,68.1657,4.10494,100
self_bpc_all,1786200689840,68.1695,4.10363,100
self_bpc_all,1786200877003,68.2215,4.09748,100
self_bpc_all,1786200915368,68.2322,4.09811,100
self_bpc_all,1786201231018,68.3198,4.09206,100
self_bpc_all,1786201384192,68.3624,4.09165,100
self_bpc_all,1786201384466,68.3625,4.09385,100
self_bpc_all,1786201584215,68.418,4.09225,100
self_bpc_all,1786201703239,68.451,4.09001,100
self_bpc_all,1786201856399,68.4936,4.08785,100
self_bpc_all,1786201900368,68.5058,4.09306,100
self_bpc_all,1786201910861,68.5087,4.09618,100
self_bpc_all,1786201940285,68.5169,4.10011,100
self_bpc_all,1786202389863,68.6417,4.09383,100
self_bpc_all,1786202777152,68.7493,4.08856,100
self_bpc_all,1786202975966,68.8046,4.09214,100
self_bpc_all,1786203400397,68.9225,4.10201,100
self_bpc_all,1786203456758,68.9381,4.10192,100
self_bpc_all,1786203494558,68.9486,4.099,100
self_bpc_all,1786203553334,68.9649,4.10355,100
self_bpc_all,1786203553919,68.9651,4.10961,100
self_bpc_all,1786203660478,68.9947,4.10927,100
self_bpc_all,1786204159599,69.1333,4.11092,100
self_bpc_all,1786204473224,69.2205,4.11718,100
self_bpc_all,1786204622936,69.262,4.11614,100
self_bpc_all,1786204892935,69.337,4.12171,100
self_bpc_all,1786204903180,69.3399,4.12315,100
self_bpc_all,1786205186155,69.4185,4.11267,100
self_bpc_all,1786205202552,69.4231,4.10328,100
self_bpc_all,1786205235883,69.4323,4.10059,100
self_bpc_all,1786205283737,69.4456,4.0935,100
self_bpc_all,1786205334761,69.4598,4.08944,100
self_bpc_all,1786205376859,69.4715,4.08388,100
self_bpc_all,1786205377534,69.4717,4.08023,100
self_bpc_all,1786205529496,69.5139,4.07589,100
self_bpc_all,1786205814658,69.5931,4.07022,100
self_bpc_all,1786206281556,69.7228,4.06202,100
self_bpc_all,1786206313548,69.7317,4.06588,100
self_bpc_all,1786206314052,69.7318,4.07341,100
self_bpc_all,1786206328814,69.7359,4.07076,100
self_bpc_all,1786206382904,69.7509,4.06831,100
self_bpc_all,1786206383548,69.7511,4.06598,100
self_bpc_all,1786206447679,69.7689,4.05578,100
self_bpc_all,1786206448320,69.7691,4.0506,100
self_bpc_all,1786206512613,69.787,4.04666,100
self_bpc_all,1786206535724,69.7934,4.0416,100
self_bpc_all,1786206574622,69.8042,4.03335,100
self_bpc_all,1786206782615,69.862,4.02717,100
self_bpc_all,1786206827822,69.8745,4.01978,100
self_bpc_all,1786206891002,69.8921,4.02168,100
self_bpc_all,1786206898403,69.8941,4.01735,100
self_bpc_all,1786206953608,69.9095,4.01434,100
self_bpc_all,1786206957734,69.9106,4.01313,100
self_bpc_all,1786206984535,69.918,4.0139,100
self_bpc_all,1786206985182,69.9182,4.01309,100
self_bpc_all,1786207045634,69.935,4.01784,100
self_bpc_all,1786207046369,69.9352,4.01555,100
self_bpc_all,1786207155905,69.9656,4.01402,100
self_bpc_all,1786207156097,69.9657,4.01841,100
self_bpc_all,1786207366062,70.024,4.02125,100
self_bpc_all,1786207712699,70.1203,4.03033,100
self_bpc_all,1786207713272,70.1205,4.02847,100
self_bpc_all,1786207713754,70.1206,4.02807,100
self_bpc_all,1786208053233,70.2149,4.02648,100
self_bpc_all,1786208053781,70.2151,4.02425,100
self_bpc_all,1786208054375,70.2152,4.02233,100
self_bpc_all,1786208099733,70.2278,4.02024,100
self_bpc_all,1786208312088,70.2868,4.02122,100
self_bpc_all,1786208520218,70.3446,4.02024,100
self_bpc_all,1786208536617,70.3492,4.00306,100
self_bpc_all,1786208555831,70.3545,4.00208,100
self_bpc_all,1786208827253,70.4299,4.00224,100
self_bpc_all,1786208829471,70.4305,4.00141,100
self_bpc_all,1786208830599,70.4308,4.00076,100
self_bpc_all,1786208839242,70.4332,4.00256,100
self_bpc_all,1786208905262,70.4516,4.00708,100
self_bpc_all,1786208910586,70.4531,4.00914,100
self_bpc_all,1786208911741,70.4534,4.01164,100
self_bpc_all,1786208913025,70.4537,4.01872,100
self_bpc_all,1786208914183,70.4541,4.02512,100
self_bpc_all,1786208915350,70.4544,4.03292,100
self_bpc_all,1786208916476,70.4547,4.03238,100
self_bpc_all,1786208960920,70.467,4.03289,100
self_bpc_all,1786209008484,70.4803,4.03561,100
self_bpc_all,1786209041150,70.4893,4.03505,100
self_bpc_all,1786209132466,70.5147,4.03268,100
self_bpc_all,1786209314602,70.5653,4.03243,100
self_bpc_all,1786209468810,70.6081,4.03725,100
self_bpc_all,1786209499161,70.6166,4.04379,100
self_bpc_all,1786209586949,70.6409,4.04639,100
self_bpc_all,1786209587329,70.641,4.04904,100
self_bpc_all,1786209956030,70.7435,4.04401,100
self_bpc_all,1786209963831,70.7456,4.04534,100
self_bpc_all,1786210035743,70.7656,4.03987,100
self_bpc_all,1786210099054,70.7832,4.03706,100
self_bpc_all,1786210105342,70.7849,4.041,100
self_bpc_all,1786210275842,70.8323,4.02732,100
self_bpc_all,1786210300134,70.839,4.03439,100
self_bpc_all,1786210300767,70.8392,4.03375,100
self_bpc_all,1786210301310,70.8394,4.03641,100
self_bpc_all,1786210539506,70.9055,4.04003,100
self_bpc_all,1786210540003,70.9057,4.04204,100
self_bpc_all,1786210557814,70.9106,4.04544,100
self_bpc_all,1786210641786,70.9339,4.04243,100
self_bpc_all,1786210682179,70.9452,4.04072,100
self_bpc_all,1786210695506,70.9489,4.04219,100
self_bpc_all,1786210745182,70.9627,4.04056,100
self_bpc_all,1786210768161,70.9691,4.03858,100
self_bpc_all,1786210777217,70.9716,4.03916,100
self_bpc_all,1786210814023,70.9818,4.03853,100
self_bpc_all,1786210837689,70.9884,4.03937,100
self_bpc_all,1786210841140,70.9893,4.0403,100
self_bpc_all,1786210844057,70.9901,4.03153,100
self_bpc_all,1786210844509,70.9903,4.04529,100
self_bpc_all,1786210848238,70.9913,4.05096,100
self_bpc_all,1786210851688,70.9923,4.05073,100
self_bpc_all,1786211010280,71.0363,4.05095,100
self_bpc_all,1786211010847,71.0365,4.05555,100
self_bpc_all,1786211069480,71.0528,4.05996,100
self_bpc_all,1786211123005,71.0676,4.06083,100
self_bpc_all,1786211131320,71.0699,4.05999,100
self_bpc_all,1786211145119,71.0738,4.0652,100
self_bpc_all,1786211145588,71.0739,4.06195,100
self_bpc_all,1786211146087,71.074,4.05932,100
self_bpc_all,1786211146589,71.0742,4.06077,100
self_bpc_all,1786211147076,71.0743,4.06016,100
self_bpc_all,1786211165745,71.0795,4.06122,100
self_bpc_all,1786211170336,71.0808,4.06743,100
self_bpc_all,1786211235128,71.0988,4.07152,100
self_bpc_all,1786211255097,71.1043,4.07391,100
self_bpc_all,1786211275244,71.1099,4.07714,100
self_bpc_all,1786211380461,71.1391,4.07625,100
self_bpc_all,1786211558116,71.1885,4.08525,100
self_bpc_all,1786211597607,71.1995,4.08311,100
self_bpc_all,1786211638755,71.2109,4.08347,100
self_bpc_all,1786211651180,71.2143,4.08392,100
self_bpc_all,1786211713298,71.2316,4.09318,100
self_bpc_all,1786211729393,71.2361,4.08263,100
self_bpc_all,1786211765436,71.2461,4.07908,100
self_bpc_all,1786211819109,71.261,4.08106,100
self_bpc_all,1786211819581,71.2611,4.08277,100
self_bpc_all,1786211820064,71.2612,4.08982,100
self_bpc_all,1786211827380,71.2633,4.09497,100
self_bpc_all,1786211837060,71.266,4.09906,100
self_bpc_all,1786211844889,71.2681,4.1027,100
self_bpc_all,1786211845393,71.2683,4.10892,100
self_bpc_all,1786211845705,71.2684,4.11408,100
self_bpc_all,1786211891556,71.2811,4.11647,100
self_bpc_all,1786211937140,71.2938,4.12367,100
self_bpc_all,1786211937299,71.2938,4.12201,100
self_bpc_all,1786211949289,71.2971,4.12692,100
self_bpc_all,1786211971705,71.3034,4.12767,100
self_bpc_all,1786211999470,71.3111,4.12802,100
self_bpc_all,1786212044802,71.3237,4.1337,100
self_bpc_all,1786212228958,71.3748,4.13864,100
self_bpc_all,1786212235534,71.3767,4.14312,100
self_bpc_all,1786212256595,71.3825,4.15083,100
self_bpc_all,1786212256884,71.3826,4.15814,100
self_bpc_all,1786212261482,71.3839,4.15121,100
self_bpc_all,1786212389208,71.4193,4.15229,100
self_bpc_all,1786212693501,71.5039,4.14459,100
self_bpc_all,1786212694231,71.5041,4.13855,100
self_bpc_all,1786212694947,71.5043,4.13256,100
self_bpc_all,1786212708993,71.5082,4.13358,100
self_bpc_all,1786212777694,71.5273,4.13105,100
self_bpc_all,1786212859845,71.5501,4.13028,100
self_bpc_all,1786213222854,71.6509,4.12345,100
self_bpc_all,1786213223605,71.6511,4.11552,100
self_bpc_all,1786213224317,71.6513,4.11708,100
self_bpc_all,1786213397428,71.6994,4.12867,100
self_bpc_all,1786213397590,71.6994,4.12368,100
self_bpc_all,1786213656387,71.7713,4.1177,100
self_bpc_all,1786213661163,71.7727,4.11868,100
self_bpc_all,1786213688272,71.7802,4.11895,100
self_bpc_all,1786213766566,71.8019,4.11683,100
self_bpc_all,1786214074185,71.8874,4.1164,100
self_bpc_all,1786214292703,71.9481,4.11586,100
self_bpc_all,1786214296693,71.9492,4.11689,100
self_bpc_all,1786214301558,71.9506,4.11529,100
self_bpc_all,1786214444147,71.9902,4.11551,100
self_bpc_all,1786214491509,72.0033,4.11605,100
self_bpc_all,1786214965065,72.1349,4.11575,100
self_bpc_all,1786215195826,72.199,4.11381,100
self_bpc_all,1786215203729,72.2012,4.11311,100
self_bpc_all,1786215284940,72.2237,4.10765,100
self_bpc_all,1786215672662,72.3314,4.11089,100
self_bpc_all,1786215816470,72.3714,4.11168,100
self_bpc_all,1786215843414,72.3788,4.10665,100
self_bpc_all,1786215868106,72.3857,4.10605,100
self_bpc_all,1786215869211,72.386,4.10503,100
self_bpc_all,1786215888751,72.3914,4.10151,100
self_bpc_all,1786215901855,72.3951,4.10696,100
self_bpc_all,1786215915055,72.3987,4.10574,100
self_bpc_all,1786216037715,72.4328,4.11251,100
self_bpc_all,1786216198403,72.4775,4.11553,100
self_bpc_all,1786216287565,72.5022,4.1135,100
self_bpc_all,1786216484533,72.5569,4.12135,100
self_bpc_all,1786216641007,72.6004,4.12256,100
self_bpc_all,1786216853370,72.6594,4.12257,100
self_bpc_all,1786217328566,72.7914,4.12318,100
self_bpc_all,1786217329811,72.7917,4.12312,100
self_bpc_all,1786217428519,72.8192,4.11963,100
self_bpc_all,1786217460110,72.8279,4.12154,100
self_bpc_all,1786217486152,72.8352,4.12463,100
self_bpc_all,1786217531603,72.8478,4.13274,100
self_bpc_all,1786217591050,72.8643,4.12617,100
self_bpc_all,1786217666484,72.8853,4.12747,100
self_bpc_all,1786217694536,72.893,4.12906,100
self_bpc_all,1786217747280,72.9077,4.13269,100
self_bpc_all,1786217747879,72.9079,4.13339,100
self_bpc_all,1786217771028,72.9143,4.1305,100
self_bpc_all,1786217829570,72.9306,4.13064,100
self_bpc_all,1786217868582,72.9414,4.13849,100
self_bpc_all,1786217881784,72.9451,4.13765,100
self_bpc_all,1786217888868,72.947,4.13642,100
self_bpc_all,1786218077770,72.9995,4.13673,100
self_bpc_all,1786219081771,73.2784,4.13513,100
self_bpc_all,1786219089867,73.2806,4.13441,100
self_bpc_all,1786219746815,73.4631,4.13226,100
self_bpc_all,1786219830270,73.4863,4.12751,100
self_bpc_all,1786219876895,73.4993,4.12002,100
self_bpc_all,1786219930971,73.5143,4.12017,100
self_bpc_all,1786219931677,73.5145,4.12548,100
self_bpc_all,1786220042593,73.5453,4.12726,100
self_bpc_all,1786220043295,73.5455,4.12782,100
cond_win_bpc_all,1785987302321,8.8952,3.34828,100
cond_win_bpc_all,1785987340519,8.9058,3.32643,100
cond_win_bpc_all,1785987472384,8.9424,3.31792,100
cond_win_bpc_all,1785987481223,8.9449,3.29803,100
cond_win_bpc_all,1785987501612,8.9506,3.28423,100
cond_win_bpc_all,1785987501846,8.9506,3.26772,100
cond_win_bpc_all,1785987681826,9.0006,3.25084,100
cond_win_bpc_all,1785987758636,9.022,3.23812,100
cond_win_bpc_all,1785987778631,9.0275,3.20889,100
cond_win_bpc_all,1785987793764,9.0317,3.17032,100
cond_win_bpc_all,1785987924549,9.068,3.13453,100
cond_win_bpc_all,1785987970371,9.0808,3.11926,100
cond_win_bpc_all,1785988142068,9.1285,3.10763,100
cond_win_bpc_all,1785988315174,9.1766,3.08523,100
cond_win_bpc_all,1785988425117,9.2071,3.06705,100
cond_win_bpc_all,1785988448872,9.2137,3.04653,100
cond_win_bpc_all,1785988773585,9.3039,3.02777,100
cond_win_bpc_all,1785988803466,9.3122,3.01558,100
cond_win_bpc_all,1785988896314,9.338,3.00163,100
cond_win_bpc_all,1785989096450,9.3936,2.9816,100
cond_win_bpc_all,1785989239659,9.4334,2.9678,100
cond_win_bpc_all,1785989294121,9.4485,2.9558,100
cond_win_bpc_all,1785989355909,9.4656,2.94545,100
cond_win_bpc_all,1785989356286,9.4658,2.93183,100
cond_win_bpc_all,1785989356669,9.4659,2.92332,100
cond_win_bpc_all,1785989357061,9.466,2.91795,100
cond_win_bpc_all,1785989357450,9.4661,2.91344,100
cond_win_bpc_all,1785989357844,9.4662,2.91237,100
cond_win_bpc_all,1785989358321,9.4663,2.90702,100
cond_win_bpc_all,1785989358744,9.4664,2.90677,100
cond_win_bpc_all,1785989359153,9.4666,2.90442,100
cond_win_bpc_all,1785989359554,9.4667,2.90223,100
cond_win_bpc_all,1785989359924,9.4668,2.90083,100
cond_win_bpc_all,1785989360365,9.4669,2.89916,100
cond_win_bpc_all,1785989360772,9.467,2.89582,100
cond_win_bpc_all,1785989361205,9.4671,2.88632,100
cond_win_bpc_all,1785989361701,9.4673,2.88434,100
cond_win_bpc_all,1785989362099,9.4674,2.88161,100
cond_win_bpc_all,1785989362472,9.4675,2.88035,100
cond_win_bpc_all,1785989362840,9.4676,2.87929,100
cond_win_bpc_all,1785989363212,9.4677,2.87458,100
cond_win_bpc_all,1785989363658,9.4678,2.87381,100
cond_win_bpc_all,1785989592706,9.5314,2.86657,100
cond_win_bpc_all,1785990211804,9.7034,2.86416,100
cond_win_bpc_all,1785990273835,9.7206,2.85705,100
cond_win_bpc_all,1785990538091,9.794,2.85449,100
cond_win_bpc_all,1785990596643,9.8103,2.84944,100
cond_win_bpc_all,1785990923580,9.9011,2.84562,100
cond_win_bpc_all,1785991082959,9.9454,2.84287,100
cond_win_bpc_all,1785991168677,9.9692,2.84044,100
cond_win_bpc_all,1785991214755,9.982,2.83755,100
cond_win_bpc_all,1785991232003,9.9868,2.82911,100
cond_win_bpc_all,1785991323980,10.0123,2.81963,100
cond_win_bpc_all,1785991363867,10.0234,2.81961,100
cond_win_bpc_all,1785992178024,10.2496,2.82062,100
cond_win_bpc_all,1785992178528,10.2497,2.81794,100
cond_win_bpc_all,1785992298225,10.283,2.81538,100
cond_win_bpc_all,1785992494080,10.3374,2.81508,100
cond_win_bpc_all,1785992517735,10.3439,2.81316,100
cond_win_bpc_all,1785992596814,10.3659,2.81272,100
cond_win_bpc_all,1785992602016,10.3673,2.80526,100
cond_win_bpc_all,1785993095848,10.5045,2.80681,100
cond_win_bpc_all,1785993161734,10.5228,2.80461,100
cond_win_bpc_all,1785993200043,10.5335,2.79587,100
cond_win_bpc_all,1785993631363,10.6533,2.79454,100
cond_win_bpc_all,1785993636934,10.6548,2.79153,100
cond_win_bpc_all,1785993642501,10.6564,2.79436,100
cond_win_bpc_all,1785993705752,10.6739,2.79258,100
cond_win_bpc_all,1785993706038,10.674,2.79236,100
cond_win_bpc_all,1785993711025,10.6754,2.79048,100
cond_win_bpc_all,1785993716245,10.6769,2.77362,100
cond_win_bpc_all,1785993761635,10.6895,2.77238,100
cond_win_bpc_all,1785993761920,10.6895,2.76728,100
cond_win_bpc_all,1785993762203,10.6896,2.76276,100
cond_win_bpc_all,1785993762488,10.6897,2.76213,100
cond_win_bpc_all,1785993762788,10.6898,2.76284,100
cond_win_bpc_all,1785993763080,10.6899,2.76129,100
cond_win_bpc_all,1785993763371,10.6899,2.76119,100
cond_win_bpc_all,1785993763661,10.69,2.76141,100
cond_win_bpc_all,1785993787332,10.6966,2.76295,100
cond_win_bpc_all,1785993787618,10.6967,2.76487,100
cond_win_bpc_all,1785993787913,10.6968,2.76704,100
cond_win_bpc_all,1785993788224,10.6968,2.76838,100
cond_win_bpc_all,1785993788590,10.6969,2.76589,100
cond_win_bpc_all,1785993788894,10.697,2.76643,100
cond_win_bpc_all,1785993789194,10.6971,2.76732,100
cond_win_bpc_all,1785993792241,10.698,2.76314,100
cond_win_bpc_all,1785994324631,10.8459,2.76069,100
cond_win_bpc_all,1785994581353,10.9172,2.75184,100
cond_win_bpc_all,1785994611131,10.9254,2.74725,100
cond_win_bpc_all,1785994681971,10.9451,2.74317,100
cond_win_bpc_all,1785994682478,10.9453,2.74257,100
cond_win_bpc_all,1785994750657,10.9642,2.73603,100
cond_win_bpc_all,1785994864286,10.9958,2.73412,100
cond_win_bpc_all,1785994940921,11.017,2.71983,100
cond_win_bpc_all,1785995099726,11.0612,2.71914,100
cond_win_bpc_all,1785995411053,11.1476,2.71372,100
cond_win_bpc_all,1785995935766,11.2934,2.70868,100
cond_win_bpc_all,1785996019918,11.3168,2.70577,100
cond_win_bpc_all,1785996204733,11.3681,2.70852,100
cond_win_bpc_all,1785996247567,11.38,2.71124,100
cond_win_bpc_all,1785996378092,11.4163,2.70693,100
cond_win_bpc_all,1785996388903,11.4193,2.70571,100
cond_win_bpc_all,1785996392648,11.4203,2.70655,100
cond_win_bpc_all,1785996514760,11.4542,2.70445,100
cond_win_bpc_all,1785996629690,11.4861,2.70373,100
cond_win_bpc_all,1785996634110,11.4874,2.70085,100
cond_win_bpc_all,1785996638475,11.4886,2.69955,100
cond_win_bpc_all,1785996849166,11.5471,2.69702,100
cond_win_bpc_all,1785997001575,11.5894,2.70132,100
cond_win_bpc_all,1785997022155,11.5952,2.7108,100
cond_win_bpc_all,1785997365436,11.6905,2.70655,100
cond_win_bpc_all,1785997430105,11.7085,2.70085,100
cond_win_bpc_all,1785997493775,11.7262,2.70105,100
cond_win_bpc_all,1785997620753,11.7614,2.70512,100
cond_win_bpc_all,1785997801146,11.8115,2.70751,100
cond_win_bpc_all,1785997972837,11.8592,2.7101,100
cond_win_bpc_all,1785998087956,11.8912,2.7012,100
cond_win_bpc_all,1785998202406,11.923,2.69936,100
cond_win_bpc_all,1785998231007,11.931,2.70018,100
cond_win_bpc_all,1785998232472,11.9314,2.69839,100
cond_win_bpc_all,1785998441917,11.9895,2.69225,100
cond_win_bpc_all,1785998467719,11.9967,2.69047,100
cond_win_bpc_all,1785998523827,12.0123,2.67913,100
cond_win_bpc_all,1785998599342,12.0333,2.67492,100
cond_win_bpc_all,1785998600051,12.0335,2.66523,100
cond_win_bpc_all,1785998923333,12.1233,2.6651,100
cond_win_bpc_all,1785999165270,12.1905,2.65283,100
cond_win_bpc_all,1785999350321,12.2419,2.64703,100
cond_win_bpc_all,1785999357460,12.2439,2.64626,100
cond_win_bpc_all,1785999371577,12.2478,2.6418,100
cond_win_bpc_all,1785999382091,12.2507,2.63991,100
cond_win_bpc_all,1785999386892,12.252,2.63978,100
cond_win_bpc_all,1785999458516,12.2719,2.63886,100
cond_win_bpc_all,1785999460745,12.2725,2.63752,100
cond_win_bpc_all,1785999461903,12.2729,2.63386,100
cond_win_bpc_all,1785999484565,12.2792,2.6301,100
cond_win_bpc_all,1785999556180,12.2991,2.63032,100
cond_win_bpc_all,1785999709818,12.3417,2.62865,100
cond_win_bpc_all,1785999741027,12.3504,2.63118,100
cond_win_bpc_all,1785999783763,12.3623,2.63113,100
cond_win_bpc_all,1785999859163,12.3832,2.62944,100
cond_win_bpc_all,1786000125984,12.4573,2.62944,100
cond_win_bpc_all,1786000223267,12.4844,2.62952,100
cond_win_bpc_all,1786000351037,12.5199,2.63695,100
cond_win_bpc_all,1786000351663,12.52,2.63023,100
cond_win_bpc_all,1786000382798,12.5287,2.63113,100
cond_win_bpc_all,1786000404733,12.5348,2.63142,100
cond_win_bpc_all,1786000535806,12.5712,2.63464,100
cond_win_bpc_all,1786000546487,12.5741,2.63339,100
cond_win_bpc_all,1786000680669,12.6114,2.63406,100
cond_win_bpc_all,1786000697722,12.6162,2.6446,100
cond_win_bpc_all,1786000734752,12.6264,2.64271,100
cond_win_bpc_all,1786000782982,12.6398,2.63831,100
cond_win_bpc_all,1786000817163,12.6493,2.62221,100
cond_win_bpc_all,1786000945348,12.6849,2.62334,100
cond_win_bpc_all,1786001116970,12.7326,2.61693,100
cond_win_bpc_all,1786001145124,12.7404,2.61488,100
cond_win_bpc_all,1786001181411,12.7505,2.60783,100
cond_win_bpc_all,1786001209577,12.7583,2.60484,100
cond_win_bpc_all,1786001241877,12.7673,2.60096,100
cond_win_bpc_all,1786001278149,12.7774,2.58572,100
cond_win_bpc_all,1786001317037,12.7882,2.57674,100
cond_win_bpc_all,1786001372212,12.8035,2.57527,100
cond_win_bpc_all,1786001420774,12.817,2.56798,100
cond_win_bpc_all,1786001478373,12.833,2.56691,100
cond_win_bpc_all,1786001550895,12.8531,2.56357,100
cond_win_bpc_all,1786001556120,12.8546,2.55831,100
cond_win_bpc_all,1786001598501,12.8664,2.55815,100
cond_win_bpc_all,1786001612936,12.8704,2.55655,100
cond_win_bpc_all,1786001701932,12.8951,2.5629,100
cond_win_bpc_all,1786001720272,12.9002,2.56038,100
cond_win_bpc_all,1786001781739,12.9173,2.55932,100
cond_win_bpc_all,1786002047673,12.9911,2.56131,100
cond_win_bpc_all,1786002086471,13.0019,2.56153,100
cond_win_bpc_all,1786002198271,13.033,2.56303,100
cond_win_bpc_all,1786002198734,13.0331,2.56188,100
cond_win_bpc_all,1786002199179,13.0332,2.5622,100
cond_win_bpc_all,1786002199625,13.0333,2.56052,100
cond_win_bpc_all,1786002200104,13.0335,2.55986,100
cond_win_bpc_all,1786002200558,13.0336,2.55995,100
cond_win_bpc_all,1786002321852,13.0673,2.55093,100
cond_win_bpc_all,1786002354676,13.0764,2.53761,100
cond_win_bpc_all,1786002427223,13.0966,2.53408,100
cond_win_bpc_all,1786002427734,13.0967,2.53105,100
cond_win_bpc_all,1786002617240,13.1494,2.53127,100
cond_win_bpc_all,1786002798191,13.1996,2.53274,100
cond_win_bpc_all,1786002817694,13.205,2.52914,100
cond_win_bpc_all,1786002818183,13.2052,2.53085,100
cond_win_bpc_all,1786002879380,13.2222,2.53299,100
cond_win_bpc_all,1786002894475,13.2264,2.5364,100
cond_win_bpc_all,1786002914793,13.232,2.53757,100
cond_win_bpc_all,1786003018248,13.2607,2.54032,100
cond_win_bpc_all,1786003195687,13.31,2.5425,100
cond_win_bpc_all,1786003525650,13.4017,2.54405,100
cond_win_bpc_all,1786003526114,13.4018,2.54414,100
cond_win_bpc_all,1786004073219,13.5538,2.5446,100
cond_win_bpc_all,1786004083330,13.5566,2.54595,100
cond_win_bpc_all,1786004151146,13.5754,2.54538,100
cond_win_bpc_all,1786004168014,13.5801,2.53551,100
cond_win_bpc_all,1786004350323,13.6308,2.53189,100
cond_win_bpc_all,1786004351461,13.6311,2.53234,100
cond_win_bpc_all,1786004352571,13.6314,2.53103,100
cond_win_bpc_all,1786004353696,13.6317,2.53148,100
cond_win_bpc_all,1786004372467,13.6369,2.52807,100
cond_win_bpc_all,1786004393736,13.6428,2.52672,100
cond_win_bpc_all,1786004407007,13.6465,2.52729,100
cond_win_bpc_all,1786004415188,13.6488,2.52689,100
cond_win_bpc_all,1786004437426,13.655,2.53168,100
cond_win_bpc_all,1786004475412,13.6655,2.52996,100
cond_win_bpc_all,1786004760195,13.7446,2.52518,100
cond_win_bpc_all,1786004955684,13.7989,2.52762,100
cond_win_bpc_all,1786005328449,13.9025,2.52948,100
cond_win_bpc_all,1786005380884,13.917,2.52728,100
cond_win_bpc_all,1786005523513,13.9567,2.52847,100
cond_win_bpc_all,1786005541839,13.9617,2.5283,100
cond_win_bpc_all,1786005561727,13.9673,2.52999,100
cond_win_bpc_all,1786005824317,14.0402,2.53233,100
cond_win_bpc_all,1786005950648,14.0753,2.53327,100
cond_win_bpc_all,1786005950998,14.0754,2.53321,100
cond_win_bpc_all,1786006339875,14.1834,2.52599,100
cond_win_bpc_all,1786006447193,14.2132,2.52818,100
cond_win_bpc_all,1786006900861,14.3392,2.52837,100
cond_win_bpc_all,1786007109650,14.3972,2.53123,100
cond_win_bpc_all,1786007959361,14.6333,2.53359,100
cond_win_bpc_all,1786008449746,14.7695,2.53791,100
cond_win_bpc_all,1786008601912,14.8118,2.53645,100
cond_win_bpc_all,1786008626919,14.8187,2.54542,100
cond_win_bpc_all,1786008642402,14.823,2.5512,100
cond_win_bpc_all,1786008642942,14.8232,2.55215,100
cond_win_bpc_all,1786008645746,14.8239,2.55373,100
cond_win_bpc_all,1786008650629,14.8253,2.55593,100
cond_win_bpc_all,1786008654780,14.8264,2.55498,100
cond_win_bpc_all,1786008770778,14.8587,2.56005,100
cond_win_bpc_all,1786008842920,14.8787,2.56039,100
cond_win_bpc_all,1786008868054,14.8857,2.56201,100
cond_win_bpc_all,1786008868998,14.886,2.56487,100
cond_win_bpc_all,1786008869714,14.8862,2.56517,100
cond_win_bpc_all,1786008888568,14.8914,2.55972,100
cond_win_bpc_all,1786008931901,14.9034,2.5503,100
cond_win_bpc_all,1786009268389,14.9969,2.55201,100
cond_win_bpc_all,1786009269694,14.9973,2.55462,100
cond_win_bpc_all,1786009396987,15.0326,2.55482,100
cond_win_bpc_all,1786009406169,15.0352,2.55289,100
cond_win_bpc_all,1786009430406,15.0419,2.54339,100
cond_win_bpc_all,1786009444719,15.0459,2.54544,100
cond_win_bpc_all,1786009461660,15.0506,2.54277,100
cond_win_bpc_all,1786009462024,15.0507,2.54307,100
cond_win_bpc_all,1786009498520,15.0608,2.54255,100
cond_win_bpc_all,1786009513733,15.065,2.54472,100
cond_win_bpc_all,1786009524366,15.068,2.5436,100
cond_win_bpc_all,1786009524996,15.0682,2.5377,100
cond_win_bpc_all,1786009576357,15.0824,2.54056,100
cond_win_bpc_all,1786010228578,15.2636,2.54294,100
cond_win_bpc_all,1786010515759,15.3434,2.557,100
cond_win_bpc_all,1786010643969,15.379,2.55735,100
cond_win_bpc_all,1786010667458,15.3855,2.56506,100
cond_win_bpc_all,1786010671819,15.3867,2.56652,100
cond_win_bpc_all,1786010699035,15.3943,2.56937,100
cond_win_bpc_all,1786010716359,15.3991,2.57269,100
cond_win_bpc_all,1786010740486,15.4058,2.57927,100
cond_win_bpc_all,1786010741068,15.406,2.59221,100
cond_win_bpc_all,1786011112567,15.5092,2.59881,100
cond_win_bpc_all,1786011113022,15.5093,2.60978,100
cond_win_bpc_all,1786011113490,15.5094,2.61596,100
cond_win_bpc_all,1786011113942,15.5095,2.61658,100
cond_win_bpc_all,1786011162904,15.5231,2.62274,100
cond_win_bpc_all,1786011193265,15.5316,2.62851,100
cond_win_bpc_all,1786011555478,15.6322,2.62989,100
cond_win_bpc_all,1786011629048,15.6526,2.63209,100
cond_win_bpc_all,1786011710793,15.6753,2.63601,100
cond_win_bpc_all,1786011778068,15.694,2.6407,100
cond_win_bpc_all,1786012038268,15.7663,2.63809,100
cond_win_bpc_all,1786012220702,15.817,2.63502,100
cond_win_bpc_all,1786012231441,15.82,2.63503,100
cond_win_bpc_all,1786012563976,15.9123,2.62882,100
cond_win_bpc_all,1786012566844,15.9131,2.62971,100
cond_win_bpc_all,1786012569765,15.9139,2.62726,100
cond_win_bpc_all,1786012918956,16.0109,2.63132,100
cond_win_bpc_all,1786013135022,16.071,2.63403,100
cond_win_bpc_all,1786013145659,16.0739,2.63499,100
cond_win_bpc_all,1786013566422,16.1908,2.64823,100
cond_win_bpc_all,1786013569275,16.1916,2.67073,100
cond_win_bpc_all,1786013585541,16.1961,2.67906,100
cond_win_bpc_all,1786013725948,16.2351,2.68718,100
cond_win_bpc_all,1786014044025,16.3235,2.68292,100
cond_win_bpc_all,1786014048346,16.3247,2.68212,100
cond_win_bpc_all,1786014051289,16.3255,2.68572,100
cond_win_bpc_all,1786014054092,16.3263,2.68642,100
cond_win_bpc_all,1786014089891,16.3362,2.68475,100
cond_win_bpc_all,1786014465696,16.4406,2.67743,100
cond_win_bpc_all,1786014492756,16.4481,2.68026,100
cond_win_bpc_all,1786014652839,16.4926,2.66688,100
cond_win_bpc_all,1786014672828,16.4981,2.66308,100
cond_win_bpc_all,1786014673033,16.4982,2.6679,100
cond_win_bpc_all,1786014801891,16.534,2.661,100
cond_win_bpc_all,1786014817296,16.5383,2.66273,100
cond_win_bpc_all,1786015000344,16.5891,2.66155,100
cond_win_bpc_all,1786015133818,16.6262,2.66616,100
cond_win_bpc_all,1786015142166,16.6285,2.6766,100
cond_win_bpc_all,1786015204126,16.6457,2.67902,100
cond_win_bpc_all,1786015207084,16.6465,2.68012,100
cond_win_bpc_all,1786015210089,16.6474,2.68314,100
cond_win_bpc_all,1786015310636,16.6753,2.6786,100
cond_win_bpc_all,1786015320935,16.6782,2.68274,100
cond_win_bpc_all,1786015410539,16.703,2.67899,100
cond_win_bpc_all,1786015610105,16.7585,2.67788,100
cond_win_bpc_all,1786016110802,16.8976,2.67154,100
cond_win_bpc_all,1786016126848,16.902,2.66306,100
cond_win_bpc_all,1786016194600,16.9208,2.66096,100
cond_win_bpc_all,1786016378349,16.9719,2.66926,100
cond_win_bpc_all,1786016398634,16.9775,2.66785,100
cond_win_bpc_all,1786016399407,16.9777,2.66659,100
cond_win_bpc_all,1786016426330,16.9852,2.66638,100
cond_win_bpc_all,1786016704259,17.0624,2.66665,100
cond_win_bpc_all,1786016717846,17.0662,2.67242,100
cond_win_bpc_all,1786016848152,17.1024,2.67081,100
cond_win_bpc_all,1786016848878,17.1026,2.67196,100
cond_win_bpc_all,1786016850192,17.103,2.67662,100
cond_win_bpc_all,1786017038738,17.1553,2.67421,100
cond_win_bpc_all,1786017038920,17.1554,2.6826,100
cond_win_bpc_all,1786017039110,17.1554,2.68239,100
cond_win_bpc_all,1786017039288,17.1555,2.68167,100
cond_win_bpc_all,1786017039452,17.1555,2.67733,100
cond_win_bpc_all,1786017232410,17.2091,2.68789,100
cond_win_bpc_all,1786017383136,17.251,2.68833,100
cond_win_bpc_all,1786018628658,17.597,2.68772,100
cond_win_bpc_all,1786018661711,17.6062,2.68388,100
cond_win_bpc_all,1786018794513,17.643,2.67731,100
cond_win_bpc_all,1786018803688,17.6456,2.67361,100
cond_win_bpc_all,1786018827012,17.6521,2.67217,100
cond_win_bpc_all,1786018876424,17.6658,2.66523,100
cond_win_bpc_all,1786018907630,17.6745,2.66426,100
cond_win_bpc_all,1786018908541,17.6747,2.66113,100
cond_win_bpc_all,1786018913240,17.676,2.6553,100
cond_win_bpc_all,1786018987643,17.6967,2.63467,100
cond_win_bpc_all,1786019100994,17.7282,2.62571,100
cond_win_bpc_all,1786019101467,17.7283,2.62025,100
cond_win_bpc_all,1786019102062,17.7285,2.6256,100
cond_win_bpc_all,1786019105041,17.7293,2.63459,100
cond_win_bpc_all,1786019107873,17.7301,2.63143,100
cond_win_bpc_all,1786019159674,17.7445,2.62401,100
cond_win_bpc_all,1786019193259,17.7538,2.62575,100
cond_win_bpc_all,1786019204195,17.7568,2.62451,100
cond_win_bpc_all,1786019204541,17.7569,2.62966,100
cond_win_bpc_all,1786019205561,17.7572,2.62729,100
cond_win_bpc_all,1786019213646,17.7595,2.62515,100
cond_win_bpc_all,1786019233768,17.7651,2.62299,100
cond_win_bpc_all,1786019237162,17.766,2.61676,100
cond_win_bpc_all,1786019260689,17.7725,2.6165,100
cond_win_bpc_all,1786019443532,17.8233,2.61296,100
cond_win_bpc_all,1786019460629,17.8281,2.6072,100
cond_win_bpc_all,1786019476936,17.8326,2.60672,100
cond_win_bpc_all,1786019478560,17.8331,2.6014,100
cond_win_bpc_all,1786019516595,17.8436,2.59527,100
cond_win_bpc_all,1786019842343,17.9341,2.59235,100
cond_win_bpc_all,1786019853444,17.9372,2.59072,100
cond_win_bpc_all,1786019853936,17.9373,2.59125,100
cond_win_bpc_all,1786019855231,17.9377,2.58648,100
cond_win_bpc_all,1786020141649,18.0172,2.58595,100
cond_win_bpc_all,1786020187076,18.0299,2.58516,100
cond_win_bpc_all,1786020199583,18.0333,2.58705,100
cond_win_bpc_all,1786020206532,18.0353,2.58918,100
cond_win_bpc_all,1786020210072,18.0363,2.58506,100
cond_win_bpc_all,1786020252743,18.0481,2.58745,100
cond_win_bpc_all,1786020254389,18.0486,2.58939,100
cond_win_bpc_all,1786020267236,18.0521,2.58667,100
cond_win_bpc_all,1786020294682,18.0598,2.58918,100
cond_win_bpc_all,1786020346358,18.0741,2.58732,100
cond_win_bpc_all,1786020355033,18.0765,2.58425,100
cond_win_bpc_all,1786020366836,18.0798,2.58084,100
cond_win_bpc_all,1786020415304,18.0933,2.57754,100
cond_win_bpc_all,1786020534166,18.1263,2.5824,100
cond_win_bpc_all,1786020542102,18.1285,2.58179,100
cond_win_bpc_all,1786020548608,18.1303,2.58331,100
cond_win_bpc_all,1786020556314,18.1324,2.5874,100
cond_win_bpc_all,1786020559239,18.1332,2.58704,100
cond_win_bpc_all,1786020563422,18.1344,2.59205,100
cond_win_bpc_all,1786020607736,18.1467,2.58744,100
cond_win_bpc_all,1786020721970,18.1784,2.58675,100
cond_win_bpc_all,1786020726423,18.1797,2.58644,100
cond_win_bpc_all,1786020731026,18.181,2.58677,100
cond_win_bpc_all,1786020802213,18.2007,2.58858,100
cond_win_bpc_all,1786020805429,18.2016,2.58635,100
cond_win_bpc_all,1786020807623,18.2022,2.58447,100
cond_win_bpc_all,1786020808332,18.2024,2.58677,100
cond_win_bpc_all,1786020811324,18.2033,2.58516,100
cond_win_bpc_all,1786020814274,18.2041,2.58434,100
cond_win_bpc_all,1786020857013,18.216,2.58787,100
cond_win_bpc_all,1786020858540,18.2164,2.58529,100
cond_win_bpc_all,1786020868732,18.2192,2.58819,100
cond_win_bpc_all,1786020887641,18.2245,2.58757,100
cond_win_bpc_all,1786020916220,18.2324,2.59373,100
cond_win_bpc_all,1786020949145,18.2415,2.59464,100
cond_win_bpc_all,1786020951430,18.2422,2.58706,100
cond_win_bpc_all,1786020951879,18.2423,2.59129,100
cond_win_bpc_all,1786021007321,18.2577,2.59714,100
cond_win_bpc_all,1786021103033,18.2843,2.59603,100
cond_win_bpc_all,1786021199398,18.3111,2.58927,100
cond_win_bpc_all,1786021205518,18.3128,2.58857,100
cond_win_bpc_all,1786021303577,18.34,2.58866,100
cond_win_bpc_all,1786021347602,18.3522,2.59175,100
cond_win_bpc_all,1786021347842,18.3523,2.5922,100
cond_win_bpc_all,1786021348006,18.3523,2.59605,100
cond_win_bpc_all,1786021535050,18.4043,2.59948,100
cond_win_bpc_all,1786021788112,18.4746,2.60255,100
cond_win_bpc_all,1786021794178,18.4763,2.60512,100
cond_win_bpc_all,1786021802585,18.4786,2.61146,100
cond_win_bpc_all,1786021855624,18.4933,2.61676,100
cond_win_bpc_all,1786021874534,18.4986,2.61985,100
cond_win_bpc_all,1786021940829,18.517,2.62187,100
cond_win_bpc_all,1786022067554,18.5522,2.62057,100
cond_win_bpc_all,1786022115597,18.5656,2.62505,100
cond_win_bpc_all,1786022116228,18.5657,2.63279,100
cond_win_bpc_all,1786022364208,18.6346,2.63112,100
cond_win_bpc_all,1786022388459,18.6414,2.63455,100
cond_win_bpc_all,1786022390124,18.6418,2.63559,100
cond_win_bpc_all,1786022410256,18.6474,2.62647,100
cond_win_bpc_all,1786022422769,18.6509,2.62436,100
cond_win_bpc_all,1786022458907,18.6609,2.62973,100
cond_win_bpc_all,1786022471637,18.6645,2.63667,100
cond_win_bpc_all,1786022520063,18.6779,2.64141,100
cond_win_bpc_all,1786022554475,18.6875,2.64453,100
cond_win_bpc_all,1786022559774,18.6889,2.64932,100
cond_win_bpc_all,1786022575686,18.6934,2.64135,100
cond_win_bpc_all,1786022689958,18.7251,2.64012,100
cond_win_bpc_all,1786022690363,18.7252,2.64162,100
cond_win_bpc_all,1786022690783,18.7253,2.64372,100
cond_win_bpc_all,1786022691230,18.7255,2.64469,100
cond_win_bpc_all,1786022712199,18.7313,2.64641,100
cond_win_bpc_all,1786022989068,18.8082,2.64676,100
cond_win_bpc_all,1786023338584,18.9053,2.64781,100
cond_win_bpc_all,1786023396255,18.9213,2.64737,100
cond_win_bpc_all,1786023515786,18.9545,2.64961,100
cond_win_bpc_all,1786023522664,18.9564,2.6504,100
cond_win_bpc_all,1786023524395,18.9569,2.66718,100
cond_win_bpc_all,1786023535683,18.96,2.67887,100
cond_win_bpc_all,1786023560243,18.9669,2.69176,100
cond_win_bpc_all,1786023581970,18.9729,2.69632,100
cond_win_bpc_all,1786023594950,18.9765,2.69991,100
cond_win_bpc_all,1786023731508,19.0144,2.69999,100
cond_win_bpc_all,1786023920280,19.0669,2.70742,100
cond_win_bpc_all,1786023920866,19.067,2.7074,100
cond_win_bpc_all,1786024004792,19.0903,2.70637,100
cond_win_bpc_all,1786024067664,19.1078,2.70834,100
cond_win_bpc_all,1786024100595,19.117,2.70869,100
cond_win_bpc_all,1786024225085,19.1515,2.70778,100
cond_win_bpc_all,1786024225507,19.1516,2.70847,100
cond_win_bpc_all,1786024225887,19.1518,2.7102,100
cond_win_bpc_all,1786024226284,19.1519,2.70919,100
cond_win_bpc_all,1786024226690,19.152,2.71314,100
cond_win_bpc_all,1786024411048,19.2032,2.72148,100
cond_win_bpc_all,1786024647902,19.269,2.7267,100
cond_win_bpc_all,1786024672485,19.2758,2.73224,100
cond_win_bpc_all,1786024672652,19.2759,2.73702,100
cond_win_bpc_all,1786024672835,19.2759,2.74181,100
cond_win_bpc_all,1786024721738,19.2895,2.73808,100
cond_win_bpc_all,1786024925414,19.3461,2.73852,100
cond_win_bpc_all,1786025114142,19.3985,2.73955,100
cond_win_bpc_all,1786025214539,19.4264,2.74337,100
cond_win_bpc_all,1786025405183,19.4793,2.74487,100
cond_win_bpc_all,1786025408709,19.4803,2.74361,100
cond_win_bpc_all,1786025412083,19.4813,2.7429,100
cond_win_bpc_all,1786025413586,19.4817,2.74897,100
cond_win_bpc_all,1786025498761,19.5053,2.74511,100
cond_win_bpc_all,1786025721627,19.5672,2.74602,100
cond_win_bpc_all,1786025984190,19.6402,2.7503,100
cond_win_bpc_all,1786026790135,19.864,2.74872,100
cond_win_bpc_all,1786027081930,19.9451,2.74987,100
cond_win_bpc_all,1786027082514,19.9453,2.74905,100
cond_win_bpc_all,1786027083125,19.9454,2.75165,100
cond_win_bpc_all,1786027329966,20.014,2.74047,100
cond_win_bpc_all,1786027355716,20.0212,2.73427,100
cond_win_bpc_all,1786027367729,20.0245,2.73231,100
cond_win_bpc_all,1786027435063,20.0432,2.72121,100
cond_win_bpc_all,1786027480392,20.0558,2.70666,100
cond_win_bpc_all,1786027490772,20.0587,2.70945,100
cond_win_bpc_all,1786027497752,20.0606,2.70609,100
cond_win_bpc_all,1786027540434,20.0725,2.70731,100
cond_win_bpc_all,1786027694905,20.1154,2.70454,100
cond_win_bpc_all,1786027732344,20.1258,2.70229,100
cond_win_bpc_all,1786027793323,20.1427,2.69237,100
cond_win_bpc_all,1786027826305,20.1519,2.69316,100
cond_win_bpc_all,1786028156619,20.2436,2.69399,100
cond_win_bpc_all,1786028156807,20.2437,2.69487,100
cond_win_bpc_all,1786028156975,20.2437,2.69513,100
cond_win_bpc_all,1786028222840,20.262,2.69665,100
cond_win_bpc_all,1786028223054,20.2621,2.69768,100
cond_win_bpc_all,1786028506669,20.3409,2.69669,100
cond_win_bpc_all,1786028659086,20.3832,2.69635,100
cond_win_bpc_all,1786028699168,20.3943,2.69147,100
cond_win_bpc_all,1786028893777,20.4484,2.69216,100
cond_win_bpc_all,1786029000397,20.478,2.6998,100
cond_win_bpc_all,1786029027742,20.4856,2.70059,100
cond_win_bpc_all,1786029074371,20.4986,2.71054,100
cond_win_bpc_all,1786029160291,20.5224,2.70104,100
cond_win_bpc_all,1786029216070,20.5379,2.69475,100
cond_win_bpc_all,1786029216521,20.538,2.69622,100
cond_win_bpc_all,1786029216910,20.5382,2.69995,100
cond_win_bpc_all,1786029225082,20.5404,2.70089,100
cond_win_bpc_all,1786030176617,20.8047,2.69811,100
cond_win_bpc_all,1786030284428,20.8347,2.68877,100
cond_win_bpc_all,1786030307283,20.841,2.68777,100
cond_win_bpc_all,1786030309698,20.8417,2.67976,100
cond_win_bpc_all,1786030364229,20.8568,2.67703,100
cond_win_bpc_all,1786030390263,20.8641,2.6776,100
cond_win_bpc_all,1786030390593,20.8642,2.6771,100
cond_win_bpc_all,1786030390727,20.8642,2.6736,100
cond_win_bpc_all,1786030519173,20.8999,2.67241,100
cond_win_bpc_all,1786030590360,20.9197,2.67302,100
cond_win_bpc_all,1786030619448,20.9277,2.67192,100
cond_win_bpc_all,1786030708344,20.9524,2.67728,100
cond_win_bpc_all,1786030713418,20.9538,2.66794,100
cond_win_bpc_all,1786030726207,20.9574,2.66199,100
cond_win_bpc_all,1786030818895,20.9831,2.66241,100
cond_win_bpc_all,1786030856978,20.9937,2.65656,100
cond_win_bpc_all,1786030925084,21.0126,2.65101,100
cond_win_bpc_all,1786030999254,21.0332,2.66376,100
cond_win_bpc_all,1786031172477,21.0814,2.65553,100
cond_win_bpc_all,1786031374834,21.1376,2.64764,100
cond_win_bpc_all,1786031390559,21.1419,2.64485,100
cond_win_bpc_all,1786031395470,21.1433,2.64272,100
cond_win_bpc_all,1786031402443,21.1452,2.64033,100
cond_win_bpc_all,1786031427697,21.1523,2.64129,100
cond_win_bpc_all,1786031428083,21.1524,2.64272,100
cond_win_bpc_all,1786031428470,21.1525,2.64272,100
cond_win_bpc_all,1786031540889,21.1837,2.63951,100
cond_win_bpc_all,1786031622654,21.2064,2.63569,100
cond_win_bpc_all,1786031634200,21.2096,2.6286,100
cond_win_bpc_all,1786031951944,21.2979,2.63084,100
cond_win_bpc_all,1786032108193,21.3413,2.62884,100
cond_win_bpc_all,1786032116160,21.3435,2.6291,100
cond_win_bpc_all,1786032163778,21.3567,2.63079,100
cond_win_bpc_all,1786032315163,21.3988,2.6294,100
cond_win_bpc_all,1786032332839,21.4037,2.63274,100
cond_win_bpc_all,1786032444464,21.4347,2.63652,100
cond_win_bpc_all,1786032576415,21.4713,2.63457,100
cond_win_bpc_all,1786032576924,21.4715,2.63013,100
cond_win_bpc_all,1786032649808,21.4917,2.6293,100
cond_win_bpc_all,1786032650052,21.4918,2.62876,100
cond_win_bpc_all,1786032677474,21.4994,2.62838,100
cond_win_bpc_all,1786032687718,21.5023,2.62655,100
cond_win_bpc_all,1786032730250,21.5141,2.62415,100
cond_win_bpc_all,1786032873585,21.5539,2.6268,100
cond_win_bpc_all,1786032895016,21.5598,2.62419,100
cond_win_bpc_all,1786033003421,21.59,2.62408,100
cond_win_bpc_all,1786033096527,21.6158,2.62687,100
cond_win_bpc_all,1786033222133,21.6507,2.62437,100
cond_win_bpc_all,1786033222667,21.6509,2.6259,100
cond_win_bpc_all,1786033305260,21.6738,2.622,100
cond_win_bpc_all,1786033349351,21.6861,2.61958,100
cond_win_bpc_all,1786033349671,21.6861,2.61615,100
cond_win_bpc_all,1786033350021,21.6862,2.61209,100
cond_win_bpc_all,1786033350455,21.6864,2.60434,100
cond_win_bpc_all,1786033350765,21.6864,2.60069,100
cond_win_bpc_all,1786033351051,21.6865,2.59219,100
cond_win_bpc_all,1786033351320,21.6866,2.5889,100
cond_win_bpc_all,1786033351659,21.6867,2.58335,100
cond_win_bpc_all,1786033351957,21.6868,2.57976,100
cond_win_bpc_all,1786033352214,21.6868,2.57108,100
cond_win_bpc_all,1786033379810,21.6945,2.57048,100
cond_win_bpc_all,1786033399393,21.7,2.56527,100
cond_win_bpc_all,1786033414808,21.7042,2.56553,100
cond_win_bpc_all,1786033440843,21.7115,2.55507,100
cond_win_bpc_all,1786033463533,21.7178,2.55645,100
cond_win_bpc_all,1786033465895,21.7184,2.55594,100
cond_win_bpc_all,1786033466517,21.7186,2.55605,100
cond_win_bpc_all,1786033590843,21.7531,2.55397,100
cond_win_bpc_all,1786033606155,21.7574,2.55404,100
cond_win_bpc_all,1786033611648,21.7589,2.55635,100
cond_win_bpc_all,1786033617108,21.7604,2.55664,100
cond_win_bpc_all,1786033710792,21.7865,2.56339,100
cond_win_bpc_all,1786033768879,21.8026,2.56527,100
cond_win_bpc_all,1786033796794,21.8103,2.5676,100
cond_win_bpc_all,1786033854367,21.8263,2.57655,100
cond_win_bpc_all,1786033859641,21.8278,2.5833,100
cond_win_bpc_all,1786034322145,21.9563,2.5829,100
cond_win_bpc_all,1786034438285,21.9885,2.5815,100
cond_win_bpc_all,1786034496622,22.0047,2.5845,100
cond_win_bpc_all,1786034539635,22.0167,2.58619,100
cond_win_bpc_all,1786034643798,22.0456,2.58776,100
cond_win_bpc_all,1786034723534,22.0678,2.59156,100
cond_win_bpc_all,1786034807133,22.091,2.58951,100
cond_win_bpc_all,1786034819384,22.0944,2.58992,100
cond_win_bpc_all,1786034915554,22.1211,2.58996,100
cond_win_bpc_all,1786035283778,22.2234,2.59003,100
cond_win_bpc_all,1786035317247,22.2327,2.58596,100
cond_win_bpc_all,1786035449240,22.2694,2.57982,100
cond_win_bpc_all,1786035701705,22.3395,2.58069,100
cond_win_bpc_all,1786035779642,22.3611,2.58894,100
cond_win_bpc_all,1786035962929,22.412,2.58909,100
cond_win_bpc_all,1786036053590,22.4372,2.58765,100
cond_win_bpc_all,1786036146415,22.463,2.59008,100
cond_win_bpc_all,1786036147566,22.4633,2.59156,100
cond_win_bpc_all,1786036251426,22.4922,2.59108,100
cond_win_bpc_all,1786036318361,22.5108,2.59925,100
cond_win_bpc_all,1786036319488,22.5111,2.60205,100
cond_win_bpc_all,1786036320621,22.5114,2.60285,100
cond_win_bpc_all,1786036321757,22.5117,2.60468,100
cond_win_bpc_all,1786036401087,22.5338,2.60428,100
cond_win_bpc_all,1786036464844,22.5515,2.60591,100
cond_win_bpc_all,1786036554370,22.5763,2.60819,100
cond_win_bpc_all,1786036654947,22.6043,2.60665,100
cond_win_bpc_all,1786036749235,22.6305,2.61345,100
cond_win_bpc_all,1786036800551,22.6447,2.61032,100
cond_win_bpc_all,1786036803628,22.6456,2.61003,100
cond_win_bpc_all,1786036804371,22.6458,2.60793,100
cond_win_bpc_all,1786036840882,22.6559,2.60326,100
cond_win_bpc_all,1786036957564,22.6883,2.60651,100
cond_win_bpc_all,1786036958790,22.6887,2.608,100
cond_win_bpc_all,1786037009840,22.7029,2.60682,100
cond_win_bpc_all,1786037021694,22.7061,2.60287,100
cond_win_bpc_all,1786037028518,22.708,2.60756,100
cond_win_bpc_all,1786037050570,22.7142,2.60964,100
cond_win_bpc_all,1786037235231,22.7655,2.60988,100
cond_win_bpc_all,1786037414258,22.8152,2.61319,100
cond_win_bpc_all,1786037449044,22.8249,2.61864,100
cond_win_bpc_all,1786037514356,22.843,2.61822,100
cond_win_bpc_all,1786037551322,22.8533,2.62531,100
cond_win_bpc_all,1786037573315,22.8594,2.6262,100
cond_win_bpc_all,1786037573984,22.8596,2.62061,100
cond_win_bpc_all,1786037623763,22.8734,2.62153,100
cond_win_bpc_all,1786037696332,22.8935,2.60946,100
cond_win_bpc_all,1786037814148,22.9263,2.60691,100
cond_win_bpc_all,1786037911105,22.9532,2.60541,100
cond_win_bpc_all,1786038156906,23.0215,2.60549,100
cond_win_bpc_all,1786038157447,23.0216,2.60982,100
cond_win_bpc_all,1786038157945,23.0218,2.61226,100
cond_win_bpc_all,1786038158445,23.0219,2.62045,100
cond_win_bpc_all,1786038158939,23.022,2.62005,100
cond_win_bpc_all,1786038286738,23.0575,2.60844,100
cond_win_bpc_all,1786038338476,23.0719,2.61204,100
cond_win_bpc_all,1786038339172,23.0721,2.60905,100
cond_win_bpc_all,1786038339880,23.0723,2.6055,100
cond_win_bpc_all,1786038340609,23.0725,2.60587,100
cond_win_bpc_all,1786038371100,23.081,2.59434,100
cond_win_bpc_all,1786038371459,23.0811,2.5899,100
cond_win_bpc_all,1786038483689,23.1123,2.58567,100
cond_win_bpc_all,1786038572570,23.1369,2.58839,100
cond_win_bpc_all,1786038584607,23.1403,2.58854,100
cond_win_bpc_all,1786038600342,23.1447,2.5896,100
cond_win_bpc_all,1786038730072,23.1807,2.58759,100
cond_win_bpc_all,1786038730544,23.1808,2.57655,100
cond_win_bpc_all,1786038730996,23.181,2.57519,100
cond_win_bpc_all,1786038731448,23.1811,2.57379,100
cond_win_bpc_all,1786038731902,23.1812,2.57121,100
cond_win_bpc_all,1786038740507,23.1836,2.56713,100
cond_win_bpc_all,1786038741005,23.1837,2.5621,100
cond_win_bpc_all,1786038741470,23.1839,2.56048,100
cond_win_bpc_all,1786038741963,23.184,2.56204,100
cond_win_bpc_all,1786038742433,23.1841,2.55954,100
cond_win_bpc_all,1786038845072,23.2126,2.55536,100
cond_win_bpc_all,1786038921857,23.234,2.55775,100
cond_win_bpc_all,1786039058390,23.2719,2.5607,100
cond_win_bpc_all,1786039122731,23.2898,2.56665,100
cond_win_bpc_all,1786039166386,23.3019,2.57793,100
cond_win_bpc_all,1786039201214,23.3116,2.58332,100
cond_win_bpc_all,1786039235811,23.3212,2.58943,100
cond_win_bpc_all,1786039241319,23.3227,2.59833,100
cond_win_bpc_all,1786039259731,23.3278,2.60133,100
cond_win_bpc_all,1786039276804,23.3326,2.60462,100
cond_win_bpc_all,1786039280272,23.3335,2.6092,100
cond_win_bpc_all,1786039371002,23.3587,2.60791,100
cond_win_bpc_all,1786039385135,23.3627,2.61592,100
cond_win_bpc_all,1786039410174,23.3696,2.6133,100
cond_win_bpc_all,1786039442226,23.3785,2.61064,100
cond_win_bpc_all,1786039459419,23.3833,2.60769,100
cond_win_bpc_all,1786039581527,23.4172,2.60612,100
cond_win_bpc_all,1786039620411,23.428,2.60613,100
cond_win_bpc_all,1786039635476,23.4322,2.60833,100
cond_win_bpc_all,1786039663308,23.4399,2.60936,100
cond_win_bpc_all,1786039686513,23.4464,2.61044,100
cond_win_bpc_all,1786039687021,23.4465,2.61422,100
cond_win_bpc_all,1786039687502,23.4466,2.61737,100
cond_win_bpc_all,1786039688011,23.4468,2.61582,100
cond_win_bpc_all,1786039688466,23.4469,2.6208,100
cond_win_bpc_all,1786039942925,23.5176,2.60895,100
cond_win_bpc_all,1786039943171,23.5177,2.61058,100
cond_win_bpc_all,1786040223088,23.5954,2.61475,100
cond_win_bpc_all,1786040369611,23.6361,2.61357,100
cond_win_bpc_all,1786040476085,23.6657,2.60781,100
cond_win_bpc_all,1786040639998,23.7112,2.59624,100
cond_win_bpc_all,1786040709014,23.7304,2.59311,100
cond_win_bpc_all,1786040738409,23.7386,2.58952,100
cond_win_bpc_all,1786040790563,23.7531,2.59324,100
cond_win_bpc_all,1786040844369,23.768,2.59472,100
cond_win_bpc_all,1786040844978,23.7682,2.59867,100
cond_win_bpc_all,1786040857939,23.7718,2.60477,100
cond_win_bpc_all,1786040961753,23.8006,2.60403,100
cond_win_bpc_all,1786040986456,23.8075,2.59464,100
cond_win_bpc_all,1786041071389,23.8311,2.59778,100
cond_win_bpc_all,1786041081683,23.8339,2.59801,100
cond_win_bpc_all,1786041082348,23.8341,2.59488,100
cond_win_bpc_all,1786041082725,23.8342,2.59276,100
cond_win_bpc_all,1786041105361,23.8405,2.59302,100
cond_win_bpc_all,1786041282141,23.8896,2.58894,100
cond_win_bpc_all,1786041340473,23.9058,2.58525,100
cond_win_bpc_all,1786041376165,23.9157,2.57783,100
cond_win_bpc_all,1786041428303,23.9302,2.57626,100
cond_win_bpc_all,1786041428745,23.9303,2.57646,100
cond_win_bpc_all,1786041429217,23.9305,2.5778,100
cond_win_bpc_all,1786041524713,23.957,2.57752,100
cond_win_bpc_all,1786041695621,24.0045,2.57901,100
cond_win_bpc_all,1786041875445,24.0544,2.5762,100
cond_win_bpc_all,1786042099119,24.1165,2.58017,100
cond_win_bpc_all,1786042403177,24.201,2.5813,100
cond_win_bpc_all,1786042409519,24.2028,2.57655,100
cond_win_bpc_all,1786042440095,24.2113,2.58265,100
cond_win_bpc_all,1786042447320,24.2133,2.58063,100
cond_win_bpc_all,1786042447655,24.2134,2.57841,100
cond_win_bpc_all,1786042447988,24.2134,2.58018,100
cond_win_bpc_all,1786042448330,24.2135,2.58215,100
cond_win_bpc_all,1786042448676,24.2136,2.58262,100
cond_win_bpc_all,1786042608609,24.2581,2.58086,100
cond_win_bpc_all,1786042609319,24.2583,2.57783,100
cond_win_bpc_all,1786042610048,24.2585,2.57754,100
cond_win_bpc_all,1786042709077,24.286,2.57408,100
cond_win_bpc_all,1786042924538,24.3458,2.57333,100
cond_win_bpc_all,1786043314525,24.4542,2.67937,100
cond_win_bpc_all,1786043551607,24.52,2.68273,100
cond_win_bpc_all,1786043581748,24.5284,2.68755,100
cond_win_bpc_all,1786043605702,24.535,2.6867,100
cond_win_bpc_all,1786043605980,24.5351,2.70028,100
cond_win_bpc_all,1786043606251,24.5352,2.70148,100
cond_win_bpc_all,1786043606567,24.5353,2.70082,100
cond_win_bpc_all,1786043668894,24.5526,2.70208,100
cond_win_bpc_all,1786043762649,24.5786,2.7021,100
cond_win_bpc_all,1786043854787,24.6042,2.69755,100
cond_win_bpc_all,1786044020026,24.6501,2.69515,100
cond_win_bpc_all,1786044260842,24.717,2.69095,100
cond_win_bpc_all,1786044277169,24.7216,2.70004,100
cond_win_bpc_all,1786044306608,24.7297,2.70037,100
cond_win_bpc_all,1786044608618,24.8136,2.69739,100
cond_win_bpc_all,1786044608856,24.8137,2.69744,100
cond_win_bpc_all,1786044609043,24.8137,2.69514,100
cond_win_bpc_all,1786044609238,24.8138,2.70289,100
cond_win_bpc_all,1786044609414,24.8138,2.70656,100
cond_win_bpc_all,1786044609600,24.8139,2.7075,100
cond_win_bpc_all,1786044609789,24.8139,2.70255,100
cond_win_bpc_all,1786044609960,24.814,2.69788,100
cond_win_bpc_all,1786044610151,24.8141,2.6935,100
cond_win_bpc_all,1786044610340,24.8141,2.69317,100
cond_win_bpc_all,1786044620119,24.8168,2.70363,100
cond_win_bpc_all,1786044620237,24.8169,2.70693,100
cond_win_bpc_all,1786044620358,24.8169,2.71046,100
cond_win_bpc_all,1786044620507,24.8169,2.71505,100
cond_win_bpc_all,1786044769688,24.8584,2.72046,100
cond_win_bpc_all,1786045035188,24.9321,2.72815,100
cond_win_bpc_all,1786045191993,24.9757,2.73149,100
cond_win_bpc_all,1786045267312,24.9966,2.72915,100
cond_win_bpc_all,1786045303249,25.0066,2.72998,100
cond_win_bpc_all,1786045319272,25.011,2.73069,100
cond_win_bpc_all,1786045507116,25.0632,2.73083,100
cond_win_bpc_all,1786045562381,25.0786,2.73837,100
cond_win_bpc_all,1786045694305,25.1152,2.73377,100
cond_win_bpc_all,1786045722365,25.123,2.73088,100
cond_win_bpc_all,1786045788881,25.1415,2.73054,100
cond_win_bpc_all,1786045797602,25.1439,2.73318,100
cond_win_bpc_all,1786045823368,25.1511,2.72246,100
cond_win_bpc_all,1786045840839,25.1559,2.72887,100
cond_win_bpc_all,1786045879326,25.1666,2.72284,100
cond_win_bpc_all,1786045879866,25.1667,2.71573,100
cond_win_bpc_all,1786045900020,25.1723,2.71817,100
cond_win_bpc_all,1786045940422,25.1836,2.71369,100
cond_win_bpc_all,1786045986531,25.1964,2.71769,100
cond_win_bpc_all,1786045987006,25.1965,2.72126,100
cond_win_bpc_all,1786045987518,25.1967,2.72477,100
cond_win_bpc_all,1786045988091,25.1968,2.73192,100
cond_win_bpc_all,1786046057078,25.216,2.72533,100
cond_win_bpc_all,1786046057558,25.2161,2.71102,100
cond_win_bpc_all,1786046102823,25.2287,2.7084,100
cond_win_bpc_all,1786046114974,25.2321,2.70243,100
cond_win_bpc_all,1786046195115,25.2543,2.69912,100
cond_win_bpc_all,1786046460456,25.328,2.69084,100
cond_win_bpc_all,1786046460675,25.3281,2.68812,100
cond_win_bpc_all,1786046460868,25.3281,2.68196,100
cond_win_bpc_all,1786046461068,25.3282,2.68422,100
cond_win_bpc_all,1786046461263,25.3282,2.68272,100
cond_win_bpc_all,1786046461458,25.3283,2.67854,100
cond_win_bpc_all,1786046461633,25.3284,2.67948,100
cond_win_bpc_all,1786046542593,25.3508,2.6744,100
cond_win_bpc_all,1786046598794,25.3665,2.68704,100
cond_win_bpc_all,1786046741190,25.406,2.68487,100
cond_win_bpc_all,1786046802470,25.423,2.68852,100
cond_win_bpc_all,1786046846117,25.4352,2.68746,100
cond_win_bpc_all,1786046960372,25.4669,2.67397,100
cond_win_bpc_all,1786046965417,25.4683,2.67335,100
cond_win_bpc_all,1786046984691,25.4736,2.67335,100
cond_win_bpc_all,1786046985008,25.4737,2.67232,100
cond_win_bpc_all,1786046997037,25.4771,2.67738,100
cond_win_bpc_all,1786047004237,25.4791,2.67255,100
cond_win_bpc_all,1786047065674,25.4961,2.67242,100
cond_win_bpc_all,1786047164340,25.5235,2.67058,100
cond_win_bpc_all,1786047210936,25.5365,2.67044,100
cond_win_bpc_all,1786047355110,25.5765,2.67063,100
cond_win_bpc_all,1786047355426,25.5766,2.67084,100
cond_win_bpc_all,1786047355727,25.5767,2.6713,100
cond_win_bpc_all,1786047356276,25.5769,2.67951,100
cond_win_bpc_all,1786047356574,25.5769,2.67992,100
cond_win_bpc_all,1786047391957,25.5868,2.67932,100
cond_win_bpc_all,1786047392436,25.5869,2.6784,100
cond_win_bpc_all,1786047424515,25.5958,2.68117,100
cond_win_bpc_all,1786047481376,25.6116,2.67807,100
cond_win_bpc_all,1786047488245,25.6135,2.6867,100
cond_win_bpc_all,1786047525780,25.6239,2.6857,100
cond_win_bpc_all,1786047526177,25.6241,2.68771,100
cond_win_bpc_all,1786047526601,25.6242,2.6964,100
cond_win_bpc_all,1786047526998,25.6243,2.69675,100
cond_win_bpc_all,1786047527389,25.6244,2.6968,100
cond_win_bpc_all,1786047527846,25.6245,2.69726,100
cond_win_bpc_all,1786047528248,25.6246,2.69602,100
cond_win_bpc_all,1786047528640,25.6247,2.69745,100
cond_win_bpc_all,1786047529076,25.6249,2.69856,100
cond_win_bpc_all,1786047691485,25.67,2.69616,100
cond_win_bpc_all,1786047718256,25.6774,2.69362,100
cond_win_bpc_all,1786047731530,25.6811,2.68924,100
cond_win_bpc_all,1786047891542,25.7255,2.69148,100
cond_win_bpc_all,1786047894649,25.7264,2.69226,100
cond_win_bpc_all,1786047913868,25.7317,2.5772,100
cond_win_bpc_all,1786047914507,25.7319,2.57723,100
cond_win_bpc_all,1786047915151,25.7321,2.57794,100
cond_win_bpc_all,1786048016538,25.7603,2.57733,100
cond_win_bpc_all,1786048038631,25.7664,2.57528,100
cond_win_bpc_all,1786048038933,25.7665,2.57594,100
cond_win_bpc_all,1786048052128,25.7702,2.57569,100
cond_win_bpc_all,1786048052674,25.7703,2.57368,100
cond_win_bpc_all,1786048053258,25.7705,2.57307,100
cond_win_bpc_all,1786048053795,25.7706,2.57531,100
cond_win_bpc_all,1786048056377,25.7713,2.57907,100
cond_win_bpc_all,1786048102993,25.7843,2.57834,100
cond_win_bpc_all,1786048190902,25.8087,2.57817,100
cond_win_bpc_all,1786048194534,25.8097,2.57568,100
cond_win_bpc_all,1786048218091,25.8163,2.57946,100
cond_win_bpc_all,1786048219484,25.8166,2.58301,100
cond_win_bpc_all,1786048272544,25.8314,2.58275,100
cond_win_bpc_all,1786048310136,25.8418,2.58163,100
cond_win_bpc_all,1786048331592,25.8478,2.58132,100
cond_win_bpc_all,1786048386624,25.8631,2.574,100
cond_win_bpc_all,1786048386784,25.8631,2.56748,100
cond_win_bpc_all,1786048408545,25.8692,2.5717,100
cond_win_bpc_all,1786048409197,25.8693,2.57584,100
cond_win_bpc_all,1786048409906,25.8695,2.57853,100
cond_win_bpc_all,1786048410541,25.8697,2.57961,100
cond_win_bpc_all,1786048520906,25.9004,2.57401,100
cond_win_bpc_all,1786048652343,25.9369,2.5767,100
cond_win_bpc_all,1786048695336,25.9488,2.57029,100
cond_win_bpc_all,1786048697846,25.9495,2.56562,100
cond_win_bpc_all,1786048741735,25.9617,2.56486,100
cond_win_bpc_all,1786048779433,25.9722,2.56434,100
cond_win_bpc_all,1786048780440,25.9725,2.5668,100
cond_win_bpc_all,1786048781316,25.9727,2.57077,100
cond_win_bpc_all,1786048782319,25.973,2.57928,100
cond_win_bpc_all,1786048783400,25.9733,2.57979,100
cond_win_bpc_all,1786049115164,26.0654,2.5781,100
cond_win_bpc_all,1786049139404,26.0722,2.58056,100
cond_win_bpc_all,1786049197455,26.0883,2.58167,100
cond_win_bpc_all,1786049197845,26.0884,2.58132,100
cond_win_bpc_all,1786049198244,26.0885,2.57952,100
cond_win_bpc_all,1786049198646,26.0886,2.58865,100
cond_win_bpc_all,1786049218449,26.0941,2.58548,100
cond_win_bpc_all,1786049430940,26.1532,2.58482,100
cond_win_bpc_all,1786049470419,26.1641,2.59278,100
cond_win_bpc_all,1786049491117,26.1699,2.59473,100
cond_win_bpc_all,1786049549279,26.186,2.59677,100
cond_win_bpc_all,1786049550617,26.1864,2.5973,100
cond_win_bpc_all,1786049553227,26.1871,2.60128,100
cond_win_bpc_all,1786049587795,26.1967,2.60342,100
cond_win_bpc_all,1786049588034,26.1968,2.60337,100
cond_win_bpc_all,1786049611038,26.2032,2.60993,100
cond_win_bpc_all,1786049618042,26.2051,2.62154,100
cond_win_bpc_all,1786049752491,26.2425,2.62356,100
cond_win_bpc_all,1786049778158,26.2496,2.62702,100
cond_win_bpc_all,1786049870899,26.2754,2.62796,100
cond_win_bpc_all,1786049883503,26.2789,2.63376,100
cond_win_bpc_all,1786049884056,26.279,2.63423,100
cond_win_bpc_all,1786049964266,26.3013,2.63834,100
cond_win_bpc_all,1786049964450,26.3014,2.64907,100
cond_win_bpc_all,1786050338374,26.4052,2.65398,100
cond_win_bpc_all,1786050338576,26.4053,2.64579,100
cond_win_bpc_all,1786050354534,26.4097,2.64258,100
cond_win_bpc_all,1786050355321,26.4099,2.65984,100
cond_win_bpc_all,1786050540913,26.4615,2.65977,100
cond_win_bpc_all,1786050541555,26.4617,2.67062,100
cond_win_bpc_all,1786050587350,26.4744,2.67379,100
cond_win_bpc_all,1786050615043,26.4821,2.67194,100
cond_win_bpc_all,1786050694466,26.5041,2.69407,100
cond_win_bpc_all,1786050731107,26.5143,2.69682,100
cond_win_bpc_all,1786050760634,26.5225,2.6991,100
cond_win_bpc_all,1786050798975,26.5332,2.70119,100
cond_win_bpc_all,1786050839005,26.5443,2.69829,100
cond_win_bpc_all,1786050839535,26.5444,2.69999,100
cond_win_bpc_all,1786051092001,26.6146,2.70371,100
cond_win_bpc_all,1786051144939,26.6293,2.70549,100
cond_win_bpc_all,1786051212348,26.648,2.69899,100
cond_win_bpc_all,1786051212505,26.648,2.69974,100
cond_win_bpc_all,1786051357297,26.6883,2.7021,100
cond_win_bpc_all,1786051359825,26.689,2.70357,100
cond_win_bpc_all,1786051444120,26.7124,2.70592,100
cond_win_bpc_all,1786051451401,26.7144,2.7053,100
cond_win_bpc_all,1786051451617,26.7145,2.70486,100
cond_win_bpc_all,1786051451947,26.7145,2.70416,100
cond_win_bpc_all,1786051647515,26.7689,2.70668,100
cond_win_bpc_all,1786051689872,26.7806,2.71004,100
cond_win_bpc_all,1786051735163,26.7932,2.7045,100
cond_win_bpc_all,1786051749204,26.7971,2.70602,100
cond_win_bpc_all,1786051904505,26.8403,2.70315,100
cond_win_bpc_all,1786052358551,26.9664,2.71044,100
cond_win_bpc_all,1786052414428,26.9819,2.70746,100
cond_win_bpc_all,1786052414965,26.9821,2.70566,100
cond_win_bpc_all,1786052495199,27.0043,2.70727,100
cond_win_bpc_all,1786052643473,27.0455,2.70359,100
cond_win_bpc_all,1786052852218,27.1035,2.70028,100
cond_win_bpc_all,1786052858842,27.1054,2.69772,100
cond_win_bpc_all,1786052930895,27.1254,2.70285,100
cond_win_bpc_all,1786053006550,27.1464,2.71056,100
cond_win_bpc_all,1786053010467,27.1475,2.71881,100
cond_win_bpc_all,1786053229776,27.2084,2.72061,100
cond_win_bpc_all,1786053231878,27.209,2.71625,100
cond_win_bpc_all,1786053299683,27.2278,2.71481,100
cond_win_bpc_all,1786053441945,27.2673,2.71393,100
cond_win_bpc_all,1786053662394,27.3286,2.71454,100
cond_win_bpc_all,1786053662785,27.3287,2.71868,100
cond_win_bpc_all,1786053663160,27.3288,2.72267,100
cond_win_bpc_all,1786053663525,27.3289,2.72292,100
cond_win_bpc_all,1786053663895,27.329,2.72199,100
cond_win_bpc_all,1786053704633,27.3403,2.7181,100
cond_win_bpc_all,1786053727789,27.3467,2.71848,100
cond_win_bpc_all,1786053735639,27.3489,2.71605,100
cond_win_bpc_all,1786053813540,27.3705,2.71608,100
cond_win_bpc_all,1786053822542,27.373,2.72301,100
cond_win_bpc_all,1786053828669,27.3747,2.73345,100
cond_win_bpc_all,1786053936534,27.4047,2.73707,100
cond_win_bpc_all,1786053941628,27.4061,2.73569,100
cond_win_bpc_all,1786053944007,27.4068,2.74053,100
cond_win_bpc_all,1786053944125,27.4068,2.74373,100
cond_win_bpc_all,1786053992838,27.4204,2.74975,100
cond_win_bpc_all,1786054005883,27.424,2.7357,100
cond_win_bpc_all,1786054069225,27.4416,2.75655,100
cond_win_bpc_all,1786054069486,27.4416,2.76912,100
cond_win_bpc_all,1786054069756,27.4417,2.76495,100
cond_win_bpc_all,1786054081781,27.4451,2.75257,100
cond_win_bpc_all,1786054262615,27.4953,2.74677,100
cond_win_bpc_all,1786054262906,27.4954,2.74312,100
cond_win_bpc_all,1786054291181,27.5032,2.7503,100
cond_win_bpc_all,1786054300516,27.5058,2.74398,100
cond_win_bpc_all,1786054354237,27.5207,2.75532,100
cond_win_bpc_all,1786054433999,27.5429,2.76272,100
cond_win_bpc_all,1786054511221,27.5643,2.76233,100
cond_win_bpc_all,1786054717794,27.6217,2.76368,100
cond_win_bpc_all,1786054763134,27.6343,2.7645,100
cond_win_bpc_all,1786054790221,27.6418,2.76282,100
cond_win_bpc_all,1786054825338,27.6516,2.76386,100
cond_win_bpc_all,1786054840759,27.6559,2.76401,100
cond_win_bpc_all,1786054846701,27.6575,2.7645,100
cond_win_bpc_all,1786054900715,27.6725,2.76815,100
cond_win_bpc_all,1786055171097,27.7476,2.76352,100
cond_win_bpc_all,1786055173655,27.7484,2.76255,100
cond_win_bpc_all,1786055299670,27.7834,2.7627,100
cond_win_bpc_all,1786055299984,27.7834,2.76454,100
cond_win_bpc_all,1786055300275,27.7835,2.76576,100
cond_win_bpc_all,1786055305675,27.785,2.76875,100
cond_win_bpc_all,1786055328542,27.7914,2.77367,100
cond_win_bpc_all,1786055368878,27.8026,2.76822,100
cond_win_bpc_all,1786055370764,27.8031,2.76998,100
cond_win_bpc_all,1786055387831,27.8079,2.77101,100
cond_win_bpc_all,1786055490641,27.8364,2.76665,100
cond_win_bpc_all,1786055525996,27.8462,2.76563,100
cond_win_bpc_all,1786055695150,27.8932,2.76189,100
cond_win_bpc_all,1786055764861,27.9126,2.76048,100
cond_win_bpc_all,1786056059891,27.9945,2.76406,100
cond_win_bpc_all,1786056099623,28.0056,2.76342,100
cond_win_bpc_all,1786056246260,28.0463,2.76297,100
cond_win_bpc_all,1786056280303,28.0558,2.76286,100
cond_win_bpc_all,1786056394604,28.0875,2.76288,100
cond_win_bpc_all,1786056423638,28.0956,2.76683,100
cond_win_bpc_all,1786056638251,28.1552,2.75265,100
cond_win_bpc_all,1786056639137,28.1554,2.75082,100
cond_win_bpc_all,1786056639942,28.1557,2.7475,100
cond_win_bpc_all,1786056640722,28.1559,2.75335,100
cond_win_bpc_all,1786056666211,28.163,2.7562,100
cond_win_bpc_all,1786056667507,28.1633,2.75313,100
cond_win_bpc_all,1786056668825,28.1637,2.75657,100
cond_win_bpc_all,1786056670111,28.164,2.7567,100
cond_win_bpc_all,1786056671399,28.1644,2.75509,100
cond_win_bpc_all,1786056672722,28.1648,2.75667,100
cond_win_bpc_all,1786056673992,28.1651,2.75298,100
cond_win_bpc_all,1786056675310,28.1655,2.75251,100
cond_win_bpc_all,1786056676595,28.1658,2.75419,100
cond_win_bpc_all,1786056677980,28.1662,2.7544,100
cond_win_bpc_all,1786056679276,28.1666,2.7562,100
cond_win_bpc_all,1786056680559,28.1669,2.76176,100
cond_win_bpc_all,1786056681848,28.1673,2.76001,100
cond_win_bpc_all,1786056683180,28.1677,2.76134,100
cond_win_bpc_all,1786056684503,28.168,2.77113,100
cond_win_bpc_all,1786056685790,28.1684,2.77295,100
cond_win_bpc_all,1786056687203,28.1688,2.77283,100
cond_win_bpc_all,1786056688518,28.1692,2.77343,100
cond_win_bpc_all,1786056879296,28.2221,2.7739,100
cond_win_bpc_all,1786056892531,28.2258,2.77506,100
cond_win_bpc_all,1786056906787,28.2298,2.77054,100
cond_win_bpc_all,1786057271491,28.3311,2.77374,100
cond_win_bpc_all,1786057398756,28.3664,2.77289,100
cond_win_bpc_all,1786057475432,28.3877,2.77246,100
cond_win_bpc_all,1786057652585,28.4369,2.76713,100
cond_win_bpc_all,1786057813022,28.4815,2.76553,100
cond_win_bpc_all,1786057887989,28.5023,2.77073,100
cond_win_bpc_all,1786057991095,28.531,2.76752,100
cond_win_bpc_all,1786058000520,28.5336,2.77245,100
cond_win_bpc_all,1786058147770,28.5745,2.77718,100
cond_win_bpc_all,1786058148322,28.5747,2.77681,100
cond_win_bpc_all,1786058148925,28.5748,2.78712,100
cond_win_bpc_all,1786058149519,28.575,2.79587,100
cond_win_bpc_all,1786058264060,28.6068,2.80068,100
cond_win_bpc_all,1786058500328,28.6724,2.80069,100
cond_win_bpc_all,1786058656401,28.7158,2.80228,100
cond_win_bpc_all,1786058841230,28.7671,2.79804,100
cond_win_bpc_all,1786058890526,28.7808,2.79359,100
cond_win_bpc_all,1786058930697,28.792,2.80045,100
cond_win_bpc_all,1786059067317,28.8299,2.80525,100
cond_win_bpc_all,1786059067661,28.83,2.81064,100
cond_win_bpc_all,1786059068014,28.8301,2.80946,100
cond_win_bpc_all,1786059068359,28.8302,2.80574,100
cond_win_bpc_all,1786059068701,28.8303,2.80718,100
cond_win_bpc_all,1786059069067,28.8304,2.80641,100
cond_win_bpc_all,1786059069426,28.8305,2.80753,100
cond_win_bpc_all,1786059069772,28.8306,2.81506,100
cond_win_bpc_all,1786059070119,28.8307,2.81619,100
cond_win_bpc_all,1786059070463,28.8308,2.82333,100
cond_win_bpc_all,1786059070816,28.8309,2.82165,100
cond_win_bpc_all,1786059071178,28.831,2.82312,100
cond_win_bpc_all,1786059071535,28.8311,2.81996,100
cond_win_bpc_all,1786059119123,28.8443,2.82192,100
cond_win_bpc_all,1786059214657,28.8709,2.8265,100
cond_win_bpc_all,1786059681699,29.0006,2.81476,100
cond_win_bpc_all,1786059682493,29.0008,2.80738,100
cond_win_bpc_all,1786060047103,29.1021,2.80576,100
cond_win_bpc_all,1786060421778,29.2062,2.83155,100
cond_win_bpc_all,1786060443504,29.2122,2.8285,100
cond_win_bpc_all,1786060463995,29.2179,2.83802,100
cond_win_bpc_all,1786060579986,29.2501,2.84575,100
cond_win_bpc_all,1786060584274,29.2513,2.85195,100
cond_win_bpc_all,1786060584318,29.2513,2.86201,100
cond_win_bpc_all,1786060592858,29.2537,2.86779,100
cond_win_bpc_all,1786060604503,29.2569,2.86234,100
cond_win_bpc_all,1786060690205,29.2807,2.86981,100
cond_win_bpc_all,1786060705666,29.285,2.86711,100
cond_win_bpc_all,1786060765769,29.3017,2.8479,100
cond_win_bpc_all,1786060853292,29.326,2.84627,100
cond_win_bpc_all,1786060853505,29.3261,2.84043,100
cond_win_bpc_all,1786060853722,29.3262,2.83899,100
cond_win_bpc_all,1786060861068,29.3282,2.84495,100
cond_win_bpc_all,1786060888803,29.3359,2.84401,100
cond_win_bpc_all,1786060927738,29.3467,2.83833,100
cond_win_bpc_all,1786060932258,29.348,2.83911,100
cond_win_bpc_all,1786061013815,29.3706,2.83896,100
cond_win_bpc_all,1786061014885,29.3709,2.8461,100
cond_win_bpc_all,1786061015978,29.3712,2.84987,100
cond_win_bpc_all,1786061073591,29.3872,2.84839,100
cond_win_bpc_all,1786061092726,29.3925,2.84683,100
cond_win_bpc_all,1786061112722,29.3981,2.84684,100
cond_win_bpc_all,1786061113618,29.3983,2.85564,100
cond_win_bpc_all,1786061201186,29.4227,2.8501,100
cond_win_bpc_all,1786061218864,29.4276,2.85824,100
cond_win_bpc_all,1786061246300,29.4352,2.86507,100
cond_win_bpc_all,1786061246353,29.4352,2.86321,100
cond_win_bpc_all,1786061247370,29.4355,2.867,100
cond_win_bpc_all,1786061410755,29.4809,2.8626,100
cond_win_bpc_all,1786061528448,29.5136,2.87183,100
cond_win_bpc_all,1786061529132,29.5138,2.87545,100
cond_win_bpc_all,1786061529714,29.5139,2.87007,100
cond_win_bpc_all,1786061530312,29.5141,2.87073,100
cond_win_bpc_all,1786061530891,29.5143,2.86762,100
cond_win_bpc_all,1786061531458,29.5144,2.86977,100
cond_win_bpc_all,1786061991699,29.6423,2.84545,100
cond_win_bpc_all,1786062184308,29.6958,2.84663,100
cond_win_bpc_all,1786062185410,29.6961,2.87334,100
cond_win_bpc_all,1786062226799,29.7076,2.85968,100
cond_win_bpc_all,1786062226985,29.7076,2.8501,100
cond_win_bpc_all,1786062227144,29.7077,2.84265,100
cond_win_bpc_all,1786062227305,29.7077,2.81774,100
cond_win_bpc_all,1786062227462,29.7077,2.80538,100
cond_win_bpc_all,1786062227646,29.7078,2.79856,100
cond_win_bpc_all,1786062227806,29.7078,2.79693,100
cond_win_bpc_all,1786062255354,29.7155,2.78732,100
cond_win_bpc_all,1786062285250,29.7238,2.78457,100
cond_win_bpc_all,1786062286831,29.7242,2.78316,100
cond_win_bpc_all,1786062288397,29.7247,2.7835,100
cond_win_bpc_all,1786062289963,29.7251,2.78096,100
cond_win_bpc_all,1786062291575,29.7256,2.77709,100
cond_win_bpc_all,1786062293176,29.726,2.77617,100
cond_win_bpc_all,1786062294778,29.7264,2.77489,100
cond_win_bpc_all,1786062296372,29.7269,2.77236,100
cond_win_bpc_all,1786062297956,29.7273,2.77194,100
cond_win_bpc_all,1786062299520,29.7278,2.76796,100
cond_win_bpc_all,1786062301074,29.7282,2.76742,100
cond_win_bpc_all,1786062302660,29.7286,2.76661,100
cond_win_bpc_all,1786062304264,29.7291,2.76548,100
cond_win_bpc_all,1786062334119,29.7374,2.75249,100
cond_win_bpc_all,1786062452834,29.7704,2.75224,100
cond_win_bpc_all,1786062481328,29.7783,2.7204,100
cond_win_bpc_all,1786062593377,29.8094,2.72059,100
cond_win_bpc_all,1786062642621,29.8231,2.72061,100
cond_win_bpc_all,1786062709800,29.8417,2.72243,100
cond_win_bpc_all,1786062788588,29.8636,2.72488,100
cond_win_bpc_all,1786062832084,29.8757,2.72656,100
cond_win_bpc_all,1786062916623,29.8992,2.72518,100
cond_win_bpc_all,1786062975503,29.9155,2.72114,100
cond_win_bpc_all,1786063202666,29.9786,2.72128,100
cond_win_bpc_all,1786063258449,29.9941,2.72026,100
cond_win_bpc_all,1786063263013,29.9954,2.72015,100
cond_win_bpc_all,1786063270834,29.9976,2.71817,100
cond_win_bpc_all,1786063274512,29.9986,2.71731,100
cond_win_bpc_all,1786063299383,30.0055,2.70823,100
cond_win_bpc_all,1786063340858,30.017,2.70893,100
cond_win_bpc_all,1786063348256,30.0191,2.70846,100
cond_win_bpc_all,1786063360781,30.0226,2.70801,100
cond_win_bpc_all,1786063398287,30.033,2.70549,100
cond_win_bpc_all,1786063753134,30.1315,2.70456,100
cond_win_bpc_all,1786063759615,30.1333,2.69364,100
cond_win_bpc_all,1786063883943,30.1679,2.68822,100
cond_win_bpc_all,1786063900861,30.1726,2.68776,100
cond_win_bpc_all,1786064265445,30.2739,2.68887,100
cond_win_bpc_all,1786064286748,30.2798,2.68776,100
cond_win_bpc_all,1786064327635,30.2911,2.69001,100
cond_win_bpc_all,1786064337388,30.2938,2.6901,100
cond_win_bpc_all,1786064344011,30.2957,2.68933,100
cond_win_bpc_all,1786064351861,30.2979,2.69014,100
cond_win_bpc_all,1786064376550,30.3047,2.6878,100
cond_win_bpc_all,1786064386908,30.3076,2.6731,100
cond_win_bpc_all,1786064536271,30.3491,2.67393,100
cond_win_bpc_all,1786064642159,30.3785,2.67645,100
cond_win_bpc_all,1786064659456,30.3833,2.67558,100
cond_win_bpc_all,1786064667997,30.3857,2.65639,100
cond_win_bpc_all,1786064669056,30.386,2.66194,100
cond_win_bpc_all,1786064669121,30.386,2.66241,100
cond_win_bpc_all,1786064670097,30.3863,2.6535,100
cond_win_bpc_all,1786064823381,30.4288,2.65374,100
cond_win_bpc_all,1786064968556,30.4692,2.65372,100
cond_win_bpc_all,1786064971813,30.4701,2.65497,100
cond_win_bpc_all,1786064986498,30.4741,2.65363,100
cond_win_bpc_all,1786065056336,30.4935,2.65421,100
cond_win_bpc_all,1786065064636,30.4959,2.6509,100
cond_win_bpc_all,1786065119094,30.511,2.64786,100
cond_win_bpc_all,1786065121023,30.5115,2.65528,100
cond_win_bpc_all,1786065142586,30.5175,2.65053,100
cond_win_bpc_all,1786065145456,30.5183,2.6507,100
cond_win_bpc_all,1786065146621,30.5186,2.6612,100
cond_win_bpc_all,1786065168763,30.5248,2.65695,100
cond_win_bpc_all,1786065175263,30.5266,2.65968,100
cond_win_bpc_all,1786065191185,30.531,2.65696,100
cond_win_bpc_all,1786065206033,30.5351,2.64899,100
cond_win_bpc_all,1786065302065,30.5618,2.64491,100
cond_win_bpc_all,1786065359120,30.5777,2.64607,100
cond_win_bpc_all,1786065480138,30.6113,2.63907,100
cond_win_bpc_all,1786065485909,30.6129,2.6388,100
cond_win_bpc_all,1786065518364,30.6219,2.63462,100
cond_win_bpc_all,1786065528377,30.6247,2.62965,100
cond_win_bpc_all,1786065610262,30.6474,2.6125,100
cond_win_bpc_all,1786065610451,30.6475,2.60222,100
cond_win_bpc_all,1786065610714,30.6475,2.59264,100
cond_win_bpc_all,1786065633372,30.6538,2.60761,100
cond_win_bpc_all,1786065673388,30.6649,2.60562,100
cond_win_bpc_all,1786065674015,30.6651,2.60295,100
cond_win_bpc_all,1786065675781,30.6656,2.59436,100
cond_win_bpc_all,1786065710276,30.6752,2.59331,100
cond_win_bpc_all,1786065829889,30.7084,2.5925,100
cond_win_bpc_all,1786065841976,30.7118,2.58956,100
cond_win_bpc_all,1786065852044,30.7146,2.58928,100
cond_win_bpc_all,1786065927593,30.7356,2.59192,100
cond_win_bpc_all,1786066058443,30.7719,2.59255,100
cond_win_bpc_all,1786066149812,30.7973,2.59231,100
cond_win_bpc_all,1786066230195,30.8196,2.59639,100
cond_win_bpc_all,1786066230813,30.8198,2.59611,100
cond_win_bpc_all,1786066231430,30.82,2.60682,100
cond_win_bpc_all,1786066232051,30.8201,2.60538,100
cond_win_bpc_all,1786066391148,30.8643,2.59897,100
cond_win_bpc_all,1786066515662,30.8989,2.60778,100
cond_win_bpc_all,1786066576807,30.9159,2.6078,100
cond_win_bpc_all,1786066637762,30.9328,2.61525,100
cond_win_bpc_all,1786066644440,30.9347,2.62661,100
cond_win_bpc_all,1786066703133,30.951,2.62739,100
cond_win_bpc_all,1786066732399,30.9591,2.63041,100
cond_win_bpc_all,1786066908371,31.008,2.62951,100
cond_win_bpc_all,1786066908888,31.0081,2.63666,100
cond_win_bpc_all,1786066909382,31.0083,2.63943,100
cond_win_bpc_all,1786066909776,31.0084,2.63839,100
cond_win_bpc_all,1786066910152,31.0085,2.6364,100
cond_win_bpc_all,1786066923431,31.0122,2.63776,100
cond_win_bpc_all,1786067184741,31.0848,2.64265,100
cond_win_bpc_all,1786067185236,31.0849,2.64351,100
cond_win_bpc_all,1786067205079,31.0904,2.63501,100
cond_win_bpc_all,1786067272707,31.1092,2.63435,100
cond_win_bpc_all,1786067279532,31.1111,2.6303,100
cond_win_bpc_all,1786067285885,31.1129,2.63326,100
cond_win_bpc_all,1786067288881,31.1137,2.6346,100
cond_win_bpc_all,1786067305173,31.1182,2.63368,100
cond_win_bpc_all,1786067325929,31.124,2.63614,100
cond_win_bpc_all,1786067449929,31.1584,2.63512,100
cond_win_bpc_all,1786067566211,31.1907,2.63094,100
cond_win_bpc_all,1786067606792,31.202,2.65508,100
cond_win_bpc_all,1786067668762,31.2192,2.652,100
cond_win_bpc_all,1786067702913,31.2287,2.64442,100
cond_win_bpc_all,1786067707357,31.2299,2.64434,100
cond_win_bpc_all,1786067750523,31.2419,2.63399,100
cond_win_bpc_all,1786067773977,31.2484,2.624,100
cond_win_bpc_all,1786067828363,31.2636,2.62538,100
cond_win_bpc_all,1786067873830,31.2762,2.61547,100
cond_win_bpc_all,1786067921551,31.2894,2.61771,100
cond_win_bpc_all,1786068016916,31.3159,2.61925,100
cond_win_bpc_all,1786068130586,31.3475,2.6176,100
cond_win_bpc_all,1786068168374,31.358,2.61855,100
cond_win_bpc_all,1786068169587,31.3583,2.61935,100
cond_win_bpc_all,1786068170745,31.3587,2.62349,100
cond_win_bpc_all,1786068217010,31.3715,2.61941,100
cond_win_bpc_all,1786068357155,31.4104,2.61865,100
cond_win_bpc_all,1786068426902,31.4298,2.61456,100
cond_win_bpc_all,1786068446416,31.4352,2.61654,100
cond_win_bpc_all,1786068498777,31.4498,2.61316,100
cond_win_bpc_all,1786068513801,31.454,2.61125,100
cond_win_bpc_all,1786068540119,31.4613,2.60987,100
cond_win_bpc_all,1786068568219,31.4691,2.60666,100
cond_win_bpc_all,1786068654967,31.4932,2.60198,100
cond_win_bpc_all,1786068659900,31.4945,2.59812,100
cond_win_bpc_all,1786068666741,31.4964,2.59532,100
cond_win_bpc_all,1786068673384,31.4983,2.59519,100
cond_win_bpc_all,1786068691390,31.5033,2.59123,100
cond_win_bpc_all,1786068712936,31.5093,2.59445,100
cond_win_bpc_all,1786068730082,31.514,2.58891,100
cond_win_bpc_all,1786068731588,31.5144,2.59134,100
cond_win_bpc_all,1786068839005,31.5443,2.58678,100
cond_win_bpc_all,1786068928719,31.5692,2.58442,100
cond_win_bpc_all,1786068928891,31.5693,2.58295,100
cond_win_bpc_all,1786068929058,31.5693,2.59091,100
cond_win_bpc_all,1786068950012,31.5751,2.58838,100
cond_win_bpc_all,1786068950184,31.5752,2.58966,100
cond_win_bpc_all,1786068950356,31.5752,2.59362,100
cond_win_bpc_all,1786068963974,31.579,2.59152,100
cond_win_bpc_all,1786068964143,31.579,2.59082,100
cond_win_bpc_all,1786068964311,31.5791,2.58813,100
cond_win_bpc_all,1786068978104,31.5829,2.58665,100
cond_win_bpc_all,1786068978266,31.583,2.58596,100
cond_win_bpc_all,1786068978435,31.583,2.58536,100
cond_win_bpc_all,1786068978614,31.5831,2.58577,100
cond_win_bpc_all,1786068982052,31.584,2.5764,100
cond_win_bpc_all,1786069014700,31.5931,2.5805,100
cond_win_bpc_all,1786069017771,31.5939,2.57699,100
cond_win_bpc_all,1786069017941,31.594,2.57545,100
cond_win_bpc_all,1786069018105,31.594,2.57693,100
cond_win_bpc_all,1786069018271,31.5941,2.57444,100
cond_win_bpc_all,1786069117199,31.6216,2.56624,100
cond_win_bpc_all,1786069119902,31.6223,2.57383,100
cond_win_bpc_all,1786069120473,31.6225,2.57001,100
cond_win_bpc_all,1786069215176,31.6488,2.56401,100
cond_win_bpc_all,1786069360702,31.6892,2.5639,100
cond_win_bpc_all,1786069371880,31.6923,2.56312,100
cond_win_bpc_all,1786069407634,31.7022,2.56611,100
cond_win_bpc_all,1786069611746,31.7589,2.56633,100
cond_win_bpc_all,1786069631003,31.7643,2.56778,100
cond_win_bpc_all,1786069781844,31.8062,2.57231,100
cond_win_bpc_all,1786069858955,31.8276,2.57699,100
cond_win_bpc_all,1786069897991,31.8385,2.56127,100
cond_win_bpc_all,1786069917534,31.8439,2.56166,100
cond_win_bpc_all,1786069937975,31.8496,2.56086,100
cond_win_bpc_all,1786069950188,31.8529,2.56618,100
cond_win_bpc_all,1786069953287,31.8538,2.56636,100
cond_win_bpc_all,1786069959334,31.8555,2.56701,100
cond_win_bpc_all,1786069969637,31.8584,2.56897,100
cond_win_bpc_all,1786069981203,31.8616,2.56826,100
cond_win_bpc_all,1786069993256,31.8649,2.56799,100
cond_win_bpc_all,1786070001347,31.8672,2.56734,100
cond_win_bpc_all,1786070015362,31.8711,2.56798,100
cond_win_bpc_all,1786070137035,31.9049,2.56647,100
cond_win_bpc_all,1786070213960,31.9262,2.56521,100
cond_win_bpc_all,1786070214593,31.9264,2.56377,100
cond_win_bpc_all,1786070215179,31.9266,2.55613,100
cond_win_bpc_all,1786070215755,31.9267,2.55172,100
cond_win_bpc_all,1786070329813,31.9584,2.54984,100
cond_win_bpc_all,1786070377281,31.9716,2.55408,100
cond_win_bpc_all,1786070456865,31.9937,2.55284,100
cond_win_bpc_all,1786070670210,32.053,2.55651,100
cond_win_bpc_all,1786070757407,32.0772,2.55883,100
cond_win_bpc_all,1786070763811,32.079,2.5589,100
cond_win_bpc_all,1786070789874,32.0862,2.56175,100
cond_win_bpc_all,1786070799061,32.0887,2.56268,100
cond_win_bpc_all,1786070803033,32.0899,2.56187,100
cond_win_bpc_all,1786070949220,32.1305,2.56411,100
cond_win_bpc_all,1786070949928,32.1307,2.56548,100
cond_win_bpc_all,1786071246134,32.2129,2.56735,100
cond_win_bpc_all,1786071402135,32.2563,2.56735,100
cond_win_bpc_all,1786071849606,32.3806,2.56798,100
cond_win_bpc_all,1786071850107,32.3807,2.57339,100
cond_win_bpc_all,1786071850541,32.3808,2.5742,100
cond_win_bpc_all,1786071850972,32.3809,2.57643,100
cond_win_bpc_all,1786071851456,32.3811,2.57578,100
cond_win_bpc_all,1786071851923,32.3812,2.57476,100
cond_win_bpc_all,1786071852351,32.3813,2.5756,100
cond_win_bpc_all,1786071852820,32.3815,2.57432,100
cond_win_bpc_all,1786071853278,32.3816,2.5805,100
cond_win_bpc_all,1786071853300,32.3816,2.58287,100
cond_win_bpc_all,1786071853720,32.3817,2.58436,100
cond_win_bpc_all,1786072091960,32.4479,2.58331,100
cond_win_bpc_all,1786072187270,32.4744,2.5867,100
cond_win_bpc_all,1786072239745,32.4889,2.58158,100
cond_win_bpc_all,1786072240515,32.4892,2.58801,100
cond_win_bpc_all,1786072241233,32.4894,2.59447,100
cond_win_bpc_all,1786072277144,32.4993,2.59329,100
cond_win_bpc_all,1786072323292,32.5121,2.60116,100
cond_win_bpc_all,1786072324245,32.5124,2.59823,100
cond_win_bpc_all,1786072333721,32.515,2.59563,100
cond_win_bpc_all,1786072334117,32.5152,2.59436,100
cond_win_bpc_all,1786072334498,32.5153,2.59303,100
cond_win_bpc_all,1786072334899,32.5154,2.59112,100
cond_win_bpc_all,1786072335289,32.5155,2.59183,100
cond_win_bpc_all,1786072365838,32.524,2.59494,100
cond_win_bpc_all,1786072366053,32.524,2.59528,100
cond_win_bpc_all,1786072366269,32.5241,2.59954,100
cond_win_bpc_all,1786072366492,32.5241,2.59966,100
cond_win_bpc_all,1786072366701,32.5242,2.60246,100
cond_win_bpc_all,1786072400657,32.5336,2.60784,100
cond_win_bpc_all,1786072410513,32.5364,2.6082,100
cond_win_bpc_all,1786072454386,32.5486,2.61162,100
cond_win_bpc_all,1786072455319,32.5488,2.61671,100
cond_win_bpc_all,1786072547559,32.5744,2.62117,100
cond_win_bpc_all,1786072548244,32.5746,2.62237,100
cond_win_bpc_all,1786072548906,32.5748,2.62348,100
cond_win_bpc_all,1786072549580,32.575,2.62805,100
cond_win_bpc_all,1786072656385,32.6047,2.62145,100
cond_win_bpc_all,1786072656785,32.6048,2.62973,100
cond_win_bpc_all,1786072691018,32.6143,2.63752,100
cond_win_bpc_all,1786072881574,32.6672,2.64587,100
cond_win_bpc_all,1786072989164,32.6971,2.64567,100
cond_win_bpc_all,1786072989409,32.6972,2.64763,100
cond_win_bpc_all,1786072989619,32.6972,2.65035,100
cond_win_bpc_all,1786072989811,32.6973,2.65255,100
cond_win_bpc_all,1786072990282,32.6974,2.65,100
cond_win_bpc_all,1786073180774,32.7503,2.65023,100
cond_win_bpc_all,1786073181710,32.7506,2.65119,100
cond_win_bpc_all,1786073182639,32.7509,2.64931,100
cond_win_bpc_all,1786073183572,32.7511,2.65082,100
cond_win_bpc_all,1786073184502,32.7514,2.65231,100
cond_win_bpc_all,1786073221268,32.7616,2.65502,100
cond_win_bpc_all,1786073226264,32.763,2.66318,100
cond_win_bpc_all,1786073316861,32.7881,2.66568,100
cond_win_bpc_all,1786073326335,32.7908,2.67779,100
cond_win_bpc_all,1786073335015,32.7932,2.67558,100
cond_win_bpc_all,1786073448848,32.8248,2.67766,100
cond_win_bpc_all,1786073457903,32.8273,2.6783,100
cond_win_bpc_all,1786073531267,32.8477,2.67776,100
cond_win_bpc_all,1786073662436,32.8841,2.6703,100
cond_win_bpc_all,1786073691835,32.8923,2.67153,100
cond_win_bpc_all,1786073721159,32.9004,2.65988,100
cond_win_bpc_all,1786073728689,32.9025,2.66424,100
cond_win_bpc_all,1786073763041,32.9121,2.66815,100
cond_win_bpc_all,1786073765068,32.9126,2.65523,100
cond_win_bpc_all,1786073855085,32.9376,2.64601,100
cond_win_bpc_all,1786073894105,32.9485,2.64307,100
cond_win_bpc_all,1786073913351,32.9538,2.64024,100
cond_win_bpc_all,1786073928539,32.958,2.64274,100
cond_win_bpc_all,1786073962524,32.9675,2.64671,100
cond_win_bpc_all,1786073980678,32.9725,2.63452,100
cond_win_bpc_all,1786073984831,32.9737,2.63161,100
cond_win_bpc_all,1786074041396,32.9894,2.63203,100
cond_win_bpc_all,1786074049745,32.9917,2.6263,100
cond_win_bpc_all,1786074115245,33.0099,2.62084,100
cond_win_bpc_all,1786074137703,33.0161,2.60873,100
cond_win_bpc_all,1786074220192,33.0391,2.59898,100
cond_win_bpc_all,1786074270991,33.0532,2.59738,100
cond_win_bpc_all,1786074281073,33.056,2.59376,100
cond_win_bpc_all,1786074293392,33.0594,2.58427,100
cond_win_bpc_all,1786074362652,33.0786,2.5814,100
cond_win_bpc_all,1786074378982,33.0832,2.57977,100
cond_win_bpc_all,1786074456101,33.1046,2.58066,100
cond_win_bpc_all,1786074495261,33.1155,2.58328,100
cond_win_bpc_all,1786074521699,33.1228,2.58057,100
cond_win_bpc_all,1786074538768,33.1276,2.58597,100
cond_win_bpc_all,1786074555420,33.1322,2.59522,100
cond_win_bpc_all,1786074617845,33.1495,2.59694,100
cond_win_bpc_all,1786074827189,33.2077,2.59096,100
cond_win_bpc_all,1786074958477,33.2441,2.59026,100
cond_win_bpc_all,1786075138609,33.2942,2.59156,100
cond_win_bpc_all,1786075150581,33.2975,2.59148,100
cond_win_bpc_all,1786075194071,33.3096,2.59296,100
cond_win_bpc_all,1786075221085,33.3171,2.5905,100
cond_win_bpc_all,1786075236339,33.3213,2.58641,100
cond_win_bpc_all,1786075249405,33.325,2.58582,100
cond_win_bpc_all,1786075272110,33.3313,2.5844,100
cond_win_bpc_all,1786075272284,33.3313,2.58353,100
cond_win_bpc_all,1786075482906,33.3898,2.58071,100
cond_win_bpc_all,1786075800432,33.478,2.57928,100
cond_win_bpc_all,1786075993139,33.5315,2.57488,100
cond_win_bpc_all,1786076209032,33.5915,2.57197,100
cond_win_bpc_all,1786076209455,33.5916,2.57092,100
cond_win_bpc_all,1786076317917,33.6218,2.57067,100
cond_win_bpc_all,1786076536351,33.6824,2.57064,100
cond_win_bpc_all,1786076835576,33.7656,2.57158,100
cond_win_bpc_all,1786077033196,33.8205,2.56938,100
cond_win_bpc_all,1786077173721,33.8595,2.57042,100
cond_win_bpc_all,1786077174780,33.8598,2.57025,100
cond_win_bpc_all,1786077223762,33.8734,2.56956,100
cond_win_bpc_all,1786077583935,33.9734,2.56723,100
cond_win_bpc_all,1786077618884,33.9831,2.56442,100
cond_win_bpc_all,1786077789782,34.0306,2.56275,100
cond_win_bpc_all,1786077865545,34.0517,2.5625,100
cond_win_bpc_all,1786077938738,34.072,2.5612,100
cond_win_bpc_all,1786078151219,34.131,2.55995,100
cond_win_bpc_all,1786078170129,34.1363,2.56021,100
cond_win_bpc_all,1786078190172,34.1418,2.55943,100
cond_win_bpc_all,1786078191397,34.1422,2.55915,100
cond_win_bpc_all,1786078444917,34.2126,2.56092,100
cond_win_bpc_all,1786078610784,34.2587,2.56392,100
cond_win_bpc_all,1786078880143,34.3335,2.57054,100
cond_win_bpc_all,1786078933115,34.3482,2.57276,100
cond_win_bpc_all,1786079867719,34.6078,2.57087,100
cond_win_bpc_all,1786080048862,34.6581,2.57085,100
cond_win_bpc_all,1786080049170,34.6582,2.57193,100
cond_win_bpc_all,1786080049471,34.6583,2.57369,100
cond_win_bpc_all,1786080429582,34.7639,2.57595,100
cond_win_bpc_all,1786080633926,34.8207,2.57486,100
cond_win_bpc_all,1786080770276,34.8585,2.57517,100
cond_win_bpc_all,1786080770570,34.8586,2.57883,100
cond_win_bpc_all,1786080939068,34.9054,2.58399,100
cond_win_bpc_all,1786081389068,35.0304,2.58439,100
cond_win_bpc_all,1786081391360,35.0311,2.58101,100
cond_win_bpc_all,1786081393727,35.0317,2.58037,100
cond_win_bpc_all,1786081569593,35.0806,2.58258,100
cond_win_bpc_all,1786081636560,35.0992,2.58467,100
cond_win_bpc_all,1786081636972,35.0993,2.58574,100
cond_win_bpc_all,1786081637467,35.0994,2.58721,100
cond_win_bpc_all,1786081642092,35.1007,2.5859,100
cond_win_bpc_all,1786081778202,35.1385,2.58121,100
cond_win_bpc_all,1786081837280,35.1549,2.58187,100
cond_win_bpc_all,1786081903028,35.1732,2.58084,100
cond_win_bpc_all,1786082208902,35.2581,2.57997,100
cond_win_bpc_all,1786082209403,35.2583,2.58063,100
cond_win_bpc_all,1786082343482,35.2955,2.58251,100
cond_win_bpc_all,1786082466750,35.3298,2.5862,100
cond_win_bpc_all,1786082490653,35.3364,2.58709,100
cond_win_bpc_all,1786082661343,35.3838,2.58917,100
cond_win_bpc_all,1786082675622,35.3878,2.58862,100
cond_win_bpc_all,1786082961463,35.4672,2.58676,100
cond_win_bpc_all,1786083044505,35.4903,2.58513,100
cond_win_bpc_all,1786083194850,35.532,2.57904,100
cond_win_bpc_all,1786083347745,35.5745,2.579,100
cond_win_bpc_all,1786083372295,35.5813,2.57286,100
cond_win_bpc_all,1786083704160,35.6735,2.57106,100
cond_win_bpc_all,1786084033643,35.765,2.57436,100
cond_win_bpc_all,1786084285608,35.835,2.57492,100
cond_win_bpc_all,1786084376743,35.8603,2.57449,100
cond_win_bpc_all,1786084394588,35.8653,2.57726,100
cond_win_bpc_all,1786084419120,35.8721,2.58348,100
cond_win_bpc_all,1786084537855,35.9051,2.58688,100
cond_win_bpc_all,1786084539143,35.9054,2.58662,100
cond_win_bpc_all,1786084540386,35.9058,2.58915,100
cond_win_bpc_all,1786084727401,35.9577,2.59734,100
cond_win_bpc_all,1786084764259,35.968,2.60366,100
cond_win_bpc_all,1786084764734,35.9681,2.60588,100
cond_win_bpc_all,1786084765332,35.9683,2.61006,100
cond_win_bpc_all,1786084801696,35.9784,2.6109,100
cond_win_bpc_all,1786084804029,35.979,2.60966,100
cond_win_bpc_all,1786084806393,35.9797,2.61992,100
cond_win_bpc_all,1786084808751,35.9803,2.62523,100
cond_win_bpc_all,1786084846240,35.9907,2.62645,100
cond_win_bpc_all,1786084865638,35.9961,2.63545,100
cond_win_bpc_all,1786084866097,35.9963,2.6407,100
cond_win_bpc_all,1786085178829,36.0831,2.64789,100
cond_win_bpc_all,1786085259752,36.1056,2.65768,100
cond_win_bpc_all,1786085564082,36.1901,2.65958,100
cond_win_bpc_all,1786086104955,36.3404,2.66392,100
cond_win_bpc_all,1786086186931,36.3632,2.66913,100
cond_win_bpc_all,1786086258627,36.3831,2.67334,100
cond_win_bpc_all,1786086277427,36.3883,2.67416,100
cond_win_bpc_all,1786086801292,36.5338,2.6744,100
cond_win_bpc_all,1786086803360,36.5344,2.66897,100
cond_win_bpc_all,1786087279154,36.6666,2.67775,100
cond_win_bpc_all,1786087287826,36.669,2.68253,100
cond_win_bpc_all,1786087294617,36.6708,2.68354,100
cond_win_bpc_all,1786087348239,36.6857,2.68237,100
cond_win_bpc_all,1786087353168,36.6871,2.68823,100
cond_win_bpc_all,1786087505241,36.7294,2.68967,100
cond_win_bpc_all,1786087576660,36.7492,2.68824,100
cond_win_bpc_all,1786087597463,36.755,2.68853,100
cond_win_bpc_all,1786087598248,36.7552,2.68263,100
cond_win_bpc_all,1786087599108,36.7554,2.67756,100
cond_win_bpc_all,1786087653573,36.7706,2.6793,100
cond_win_bpc_all,1786087658685,36.772,2.68111,100
cond_win_bpc_all,1786087718644,36.7886,2.68064,100
cond_win_bpc_all,1786087761199,36.8005,2.67994,100
cond_win_bpc_all,1786087781504,36.8061,2.67923,100
cond_win_bpc_all,1786087812195,36.8146,2.68107,100
cond_win_bpc_all,1786087824153,36.8179,2.68636,100
cond_win_bpc_all,1786087836300,36.8213,2.68936,100
cond_win_bpc_all,1786087847420,36.8244,2.691,100
cond_win_bpc_all,1786088039453,36.8777,2.68962,100
cond_win_bpc_all,1786088040719,36.8781,2.6908,100
cond_win_bpc_all,1786088041864,36.8784,2.68734,100
cond_win_bpc_all,1786088043071,36.8788,2.68811,100
cond_win_bpc_all,1786088407407,36.98,2.68633,100
cond_win_bpc_all,1786088409778,36.9806,2.68531,100
cond_win_bpc_all,1786088573427,37.0261,2.68542,100
cond_win_bpc_all,1786088594103,37.0318,2.69134,100
cond_win_bpc_all,1786088600856,37.0337,2.6978,100
cond_win_bpc_all,1786088874261,37.1096,2.69964,100
cond_win_bpc_all,1786088908261,37.1191,2.70694,100
cond_win_bpc_all,1786089122658,37.1786,2.7049,100
cond_win_bpc_all,1786089140272,37.1835,2.70676,100
cond_win_bpc_all,1786089202135,37.2007,2.70277,100
cond_win_bpc_all,1786089323441,37.2344,2.70209,100
cond_win_bpc_all,1786089352709,37.2425,2.70036,100
cond_win_bpc_all,1786089421931,37.2618,2.6956,100
cond_win_bpc_all,1786089532179,37.2924,2.69355,100
cond_win_bpc_all,1786089573479,37.3039,2.68539,100
cond_win_bpc_all,1786090355983,37.5212,2.68279,100
cond_win_bpc_all,1786090421891,37.5395,2.68529,100
cond_win_bpc_all,1786090450001,37.5473,2.68454,100
cond_win_bpc_all,1786090478220,37.5552,2.68388,100
cond_win_bpc_all,1786090517375,37.5661,2.68335,100
cond_win_bpc_all,1786090528364,37.5691,2.68285,100
cond_win_bpc_all,1786090541500,37.5728,2.68527,100
cond_win_bpc_all,1786090560460,37.578,2.68442,100
cond_win_bpc_all,1786090736018,37.6268,2.68255,100
cond_win_bpc_all,1786090756725,37.6325,2.67458,100
cond_win_bpc_all,1786090826056,37.6518,2.66627,100
cond_win_bpc_all,1786090859945,37.6612,2.669,100
cond_win_bpc_all,1786090907716,37.6745,2.67285,100
cond_win_bpc_all,1786090923961,37.679,2.67113,100
cond_win_bpc_all,1786091211894,37.759,2.66599,100
cond_win_bpc_all,1786091221447,37.7616,2.66441,100
cond_win_bpc_all,1786091222990,37.7621,2.65934,100
cond_win_bpc_all,1786091223473,37.7622,2.65634,100
cond_win_bpc_all,1786091230422,37.7641,2.66136,100
cond_win_bpc_all,1786091269131,37.7749,2.65842,100
cond_win_bpc_all,1786091294900,37.782,2.65585,100
cond_win_bpc_all,1786091307437,37.7855,2.65748,100
cond_win_bpc_all,1786091368816,37.8026,2.65419,100
cond_win_bpc_all,1786091459392,37.8277,2.6533,100
cond_win_bpc_all,1786091474517,37.8319,2.64921,100
cond_win_bpc_all,1786091479250,37.8332,2.6491,100
cond_win_bpc_all,1786091485438,37.835,2.64334,100
cond_win_bpc_all,1786091487337,37.8355,2.64145,100
cond_win_bpc_all,1786091540103,37.8501,2.63655,100
cond_win_bpc_all,1786091557506,37.855,2.63588,100
cond_win_bpc_all,1786091583601,37.8622,2.63556,100
cond_win_bpc_all,1786091627950,37.8745,2.63281,100
cond_win_bpc_all,1786091657484,37.8828,2.63681,100
cond_win_bpc_all,1786091672570,37.8869,2.63613,100
cond_win_bpc_all,1786092944643,38.2403,2.63161,100
cond_win_bpc_all,1786092945870,38.2406,2.63233,100
cond_win_bpc_all,1786092947088,38.241,2.63314,100
cond_win_bpc_all,1786093558655,38.4109,2.63658,100
cond_win_bpc_all,1786093593477,38.4205,2.63703,100
cond_win_bpc_all,1786093599433,38.4222,2.63897,100
cond_win_bpc_all,1786093606025,38.424,2.64088,100
cond_win_bpc_all,1786093680684,38.4448,2.64039,100
cond_win_bpc_all,1786094639787,38.7112,2.63827,100
cond_win_bpc_all,1786094959915,38.8001,2.63794,100
cond_win_bpc_all,1786095039136,38.8221,2.63461,100
cond_win_bpc_all,1786095099716,38.8389,2.63168,100
cond_win_bpc_all,1786095227892,38.8745,2.62837,100
cond_win_bpc_all,1786095311697,38.8978,2.62998,100
cond_win_bpc_all,1786095312088,38.8979,2.63257,100
cond_win_bpc_all,1786095404048,38.9235,2.63103,100
cond_win_bpc_all,1786095604469,38.9791,2.63008,100
cond_win_bpc_all,1786096304672,39.1736,2.62599,100
cond_win_bpc_all,1786096403696,39.2011,2.6242,100
cond_win_bpc_all,1786096930302,39.3474,2.62671,100
cond_win_bpc_all,1786097226474,39.4297,2.62419,100
cond_win_bpc_all,1786097258787,39.4387,2.62503,100
cond_win_bpc_all,1786097438987,39.4887,2.62528,100
cond_win_bpc_all,1786097441623,39.4895,2.63,100
cond_win_bpc_all,1786097442943,39.4898,2.63131,100
cond_win_bpc_all,1786097444269,39.4902,2.63117,100
cond_win_bpc_all,1786097445648,39.4906,2.63115,100
cond_win_bpc_all,1786097449667,39.4917,2.63637,100
cond_win_bpc_all,1786097469270,39.4971,2.62999,100
cond_win_bpc_all,1786097707046,39.5632,2.63002,100
cond_win_bpc_all,1786097728413,39.5691,2.62774,100
cond_win_bpc_all,1786097959297,39.6333,2.629,100
cond_win_bpc_all,1786098185052,39.696,2.62908,100
cond_win_bpc_all,1786098630087,39.8196,2.62877,100
cond_win_bpc_all,1786098645720,39.8239,2.62735,100
cond_win_bpc_all,1786098749003,39.8526,2.62675,100
cond_win_bpc_all,1786099207488,39.98,2.63253,100
cond_win_bpc_all,1786099267205,39.9966,2.63642,100
cond_win_bpc_all,1786099398842,40.0331,2.63727,100
cond_win_bpc_all,1786099924520,40.1792,2.63875,100
cond_win_bpc_all,1786100764434,40.4125,2.63778,100
cond_win_bpc_all,1786100909127,40.4527,2.6414,100
cond_win_bpc_all,1786100963072,40.4676,2.64242,100
cond_win_bpc_all,1786101043796,40.4901,2.63889,100
cond_win_bpc_all,1786102198763,40.8109,2.63828,100
cond_win_bpc_all,1786102474308,40.8874,2.63828,100
cond_win_bpc_all,1786102677406,40.9438,2.63996,100
cond_win_bpc_all,1786102810686,40.9809,2.63984,100
cond_win_bpc_all,1786102863770,40.9956,2.64297,100
cond_win_bpc_all,1786102872448,40.998,2.64659,100
cond_win_bpc_all,1786102943161,41.0177,2.65003,100
cond_win_bpc_all,1786103178395,41.083,2.64185,100
cond_win_bpc_all,1786103365804,41.1351,2.63351,100
cond_win_bpc_all,1786103542551,41.1842,2.63325,100
cond_win_bpc_all,1786103570340,41.1919,2.62923,100
cond_win_bpc_all,1786103901746,41.2839,2.62878,100
cond_win_bpc_all,1786104172385,41.3591,2.62712,100
cond_win_bpc_all,1786104179227,41.361,2.62703,100
cond_win_bpc_all,1786104186422,41.363,2.63175,100
cond_win_bpc_all,1786104190692,41.3642,2.63614,100
cond_win_bpc_all,1786104206966,41.3687,2.63868,100
cond_win_bpc_all,1786104431151,41.431,2.63728,100
cond_win_bpc_all,1786104676382,41.4991,2.64033,100
cond_win_bpc_all,1786104677271,41.4994,2.64416,100
cond_win_bpc_all,1786104715604,41.51,2.65696,100
cond_win_bpc_all,1786104759102,41.5221,2.65887,100
cond_win_bpc_all,1786104846153,41.5463,2.6599,100
cond_win_bpc_all,1786104846330,41.5463,2.65983,100
cond_win_bpc_all,1786104846503,41.5464,2.65948,100
cond_win_bpc_all,1786104944191,41.5735,2.65752,100
cond_win_bpc_all,1786104944614,41.5736,2.65428,100
cond_win_bpc_all,1786104945012,41.5737,2.65064,100
cond_win_bpc_all,1786104945444,41.5739,2.64732,100
cond_win_bpc_all,1786105216345,41.6491,2.64877,100
cond_win_bpc_all,1786105714133,41.7874,2.65762,100
cond_win_bpc_all,1786105758871,41.7998,2.66437,100
cond_win_bpc_all,1786105792952,41.8093,2.66984,100
cond_win_bpc_all,1786106291442,41.9477,2.67159,100
cond_win_bpc_all,1786106319090,41.9554,2.66993,100
cond_win_bpc_all,1786106409482,41.9805,2.6691,100
cond_win_bpc_all,1786106441306,41.9894,2.6722,100
cond_win_bpc_all,1786106584969,42.0293,2.67976,100
cond_win_bpc_all,1786106603026,42.0343,2.68819,100
cond_win_bpc_all,1786106603319,42.0344,2.69716,100
cond_win_bpc_all,1786106603595,42.0345,2.69877,100
cond_win_bpc_all,1786106603878,42.0345,2.70474,100
cond_win_bpc_all,1786106706663,42.0631,2.71076,100
cond_win_bpc_all,1786106707568,42.0633,2.71054,100
cond_win_bpc_all,1786106852793,42.1037,2.705,100
cond_win_bpc_all,1786106872492,42.1091,2.70017,100
cond_win_bpc_all,1786106954097,42.1318,2.69832,100
cond_win_bpc_all,1786107026491,42.1519,2.69869,100
cond_win_bpc_all,1786107052344,42.1591,2.70523,100
cond_win_bpc_all,1786107117033,42.1771,2.71086,100
cond_win_bpc_all,1786107122639,42.1786,2.72325,100
cond_win_bpc_all,1786107233105,42.2093,2.72573,100
cond_win_bpc_all,1786107234405,42.2097,2.73072,100
cond_win_bpc_all,1786107286571,42.2242,2.73715,100
cond_win_bpc_all,1786107319003,42.2332,2.74235,100
cond_win_bpc_all,1786107393565,42.2539,2.73715,100
cond_win_bpc_all,1786107469259,42.2749,2.72709,100
cond_win_bpc_all,1786107516882,42.2881,2.72825,100
cond_win_bpc_all,1786107546607,42.2964,2.72628,100
cond_win_bpc_all,1786107562649,42.3009,2.72611,100
cond_win_bpc_all,1786107565593,42.3017,2.7252,100
cond_win_bpc_all,1786107573743,42.3039,2.72491,100
cond_win_bpc_all,1786107574389,42.3041,2.72379,100
cond_win_bpc_all,1786107580591,42.3058,2.72447,100
cond_win_bpc_all,1786107590594,42.3086,2.72983,100
cond_win_bpc_all,1786107678621,42.3331,2.73048,100
cond_win_bpc_all,1786107836567,42.3769,2.73509,100
cond_win_bpc_all,1786107858551,42.3831,2.74172,100
cond_win_bpc_all,1786108076343,42.4435,2.7454,100
cond_win_bpc_all,1786108092079,42.4479,2.74479,100
cond_win_bpc_all,1786108192209,42.4757,2.74286,100
cond_win_bpc_all,1786108296605,42.5047,2.74949,100
cond_win_bpc_all,1786108711115,42.6199,2.75,100
cond_win_bpc_all,1786109073868,42.7206,2.75242,100
cond_win_bpc_all,1786109109875,42.7306,2.75418,100
cond_win_bpc_all,1786109115736,42.7323,2.75534,100
cond_win_bpc_all,1786109119607,42.7333,2.75825,100
cond_win_bpc_all,1786109123352,42.7344,2.75907,100
cond_win_bpc_all,1786109138442,42.7386,2.76063,100
cond_win_bpc_all,1786109143236,42.7399,2.76059,100
cond_win_bpc_all,1786109150289,42.7419,2.76071,100
cond_win_bpc_all,1786109154400,42.743,2.76183,100
cond_win_bpc_all,1786109195809,42.7545,2.76224,100
cond_win_bpc_all,1786109197071,42.7549,2.7646,100
cond_win_bpc_all,1786109197343,42.7549,2.76755,100
cond_win_bpc_all,1786109259638,42.7722,2.76808,100
cond_win_bpc_all,1786109278375,42.7774,2.77384,100
cond_win_bpc_all,1786109299809,42.7834,2.77317,100
cond_win_bpc_all,1786109300071,42.7835,2.77586,100
cond_win_bpc_all,1786109400350,42.8113,2.77732,100
cond_win_bpc_all,1786109540326,42.8502,2.77213,100
cond_win_bpc_all,1786109541095,42.8504,2.77862,100
cond_win_bpc_all,1786109541943,42.8507,2.77274,100
cond_win_bpc_all,1786109695812,42.8934,2.7744,100
cond_win_bpc_all,1786109834865,42.932,2.77764,100
cond_win_bpc_all,1786109840361,42.9336,2.77836,100
cond_win_bpc_all,1786109841235,42.9338,2.78226,100
cond_win_bpc_all,1786109842184,42.9341,2.77524,100
cond_win_bpc_all,1786109950491,42.9641,2.76384,100
cond_win_bpc_all,1786110052161,42.9924,2.76907,100
cond_win_bpc_all,1786110133828,43.0151,2.77432,100
cond_win_bpc_all,1786110147055,43.0187,2.78441,100
cond_win_bpc_all,1786110218949,43.0387,2.78682,100
cond_win_bpc_all,1786110247996,43.0468,2.79515,100
cond_win_bpc_all,1786110248526,43.0469,2.79539,100
cond_win_bpc_all,1786110249048,43.0471,2.79479,100
cond_win_bpc_all,1786110249615,43.0472,2.79584,100
cond_win_bpc_all,1786110382309,43.0841,2.81155,100
cond_win_bpc_all,1786110383625,43.0845,2.83257,100
cond_win_bpc_all,1786110384180,43.0846,2.84098,100
cond_win_bpc_all,1786110384718,43.0848,2.84523,100
cond_win_bpc_all,1786110385234,43.0849,2.84429,100
cond_win_bpc_all,1786110385805,43.0851,2.84891,100
cond_win_bpc_all,1786110386335,43.0852,2.85239,100
cond_win_bpc_all,1786110386888,43.0854,2.85524,100
cond_win_bpc_all,1786110387432,43.0855,2.85451,100
cond_win_bpc_all,1786110387963,43.0857,2.85828,100
cond_win_bpc_all,1786110525301,43.1238,2.86068,100
cond_win_bpc_all,1786110525613,43.1239,2.85937,100
cond_win_bpc_all,1786110545600,43.1295,2.85741,100
cond_win_bpc_all,1786110650618,43.1586,2.84784,100
cond_win_bpc_all,1786110660206,43.1613,2.84245,100
cond_win_bpc_all,1786110660500,43.1614,2.83949,100
cond_win_bpc_all,1786110660818,43.1615,2.83806,100
cond_win_bpc_all,1786110729649,43.1806,2.83951,100
cond_win_bpc_all,1786110730161,43.1807,2.8443,100
cond_win_bpc_all,1786110730806,43.1809,2.84988,100
cond_win_bpc_all,1786110731298,43.181,2.85742,100
cond_win_bpc_all,1786110851931,43.2145,2.86115,100
cond_win_bpc_all,1786110886338,43.2241,2.85493,100
cond_win_bpc_all,1786110886639,43.2242,2.84596,100
cond_win_bpc_all,1786110886958,43.2243,2.83825,100
cond_win_bpc_all,1786111069803,43.2751,2.84703,100
cond_win_bpc_all,1786111152539,43.298,2.8384,100
cond_win_bpc_all,1786111228367,43.3191,2.83726,100
cond_win_bpc_all,1786111247910,43.3245,2.83565,100
cond_win_bpc_all,1786111337097,43.3493,2.8306,100
cond_win_bpc_all,1786111346629,43.352,2.82106,100
cond_win_bpc_all,1786111350915,43.3532,2.81963,100
cond_win_bpc_all,1786111436163,43.3768,2.81825,100
cond_win_bpc_all,1786111451220,43.381,2.81225,100
cond_win_bpc_all,1786111461781,43.3839,2.81091,100
cond_win_bpc_all,1786111489177,43.3916,2.81262,100
cond_win_bpc_all,1786111600067,43.4224,2.81239,100
cond_win_bpc_all,1786111843188,43.4899,2.82507,100
cond_win_bpc_all,1786111902908,43.5065,2.8401,100
cond_win_bpc_all,1786112127719,43.5689,2.85024,100
cond_win_bpc_all,1786112127992,43.569,2.851,100
cond_win_bpc_all,1786112131901,43.5701,2.85013,100
cond_win_bpc_all,1786112141171,43.5727,2.84192,100
cond_win_bpc_all,1786112193174,43.5871,2.83508,100
cond_win_bpc_all,1786112540060,43.6835,2.83912,100
cond_win_bpc_all,1786112571050,43.6921,2.84128,100
cond_win_bpc_all,1786112887394,43.78,2.83804,100
cond_win_bpc_all,1786112894665,43.782,2.83805,100
cond_win_bpc_all,1786113176272,43.8602,2.84937,100
cond_win_bpc_all,1786113177032,43.8604,2.86568,100
cond_win_bpc_all,1786113177572,43.8606,2.85512,100
cond_win_bpc_all,1786113186329,43.863,2.84594,100
cond_win_bpc_all,1786113192177,43.8646,2.826,100
cond_win_bpc_all,1786113335465,43.9044,2.81409,100
cond_win_bpc_all,1786113728535,44.0136,2.8133,100
cond_win_bpc_all,1786114159293,44.1333,2.81174,100
cond_win_bpc_all,1786114475446,44.2211,2.81282,100
cond_win_bpc_all,1786114699656,44.2834,2.80832,100
cond_win_bpc_all,1786114964821,44.357,2.80939,100
cond_win_bpc_all,1786115079330,44.3888,2.80945,100
cond_win_bpc_all,1786115079905,44.389,2.81562,100
cond_win_bpc_all,1786115532289,44.5146,2.81644,100
cond_win_bpc_all,1786115532897,44.5148,2.81364,100
cond_win_bpc_all,1786115550310,44.5196,2.81152,100
cond_win_bpc_all,1786115579762,44.5278,2.81091,100
cond_win_bpc_all,1786115669443,44.5527,2.81116,100
cond_win_bpc_all,1786115696367,44.5602,2.81313,100
cond_win_bpc_all,1786115784949,44.5848,2.80998,100
cond_win_bpc_all,1786115785139,44.5849,2.80492,100
cond_win_bpc_all,1786115785326,44.5849,2.79907,100
cond_win_bpc_all,1786115785511,44.585,2.79656,100
cond_win_bpc_all,1786115867209,44.6077,2.79106,100
cond_win_bpc_all,1786115984047,44.6401,2.77798,100
cond_win_bpc_all,1786115987611,44.6411,2.76951,100
cond_win_bpc_all,1786115991138,44.6421,2.75614,100
cond_win_bpc_all,1786115992266,44.6424,2.75109,100
cond_win_bpc_all,1786115992573,44.6425,2.74835,100
cond_win_bpc_all,1786116063948,44.6623,2.75042,100
cond_win_bpc_all,1786116236320,44.7102,2.7556,100
cond_win_bpc_all,1786116376509,44.7491,2.75734,100
cond_win_bpc_all,1786116758855,44.8554,2.75823,100
cond_win_bpc_all,1786116806820,44.8687,2.76,100
cond_win_bpc_all,1786116814879,44.8709,2.76467,100
cond_win_bpc_all,1786116822972,44.8732,2.77517,100
cond_win_bpc_all,1786116830514,44.8753,2.7766,100
cond_win_bpc_all,1786116837014,44.8771,2.78464,100
cond_win_bpc_all,1786117510404,45.0641,2.78981,100
cond_win_bpc_all,1786117603732,45.09,2.78767,100
cond_win_bpc_all,1786117603962,45.0901,2.78832,100
cond_win_bpc_all,1786117604131,45.0902,2.78836,100
cond_win_bpc_all,1786117604303,45.0902,2.79418,100
cond_win_bpc_all,1786117604466,45.0902,2.81029,100
cond_win_bpc_all,1786117914378,45.1763,2.80511,100
cond_win_bpc_all,1786117915241,45.1766,2.78352,100
cond_win_bpc_all,1786118250472,45.2697,2.76102,100
cond_win_bpc_all,1786118393776,45.3095,2.74591,100
cond_win_bpc_all,1786118742121,45.4063,2.74402,100
cond_win_bpc_all,1786119012751,45.4814,2.74299,100
cond_win_bpc_all,1786119025651,45.485,2.74309,100
cond_win_bpc_all,1786119026106,45.4851,2.73975,100
cond_win_bpc_all,1786119301256,45.5616,2.72988,100
cond_win_bpc_all,1786119648758,45.6581,2.72341,100
cond_win_bpc_all,1786119698109,45.6718,2.7193,100
cond_win_bpc_all,1786119742488,45.6841,2.71573,100
cond_win_bpc_all,1786119745641,45.685,2.71083,100
cond_win_bpc_all,1786119748845,45.6859,2.70662,100
cond_win_bpc_all,1786119751984,45.6868,2.70066,100
cond_win_bpc_all,1786120068122,45.7746,2.69956,100
cond_win_bpc_all,1786120069058,45.7749,2.69808,100
cond_win_bpc_all,1786120069935,45.7751,2.69542,100
cond_win_bpc_all,1786120070674,45.7753,2.69851,100
cond_win_bpc_all,1786120267267,45.8299,2.6976,100
cond_win_bpc_all,1786120267298,45.8299,2.69888,100
cond_win_bpc_all,1786120267306,45.8299,2.69878,100
cond_win_bpc_all,1786120654535,45.9375,2.70074,100
cond_win_bpc_all,1786120661573,45.9394,2.70256,100
cond_win_bpc_all,1786120717773,45.9551,2.70054,100
cond_win_bpc_all,1786120938418,46.0163,2.69629,100
cond_win_bpc_all,1786120951951,46.0201,2.69178,100
cond_win_bpc_all,1786120981360,46.0283,2.69429,100
cond_win_bpc_all,1786121019067,46.0387,2.69524,100
cond_win_bpc_all,1786121037718,46.0439,2.6936,100
cond_win_bpc_all,1786121042202,46.0452,2.69003,100
cond_win_bpc_all,1786121046713,46.0464,2.68579,100
cond_win_bpc_all,1786121051242,46.0477,2.68007,100
cond_win_bpc_all,1786121055725,46.0489,2.67788,100
cond_win_bpc_all,1786121288891,46.1137,2.67939,100
cond_win_bpc_all,1786121289272,46.1138,2.68056,100
cond_win_bpc_all,1786121289468,46.1139,2.68099,100
cond_win_bpc_all,1786121292846,46.1148,2.67788,100
cond_win_bpc_all,1786121371017,46.1365,2.67772,100
cond_win_bpc_all,1786121622888,46.2065,2.67523,100
cond_win_bpc_all,1786121623163,46.2066,2.67336,100
cond_win_bpc_all,1786121636327,46.2102,2.67057,100
cond_win_bpc_all,1786121657860,46.2162,2.66849,100
cond_win_bpc_all,1786121658691,46.2164,2.6671,100
cond_win_bpc_all,1786121689213,46.2249,2.66282,100
cond_win_bpc_all,1786121849404,46.2694,2.66412,100
cond_win_bpc_all,1786121969899,46.3029,2.66367,100
cond_win_bpc_all,1786122197273,46.366,2.66442,100
cond_win_bpc_all,1786122224355,46.3736,2.66421,100
cond_win_bpc_all,1786122405758,46.4239,2.66472,100
cond_win_bpc_all,1786122406127,46.424,2.66861,100
cond_win_bpc_all,1786122445173,46.4349,2.66861,100
cond_win_bpc_all,1786122471145,46.4421,2.66839,100
cond_win_bpc_all,1786122471469,46.4422,2.66875,100
cond_win_bpc_all,1786122521107,46.456,2.66835,100
cond_win_bpc_all,1786122676140,46.499,2.65914,100
cond_win_bpc_all,1786123045688,46.6017,2.66148,100
cond_win_bpc_all,1786123056918,46.6048,2.66525,100
cond_win_bpc_all,1786123065722,46.6073,2.6691,100
cond_win_bpc_all,1786123089660,46.6139,2.6697,100
cond_win_bpc_all,1786123089771,46.6139,2.67553,100
cond_win_bpc_all,1786123306949,46.6743,2.67774,100
cond_win_bpc_all,1786123352663,46.687,2.67816,100
cond_win_bpc_all,1786123367218,46.691,2.67579,100
cond_win_bpc_all,1786123467125,46.7188,2.67354,100
cond_win_bpc_all,1786123533610,46.7372,2.67307,100
cond_win_bpc_all,1786123569714,46.7473,2.66154,100
cond_win_bpc_all,1786124344597,46.9625,2.65937,100
cond_win_bpc_all,1786124352515,46.9647,2.65146,100
cond_win_bpc_all,1786124601155,47.0338,2.65059,100
cond_win_bpc_all,1786124693660,47.0595,2.65085,100
cond_win_bpc_all,1786124783890,47.0845,2.6489,100
cond_win_bpc_all,1786124784484,47.0847,2.64782,100
cond_win_bpc_all,1786124785076,47.0849,2.64566,100
cond_win_bpc_all,1786124824842,47.0959,2.64445,100
cond_win_bpc_all,1786125288304,47.2246,2.64567,100
cond_win_bpc_all,1786125403893,47.2568,2.64184,100
cond_win_bpc_all,1786125593284,47.3094,2.64253,100
cond_win_bpc_all,1786125597156,47.3104,2.64187,100
cond_win_bpc_all,1786125662805,47.3287,2.63905,100
cond_win_bpc_all,1786126211588,47.4811,2.64054,100
cond_win_bpc_all,1786126371849,47.5256,2.64614,100
cond_win_bpc_all,1786126510054,47.564,2.64688,100
cond_win_bpc_all,1786127033045,47.7093,2.64844,100
cond_win_bpc_all,1786127138805,47.7387,2.64821,100
cond_win_bpc_all,1786127215985,47.7601,2.64829,100
cond_win_bpc_all,1786127222206,47.7618,2.64474,100
cond_win_bpc_all,1786127441392,47.8227,2.64272,100
cond_win_bpc_all,1786127532168,47.8479,2.64359,100
cond_win_bpc_all,1786127731398,47.9033,2.64055,100
cond_win_bpc_all,1786127755318,47.9099,2.6442,100
cond_win_bpc_all,1786127777528,47.9161,2.64046,100
cond_win_bpc_all,1786127957798,47.9662,2.63819,100
cond_win_bpc_all,1786128110848,48.0087,2.62814,100
cond_win_bpc_all,1786128160737,48.0225,2.62181,100
cond_win_bpc_all,1786128182749,48.0287,2.61703,100
cond_win_bpc_all,1786128540929,48.1282,2.61134,100
cond_win_bpc_all,1786128726484,48.1797,2.61083,100
cond_win_bpc_all,1786128813912,48.204,2.61117,100
cond_win_bpc_all,1786128839920,48.2112,2.61042,100
cond_win_bpc_all,1786128906394,48.2297,2.61155,100
cond_win_bpc_all,1786128906585,48.2297,2.61885,100
cond_win_bpc_all,1786128906776,48.2298,2.62618,100
cond_win_bpc_all,1786128906981,48.2298,2.62965,100
cond_win_bpc_all,1786129000752,48.2559,2.63047,100
cond_win_bpc_all,1786129006831,48.2576,2.63034,100
cond_win_bpc_all,1786129240151,48.3224,2.63066,100
cond_win_bpc_all,1786129272245,48.3313,2.63136,100
cond_win_bpc_all,1786129272726,48.3314,2.63628,100
cond_win_bpc_all,1786129282664,48.3342,2.63378,100
cond_win_bpc_all,1786129287366,48.3355,2.63756,100
cond_win_bpc_all,1786129329137,48.3471,2.63522,100
cond_win_bpc_all,1786129357780,48.3551,2.63669,100
cond_win_bpc_all,1786129361742,48.3562,2.63601,100
cond_win_bpc_all,1786129393769,48.3651,2.6381,100
cond_win_bpc_all,1786129407651,48.3689,2.63754,100
cond_win_bpc_all,1786129466052,48.3851,2.63368,100
cond_win_bpc_all,1786129674933,48.4432,2.63393,100
cond_win_bpc_all,1786129794653,48.4764,2.62164,100
cond_win_bpc_all,1786129977106,48.5271,2.61901,100
cond_win_bpc_all,1786129977730,48.5273,2.61893,100
cond_win_bpc_all,1786129978298,48.5274,2.61769,100
cond_win_bpc_all,1786130140306,48.5724,2.61255,100
cond_win_bpc_all,1786130173421,48.5816,2.61514,100
cond_win_bpc_all,1786130553842,48.6873,2.61701,100
cond_win_bpc_all,1786130584857,48.6959,2.61763,100
cond_win_bpc_all,1786130670699,48.7198,2.61615,100
cond_win_bpc_all,1786130862646,48.7731,2.60886,100
cond_win_bpc_all,1786131020827,48.817,2.60438,100
cond_win_bpc_all,1786131021096,48.8171,2.60515,100
cond_win_bpc_all,1786131021360,48.8172,2.60934,100
cond_win_bpc_all,1786131053408,48.8261,2.60774,100
cond_win_bpc_all,1786131129001,48.8471,2.61269,100
cond_win_bpc_all,1786131333171,48.9038,2.6147,100
cond_win_bpc_all,1786131333675,48.9039,2.6157,100
cond_win_bpc_all,1786131517067,48.9549,2.61355,100
cond_win_bpc_all,1786131517557,48.955,2.6135,100
cond_win_bpc_all,1786131885633,49.0572,2.61692,100
cond_win_bpc_all,1786131999854,49.089,2.61793,100
cond_win_bpc_all,1786132100587,49.1169,2.61522,100
cond_win_bpc_all,1786132105097,49.1182,2.62325,100
cond_win_bpc_all,1786132302036,49.1729,2.63227,100
cond_win_bpc_all,1786132361068,49.1893,2.62941,100
cond_win_bpc_all,1786132742018,49.2951,2.6312,100
cond_win_bpc_all,1786132742541,49.2953,2.6363,100
cond_win_bpc_all,1786132743036,49.2954,2.63837,100
cond_win_bpc_all,1786132743538,49.2955,2.63965,100
cond_win_bpc_all,1786132744042,49.2957,2.64153,100
cond_win_bpc_all,1786132788601,49.3081,2.63781,100
cond_win_bpc_all,1786132789002,49.3082,2.63313,100
cond_win_bpc_all,1786133167825,49.4134,2.6316,100
cond_win_bpc_all,1786133241561,49.4339,2.63214,100
cond_win_bpc_all,1786133253423,49.4372,2.63022,100
cond_win_bpc_all,1786133677468,49.555,2.63219,100
cond_win_bpc_all,1786133944478,49.6291,2.63037,100
cond_win_bpc_all,1786133956843,49.6326,2.6365,100
cond_win_bpc_all,1786133970361,49.6363,2.63772,100
cond_win_bpc_all,1786134028724,49.6525,2.63765,100
cond_win_bpc_all,1786134048266,49.658,2.63548,100
cond_win_bpc_all,1786134076718,49.6659,2.63442,100
cond_win_bpc_all,1786134571127,49.8032,2.63502,100
cond_win_bpc_all,1786134665856,49.8295,2.63847,100
cond_win_bpc_all,1786135034472,49.9319,2.63397,100
cond_win_bpc_all,1786135096060,49.949,2.63283,100
cond_win_bpc_all,1786135227038,49.9854,2.62925,100
cond_win_bpc_all,1786136045381,50.2127,2.6257,100
cond_win_bpc_all,1786136046972,50.2132,2.63508,100
cond_win_bpc_all,1786136508098,50.3413,2.63686,100
cond_win_bpc_all,1786136508733,50.3414,2.64322,100
cond_win_bpc_all,1786136558805,50.3553,2.64575,100
cond_win_bpc_all,1786136844086,50.4346,2.64712,100
cond_win_bpc_all,1786137572856,50.637,2.64645,100
cond_win_bpc_all,1786137573197,50.6371,2.6483,100
cond_win_bpc_all,1786137573468,50.6372,2.65088,100
cond_win_bpc_all,1786137573754,50.6373,2.65062,100
cond_win_bpc_all,1786137583639,50.64,2.65249,100
cond_win_bpc_all,1786137761178,50.6893,2.65757,100
cond_win_bpc_all,1786137813737,50.7039,2.65889,100
cond_win_bpc_all,1786137984131,50.7513,2.66374,100
cond_win_bpc_all,1786138174736,50.8042,2.66649,100
cond_win_bpc_all,1786138175191,50.8043,2.67222,100
cond_win_bpc_all,1786138175700,50.8045,2.67034,100
cond_win_bpc_all,1786138461966,50.884,2.67575,100
cond_win_bpc_all,1786138462189,50.8841,2.67468,100
cond_win_bpc_all,1786138505834,50.8962,2.67844,100
cond_win_bpc_all,1786138617163,50.9271,2.67135,100
cond_win_bpc_all,1786138887447,51.0022,2.66695,100
cond_win_bpc_all,1786138928449,51.0136,2.66731,100
cond_win_bpc_all,1786138928845,51.0137,2.66745,100
cond_win_bpc_all,1786138929307,51.0138,2.66984,100
cond_win_bpc_all,1786139060023,51.0501,2.6679,100
cond_win_bpc_all,1786139060528,51.0503,2.67459,100
cond_win_bpc_all,1786139060953,51.0504,2.67776,100
cond_win_bpc_all,1786139434877,51.1543,2.68855,100
cond_win_bpc_all,1786139435032,51.1543,2.69269,100
cond_win_bpc_all,1786139518178,51.1774,2.69842,100
cond_win_bpc_all,1786139617339,51.2049,2.69315,100
cond_win_bpc_all,1786139732626,51.237,2.69457,100
cond_win_bpc_all,1786139733112,51.2371,2.69508,100
cond_win_bpc_all,1786139851999,51.2701,2.6935,100
cond_win_bpc_all,1786140203912,51.3679,2.6913,100
cond_win_bpc_all,1786140368108,51.4135,2.67875,100
cond_win_bpc_all,1786140885683,51.5573,2.66729,100
cond_win_bpc_all,1786141134677,51.6264,2.66177,100
cond_win_bpc_all,1786141835609,51.8211,2.66162,100
cond_win_bpc_all,1786142677265,52.0549,2.66218,100
cond_win_bpc_all,1786142743798,52.0734,2.66089,100
cond_win_bpc_all,1786142958891,52.1331,2.66152,100
cond_win_bpc_all,1786143697833,52.3384,2.66078,100
cond_win_bpc_all,1786143742063,52.3507,2.66635,100
cond_win_bpc_all,1786143742785,52.3509,2.66361,100
cond_win_bpc_all,1786143743554,52.3511,2.66669,100
cond_win_bpc_all,1786143777999,52.3607,2.66672,100
cond_win_bpc_all,1786143778814,52.3609,2.66948,100
cond_win_bpc_all,1786143779491,52.3611,2.67062,100
cond_win_bpc_all,1786143977718,52.4162,2.66926,100
cond_win_bpc_all,1786144034097,52.4318,2.66986,100
cond_win_bpc_all,1786144039177,52.4332,2.67154,100
cond_win_bpc_all,1786145335821,52.7934,2.68278,100
cond_win_bpc_all,1786145336227,52.7935,2.68581,100
cond_win_bpc_all,1786145336632,52.7936,2.68577,100
cond_win_bpc_all,1786145409904,52.814,2.68967,100
cond_win_bpc_all,1786145683466,52.89,2.69963,100
cond_win_bpc_all,1786145751173,52.9088,2.69385,100
cond_win_bpc_all,1786145752428,52.9091,2.69493,100
cond_win_bpc_all,1786145784189,52.9179,2.69341,100
cond_win_bpc_all,1786145993325,52.976,2.6966,100
cond_win_bpc_all,1786146112082,53.009,2.7003,100
cond_win_bpc_all,1786147025473,53.2628,2.70255,100
cond_win_bpc_all,1786147209705,53.3139,2.70061,100
cond_win_bpc_all,1786147262198,53.3285,2.70487,100
cond_win_bpc_all,1786147265518,53.3294,2.71324,100
cond_win_bpc_all,1786147266665,53.3297,2.71566,100
cond_win_bpc_all,1786147267806,53.3301,2.71589,100
cond_win_bpc_all,1786147324069,53.3457,2.71545,100
cond_win_bpc_all,1786147367074,53.3576,2.71449,100
cond_win_bpc_all,1786147406864,53.3687,2.71003,100
cond_win_bpc_all,1786147445854,53.3795,2.70778,100
cond_win_bpc_all,1786147462373,53.3841,2.70735,100
cond_win_bpc_all,1786147477407,53.3883,2.71331,100
cond_win_bpc_all,1786147545328,53.4072,2.71002,100
cond_win_bpc_all,1786147570859,53.4142,2.70725,100
cond_win_bpc_all,1786147586619,53.4186,2.712,100
cond_win_bpc_all,1786147887427,53.5022,2.71198,100
cond_win_bpc_all,1786147924577,53.5125,2.70845,100
cond_win_bpc_all,1786147955446,53.5211,2.70876,100
cond_win_bpc_all,1786147976281,53.5269,2.70629,100
cond_win_bpc_all,1786147977200,53.5271,2.70411,100
cond_win_bpc_all,1786148228422,53.5969,2.71002,100
cond_win_bpc_all,1786148407273,53.6466,2.7159,100
cond_win_bpc_all,1786148411261,53.6477,2.71784,100
cond_win_bpc_all,1786148479071,53.6665,2.71985,100
cond_win_bpc_all,1786148490568,53.6697,2.72301,100
cond_win_bpc_all,1786148967058,53.8021,2.70692,100
cond_win_bpc_all,1786149122446,53.8452,2.71195,100
cond_win_bpc_all,1786149203240,53.8677,2.70998,100
cond_win_bpc_all,1786149236412,53.8769,2.70174,100
cond_win_bpc_all,1786149274281,53.8874,2.69757,100
cond_win_bpc_all,1786149285450,53.8905,2.69945,100
cond_win_bpc_all,1786149286156,53.8907,2.70211,100
cond_win_bpc_all,1786149286848,53.8909,2.70137,100
cond_win_bpc_all,1786149287546,53.8911,2.69913,100
cond_win_bpc_all,1786149288284,53.8913,2.70335,100
cond_win_bpc_all,1786149288964,53.8915,2.70334,100
cond_win_bpc_all,1786149289588,53.8917,2.70311,100
cond_win_bpc_all,1786149290260,53.8919,2.70323,100
cond_win_bpc_all,1786149291132,53.8921,2.69686,100
cond_win_bpc_all,1786149291871,53.8923,2.68815,100
cond_win_bpc_all,1786149293135,53.8927,2.68223,100
cond_win_bpc_all,1786149293820,53.8928,2.67232,100
cond_win_bpc_all,1786149294561,53.8931,2.66518,100
cond_win_bpc_all,1786149295215,53.8932,2.66842,100
cond_win_bpc_all,1786149295934,53.8934,2.66066,100
cond_win_bpc_all,1786149296619,53.8936,2.6609,100
cond_win_bpc_all,1786149297356,53.8938,2.65206,100
cond_win_bpc_all,1786149297988,53.894,2.64744,100
cond_win_bpc_all,1786149298661,53.8942,2.638,100
cond_win_bpc_all,1786149299385,53.8944,2.63104,100
cond_win_bpc_all,1786149320430,53.9002,2.62634,100
cond_win_bpc_all,1786149329396,53.9027,2.62287,100
cond_win_bpc_all,1786149378424,53.9163,2.62313,100
cond_win_bpc_all,1786149420789,53.9281,2.62305,100
cond_win_bpc_all,1786149425521,53.9294,2.62549,100
cond_win_bpc_all,1786149462269,53.9396,2.62714,100
cond_win_bpc_all,1786149579876,53.9723,2.62412,100
cond_win_bpc_all,1786149680885,54.0004,2.63178,100
cond_win_bpc_all,1786149702457,54.0064,2.63695,100
cond_win_bpc_all,1786149765541,54.0239,2.63523,100
cond_win_bpc_all,1786149774023,54.0262,2.63363,100
cond_win_bpc_all,1786149783564,54.0289,2.63096,100
cond_win_bpc_all,1786149852792,54.0481,2.62851,100
cond_win_bpc_all,1786149856419,54.0491,2.62136,100
cond_win_bpc_all,1786149901069,54.0615,2.61844,100
cond_win_bpc_all,1786149930318,54.0697,2.61836,100
cond_win_bpc_all,1786149939563,54.0722,2.61863,100
cond_win_bpc_all,1786149965065,54.0793,2.61655,100
cond_win_bpc_all,1786149973932,54.0818,2.62935,100
cond_win_bpc_all,1786149982457,54.0841,2.62476,100
cond_win_bpc_all,1786150032362,54.098,2.626,100
cond_win_bpc_all,1786150066575,54.1075,2.62883,100
cond_win_bpc_all,1786150067336,54.1077,2.63072,100
cond_win_bpc_all,1786150068072,54.1079,2.64664,100
cond_win_bpc_all,1786150068811,54.1081,2.66313,100
cond_win_bpc_all,1786150101254,54.1171,2.67087,100
cond_win_bpc_all,1786150108243,54.1191,2.67959,100
cond_win_bpc_all,1786150109272,54.1194,2.67385,100
cond_win_bpc_all,1786150120438,54.1225,2.67545,100
cond_win_bpc_all,1786150127642,54.1245,2.67474,100
cond_win_bpc_all,1786150150450,54.1308,2.67667,100
cond_win_bpc_all,1786150159604,54.1333,2.67695,100
cond_win_bpc_all,1786150208892,54.147,2.66496,100
cond_win_bpc_all,1786150287350,54.1688,2.66792,100
cond_win_bpc_all,1786150461898,54.2173,2.65211,100
cond_win_bpc_all,1786150500982,54.2282,2.64194,100
cond_win_bpc_all,1786150501725,54.2284,2.64046,100
cond_win_bpc_all,1786150502333,54.2285,2.64377,100
cond_win_bpc_all,1786150530291,54.2363,2.64848,100
cond_win_bpc_all,1786150676876,54.277,2.65068,100
cond_win_bpc_all,1786150839177,54.3221,2.64355,100
cond_win_bpc_all,1786150893473,54.3372,2.64389,100
cond_win_bpc_all,1786150936906,54.3493,2.64292,100
cond_win_bpc_all,1786150967291,54.3577,2.64061,100
cond_win_bpc_all,1786150970747,54.3587,2.63557,100
cond_win_bpc_all,1786151115783,54.3989,2.6391,100
cond_win_bpc_all,1786151116392,54.3991,2.63601,100
cond_win_bpc_all,1786151498926,54.5054,2.63065,100
cond_win_bpc_all,1786151614217,54.5374,2.63248,100
cond_win_bpc_all,1786151615762,54.5378,2.63081,100
cond_win_bpc_all,1786151647637,54.5467,2.63293,100
cond_win_bpc_all,1786151689340,54.5583,2.63821,100
cond_win_bpc_all,1786151691956,54.559,2.62974,100
cond_win_bpc_all,1786151741061,54.5726,2.62791,100
cond_win_bpc_all,1786151945843,54.6295,2.62826,100
cond_win_bpc_all,1786152058923,54.6609,2.62797,100
cond_win_bpc_all,1786152095432,54.6711,2.62954,100
cond_win_bpc_all,1786152646624,54.8242,2.6315,100
cond_win_bpc_all,1786152686543,54.8353,2.63091,100
cond_win_bpc_all,1786152727101,54.8465,2.65036,100
cond_win_bpc_all,1786152769024,54.8582,2.64413,100
cond_win_bpc_all,1786152822231,54.873,2.64126,100
cond_win_bpc_all,1786152844541,54.8792,2.64063,100
cond_win_bpc_all,1786152845386,54.8794,2.63578,100
cond_win_bpc_all,1786153036242,54.9324,2.63759,100
cond_win_bpc_all,1786153391267,55.031,2.6377,100
cond_win_bpc_all,1786153400749,55.0337,2.63846,100
cond_win_bpc_all,1786153417302,55.0383,2.63731,100
cond_win_bpc_all,1786153609061,55.0915,2.63443,100
cond_win_bpc_all,1786153609693,55.0917,2.63226,100
cond_win_bpc_all,1786153625686,55.0961,2.63158,100
cond_win_bpc_all,1786153641819,55.1006,2.62843,100
cond_win_bpc_all,1786153704289,55.118,2.62533,100
cond_win_bpc_all,1786153704941,55.1182,2.62165,100
cond_win_bpc_all,1786154035997,55.2101,2.62069,100
cond_win_bpc_all,1786154121893,55.234,2.63215,100
cond_win_bpc_all,1786154413238,55.3149,2.62888,100
cond_win_bpc_all,1786154413451,55.315,2.63217,100
cond_win_bpc_all,1786154413624,55.315,2.64079,100
cond_win_bpc_all,1786154466402,55.3297,2.64531,100
cond_win_bpc_all,1786154476215,55.3324,2.64727,100
cond_win_bpc_all,1786154476536,55.3325,2.65048,100
cond_win_bpc_all,1786154476827,55.3326,2.65256,100
cond_win_bpc_all,1786154477218,55.3327,2.65143,100
cond_win_bpc_all,1786154541025,55.3504,2.65234,100
cond_win_bpc_all,1786154700522,55.3947,2.65521,100
cond_win_bpc_all,1786154732921,55.4037,2.65921,100
cond_win_bpc_all,1786154796251,55.4213,2.66815,100
cond_win_bpc_all,1786154831997,55.4312,2.67004,100
cond_win_bpc_all,1786155029719,55.4862,2.67216,100
cond_win_bpc_all,1786155031823,55.4867,2.67812,100
cond_win_bpc_all,1786155101438,55.5061,2.68343,100
cond_win_bpc_all,1786155195298,55.5321,2.68971,100
cond_win_bpc_all,1786155441054,55.6004,2.68812,100
cond_win_bpc_all,1786156223057,55.8176,2.69203,100
cond_win_bpc_all,1786156277660,55.8328,2.68823,100
cond_win_bpc_all,1786156297092,55.8382,2.69304,100
cond_win_bpc_all,1786156730076,55.9585,2.69498,100
cond_win_bpc_all,1786156816374,55.9824,2.70284,100
cond_win_bpc_all,1786156867116,55.9965,2.706,100
cond_win_bpc_all,1786157076344,56.0547,2.70447,100
cond_win_bpc_all,1786157090831,56.0587,2.70031,100
cond_win_bpc_all,1786157101514,56.0617,2.69804,100
cond_win_bpc_all,1786157101792,56.0617,2.69821,100
cond_win_bpc_all,1786157102119,56.0618,2.69532,100
cond_win_bpc_all,1786157148141,56.0746,2.70066,100
cond_win_bpc_all,1786157277765,56.1106,2.69968,100
cond_win_bpc_all,1786157297758,56.1162,2.69715,100
cond_win_bpc_all,1786157329493,56.125,2.69583,100
cond_win_bpc_all,1786157395068,56.1432,2.6959,100
cond_win_bpc_all,1786157412581,56.1481,2.69822,100
cond_win_bpc_all,1786157420924,56.1504,2.70172,100
cond_win_bpc_all,1786157502893,56.1731,2.70213,100
cond_win_bpc_all,1786157595941,56.199,2.70458,100
cond_win_bpc_all,1786157770617,56.2475,2.70849,100
cond_win_bpc_all,1786157770948,56.2476,2.7107,100
cond_win_bpc_all,1786157802514,56.2564,2.71133,100
cond_win_bpc_all,1786157875893,56.2768,2.71649,100
cond_win_bpc_all,1786157894491,56.2819,2.71876,100
cond_win_bpc_all,1786158269561,56.3861,2.72376,100
cond_win_bpc_all,1786158283943,56.3901,2.71798,100
cond_win_bpc_all,1786158371482,56.4144,2.71434,100
cond_win_bpc_all,1786158394976,56.4209,2.71404,100
cond_win_bpc_all,1786158397013,56.4215,2.71557,100
cond_win_bpc_all,1786158403103,56.4232,2.71476,100
cond_win_bpc_all,1786158420832,56.4281,2.71364,100
cond_win_bpc_all,1786158423116,56.4288,2.70743,100
cond_win_bpc_all,1786158425387,56.4294,2.71162,100
cond_win_bpc_all,1786158427690,56.43,2.70757,100
cond_win_bpc_all,1786158429954,56.4307,2.7053,100
cond_win_bpc_all,1786158485154,56.446,2.70296,100
cond_win_bpc_all,1786158485725,56.4462,2.69935,100
cond_win_bpc_all,1786158486050,56.4462,2.70146,100
cond_win_bpc_all,1786158518706,56.4553,2.69987,100
cond_win_bpc_all,1786158521032,56.456,2.71661,100
cond_win_bpc_all,1786158523296,56.4566,2.7248,100
cond_win_bpc_all,1786158590325,56.4752,2.72731,100
cond_win_bpc_all,1786158697491,56.505,2.72768,100
cond_win_bpc_all,1786158758507,56.5219,2.72594,100
cond_win_bpc_all,1786158759151,56.5221,2.72456,100
cond_win_bpc_all,1786158759978,56.5223,2.73228,100
cond_win_bpc_all,1786158774480,56.5264,2.7321,100
cond_win_bpc_all,1786158792777,56.5314,2.7348,100
cond_win_bpc_all,1786158822726,56.5398,2.73077,100
cond_win_bpc_all,1786159145674,56.6295,2.72573,100
cond_win_bpc_all,1786159146235,56.6296,2.72084,100
cond_win_bpc_all,1786159477301,56.7216,2.72472,100
cond_win_bpc_all,1786159547414,56.7411,2.73218,100
cond_win_bpc_all,1786159547753,56.7412,2.72924,100
cond_win_bpc_all,1786159870735,56.8309,2.72279,100
cond_win_bpc_all,1786159883283,56.8344,2.71838,100
cond_win_bpc_all,1786160100466,56.8947,2.71824,100
cond_win_bpc_all,1786160120763,56.9003,2.71474,100
cond_win_bpc_all,1786160178060,56.9162,2.71604,100
cond_win_bpc_all,1786160986152,57.1407,2.71742,100
cond_win_bpc_all,1786161804632,57.3681,2.71737,100
cond_win_bpc_all,1786162127128,57.4577,2.70932,100
cond_win_bpc_all,1786162138847,57.4609,2.69,100
cond_win_bpc_all,1786162152990,57.4648,2.68912,100
cond_win_bpc_all,1786162190191,57.4752,2.67577,100
cond_win_bpc_all,1786162213875,57.4818,2.67149,100
cond_win_bpc_all,1786162242718,57.4898,2.65998,100
cond_win_bpc_all,1786162255213,57.4932,2.6523,100
cond_win_bpc_all,1786162426039,57.5407,2.65526,100
cond_win_bpc_all,1786162428295,57.5413,2.65144,100
cond_win_bpc_all,1786162459426,57.55,2.6488,100
cond_win_bpc_all,1786163511017,57.8421,2.64599,100
cond_win_bpc_all,1786163543578,57.8511,2.64321,100
cond_win_bpc_all,1786163643745,57.8789,2.64576,100
cond_win_bpc_all,1786163832506,57.9314,2.64736,100
cond_win_bpc_all,1786163871726,57.9423,2.64988,100
cond_win_bpc_all,1786163937157,57.9604,2.65307,100
cond_win_bpc_all,1786164002390,57.9786,2.64861,100
cond_win_bpc_all,1786164099633,58.0056,2.65018,100
cond_win_bpc_all,1786164597041,58.1437,2.65234,100
cond_win_bpc_all,1786164997445,58.255,2.65324,100
cond_win_bpc_all,1786164998447,58.2552,2.65298,100
cond_win_bpc_all,1786165124094,58.2901,2.6542,100
cond_win_bpc_all,1786165274206,58.3318,2.65505,100
cond_win_bpc_all,1786165274815,58.332,2.65562,100
cond_win_bpc_all,1786165327030,58.3465,2.65751,100
cond_win_bpc_all,1786165508534,58.3969,2.6583,100
cond_win_bpc_all,1786166021047,58.5393,2.65791,100
cond_win_bpc_all,1786166623844,58.7067,2.6638,100
cond_win_bpc_all,1786166653224,58.7149,2.66582,100
cond_win_bpc_all,1786167012955,58.8148,2.66634,100
cond_win_bpc_all,1786167039652,58.8222,2.66894,100
cond_win_bpc_all,1786168141076,59.1282,2.67083,100
cond_win_bpc_all,1786168204616,59.1458,2.67082,100
cond_win_bpc_all,1786168598155,59.2552,2.67275,100
cond_win_bpc_all,1786168763221,59.301,2.67031,100
cond_win_bpc_all,1786168763437,59.3011,2.67383,100
cond_win_bpc_all,1786168763636,59.3011,2.67302,100
cond_win_bpc_all,1786168763836,59.3012,2.67434,100
cond_win_bpc_all,1786168787891,59.3079,2.67696,100
cond_win_bpc_all,1786168788189,59.3079,2.68051,100
cond_win_bpc_all,1786169064849,59.3848,2.68069,100
cond_win_bpc_all,1786169206571,59.4242,2.68133,100
cond_win_bpc_all,1786169206888,59.4243,2.68256,100
cond_win_bpc_all,1786169451851,59.4923,2.6866,100
cond_win_bpc_all,1786169563233,59.5232,2.68907,100
cond_win_bpc_all,1786169615210,59.5377,2.69116,100
cond_win_bpc_all,1786169769561,59.5806,2.6867,100
cond_win_bpc_all,1786169925699,59.6239,2.68586,100
cond_win_bpc_all,1786170046265,59.6574,2.68545,100
cond_win_bpc_all,1786170071678,59.6645,2.68079,100
cond_win_bpc_all,1786170093228,59.6705,2.67842,100
cond_win_bpc_all,1786170116576,59.6769,2.67929,100
cond_win_bpc_all,1786170141202,59.6838,2.67629,100
cond_win_bpc_all,1786170178240,59.6941,2.68049,100
cond_win_bpc_all,1786170383836,59.7512,2.67921,100
cond_win_bpc_all,1786170404599,59.757,2.67694,100
cond_win_bpc_all,1786170434916,59.7654,2.67653,100
cond_win_bpc_all,1786170576182,59.8046,2.67257,100
cond_win_bpc_all,1786170598252,59.8107,2.66605,100
cond_win_bpc_all,1786170765327,59.8572,2.66509,100
cond_win_bpc_all,1786171292594,60.0036,2.6624,100
cond_win_bpc_all,1786171293958,60.004,2.66175,100
cond_win_bpc_all,1786171295030,60.0043,2.66028,100
cond_win_bpc_all,1786171296242,60.0046,2.65484,100
cond_win_bpc_all,1786171297416,60.005,2.65622,100
cond_win_bpc_all,1786171505273,60.0627,2.65675,100
cond_win_bpc_all,1786172012040,60.2035,2.65711,100
cond_win_bpc_all,1786172700467,60.3947,2.65788,100
cond_win_bpc_all,1786172700965,60.3948,2.65994,100
cond_win_bpc_all,1786172739609,60.4056,2.66036,100
cond_win_bpc_all,1786172745387,60.4072,2.66045,100
cond_win_bpc_all,1786172808840,60.4248,2.66279,100
cond_win_bpc_all,1786172841706,60.4339,2.66514,100
cond_win_bpc_all,1786172905656,60.4517,2.66475,100
cond_win_bpc_all,1786173069648,60.4972,2.66566,100
cond_win_bpc_all,1786173082652,60.5009,2.66839,100
cond_win_bpc_all,1786173118000,60.5107,2.67558,100
cond_win_bpc_all,1786173137087,60.516,2.67678,100
cond_win_bpc_all,1786173336323,60.5713,2.67821,100
cond_win_bpc_all,1786173450384,60.603,2.68129,100
cond_win_bpc_all,1786173477332,60.6105,2.68132,100
cond_win_bpc_all,1786173477753,60.6106,2.68194,100
cond_win_bpc_all,1786173478160,60.6107,2.68377,100
cond_win_bpc_all,1786173478625,60.6108,2.68457,100
cond_win_bpc_all,1786173479033,60.611,2.68532,100
cond_win_bpc_all,1786173479433,60.6111,2.68576,100
cond_win_bpc_all,1786173479833,60.6112,2.68601,100
cond_win_bpc_all,1786173480234,60.6113,2.68881,100
cond_win_bpc_all,1786173480634,60.6114,2.69309,100
cond_win_bpc_all,1786173971927,60.7479,2.69575,100
cond_win_bpc_all,1786173976886,60.7493,2.69251,100
cond_win_bpc_all,1786174176877,60.8048,2.69155,100
cond_win_bpc_all,1786174770900,60.9698,2.69323,100
cond_win_bpc_all,1786174771248,60.9699,2.69883,100
cond_win_bpc_all,1786175370517,61.1364,2.7021,100
cond_win_bpc_all,1786176396459,61.4214,2.69945,100
cond_win_bpc_all,1786176517188,61.4549,2.70111,100
cond_win_bpc_all,1786176538963,61.4609,2.70201,100
cond_win_bpc_all,1786176636046,61.4879,2.69825,100
cond_win_bpc_all,1786176688395,61.5025,2.69789,100
cond_win_bpc_all,1786176885517,61.5572,2.70525,100
cond_win_bpc_all,1786177287256,61.6688,2.72167,100
cond_win_bpc_all,1786177350039,61.6862,2.72152,100
cond_win_bpc_all,1786177350530,61.6864,2.71742,100
cond_win_bpc_all,1786177368955,61.6915,2.72801,100
cond_win_bpc_all,1786177411964,61.7034,2.74596,100
cond_win_bpc_all,1786177540631,61.7392,2.74922,100
cond_win_bpc_all,1786177891935,61.8368,2.74346,100
cond_win_bpc_all,1786178146241,61.9074,2.74907,100
cond_win_bpc_all,1786178193395,61.9205,2.75215,100
cond_win_bpc_all,1786178201722,61.9228,2.75561,100
cond_win_bpc_all,1786178572149,62.0257,2.75205,100
cond_win_bpc_all,1786178572703,62.0259,2.74893,100
cond_win_bpc_all,1786178610716,62.0364,2.74693,100
cond_win_bpc_all,1786178611298,62.0366,2.74089,100
cond_win_bpc_all,1786178655077,62.0488,2.73491,100
cond_win_bpc_all,1786178655674,62.0489,2.74003,100
cond_win_bpc_all,1786178691652,62.0589,2.7391,100
cond_win_bpc_all,1786178720573,62.0669,2.73779,100
cond_win_bpc_all,1786178721140,62.0671,2.73634,100
cond_win_bpc_all,1786178737999,62.0718,2.73436,100
cond_win_bpc_all,1786178771182,62.081,2.73152,100
cond_win_bpc_all,1786178771754,62.0812,2.72832,100
cond_win_bpc_all,1786178822371,62.0952,2.72616,100
cond_win_bpc_all,1786179029296,62.1527,2.71895,100
cond_win_bpc_all,1786179513104,62.2871,2.71575,100
cond_win_bpc_all,1786179563618,62.3011,2.70621,100
cond_win_bpc_all,1786179660017,62.3279,2.70466,100
cond_win_bpc_all,1786179696820,62.3381,2.7034,100
cond_win_bpc_all,1786179697086,62.3382,2.70614,100
cond_win_bpc_all,1786179697127,62.3382,2.7103,100
cond_win_bpc_all,1786179697483,62.3383,2.70924,100
cond_win_bpc_all,1786179697922,62.3384,2.71325,100
cond_win_bpc_all,1786179698214,62.3385,2.71749,100
cond_win_bpc_all,1786179698514,62.3386,2.71958,100
cond_win_bpc_all,1786179698807,62.3387,2.71843,100
cond_win_bpc_all,1786179726612,62.3464,2.71865,100
cond_win_bpc_all,1786179726902,62.3465,2.71736,100
cond_win_bpc_all,1786179727184,62.3466,2.71682,100
cond_win_bpc_all,1786179727466,62.3466,2.71624,100
cond_win_bpc_all,1786179727753,62.3467,2.72057,100
cond_win_bpc_all,1786179728041,62.3468,2.7187,100
cond_win_bpc_all,1786179728334,62.3469,2.71719,100
cond_win_bpc_all,1786179759096,62.3554,2.71372,100
cond_win_bpc_all,1786179759384,62.3555,2.70741,100
cond_win_bpc_all,1786179759673,62.3556,2.71078,100
cond_win_bpc_all,1786179759959,62.3557,2.7162,100
cond_win_bpc_all,1786179760240,62.3557,2.71724,100
cond_win_bpc_all,1786179760525,62.3558,2.72006,100
cond_win_bpc_all,1786180032095,62.4313,2.72487,100
cond_win_bpc_all,1786180080832,62.4448,2.73,100
cond_win_bpc_all,1786180081484,62.445,2.73246,100
cond_win_bpc_all,1786180081798,62.4451,2.74019,100
cond_win_bpc_all,1786180219709,62.4834,2.73095,100
cond_win_bpc_all,1786180297275,62.5049,2.72453,100
cond_win_bpc_all,1786180318021,62.5107,2.72956,100
cond_win_bpc_all,1786180406981,62.5354,2.73103,100
cond_win_bpc_all,1786180409271,62.536,2.73977,100
cond_win_bpc_all,1786180450343,62.5474,2.7422,100
cond_win_bpc_all,1786180485142,62.5571,2.73742,100
cond_win_bpc_all,1786180521134,62.5671,2.7415,100
cond_win_bpc_all,1786180552457,62.5758,2.7371,100
cond_win_bpc_all,1786180568236,62.5802,2.73822,100
cond_win_bpc_all,1786180603228,62.5899,2.73487,100
cond_win_bpc_all,1786180628520,62.5969,2.73696,100
cond_win_bpc_all,1786180634072,62.5985,2.73139,100
cond_win_bpc_all,1786180866607,62.6631,2.72696,100
cond_win_bpc_all,1786180888165,62.6691,2.72329,100
cond_win_bpc_all,1786180922499,62.6786,2.71458,100
cond_win_bpc_all,1786181541832,62.8506,2.72469,100
cond_win_bpc_all,1786181560183,62.8557,2.72088,100
cond_win_bpc_all,1786181574182,62.8596,2.71652,100
cond_win_bpc_all,1786181721883,62.9006,2.711,100
cond_win_bpc_all,1786181990289,62.9752,2.70807,100
cond_win_bpc_all,1786182090103,63.0029,2.70514,100
cond_win_bpc_all,1786182557770,63.1328,2.69792,100
cond_win_bpc_all,1786182798336,63.1997,2.69948,100
cond_win_bpc_all,1786182922889,63.2343,2.69216,100
cond_win_bpc_all,1786183029894,63.264,2.68942,100
cond_win_bpc_all,1786183137351,63.2938,2.68495,100
cond_win_bpc_all,1786183137909,63.294,2.68346,100
cond_win_bpc_all,1786183162376,63.3008,2.68037,100
cond_win_bpc_all,1786183184540,63.3069,2.67686,100
cond_win_bpc_all,1786183204952,63.3126,2.67332,100
cond_win_bpc_all,1786183227771,63.3189,2.66395,100
cond_win_bpc_all,1786183261197,63.3282,2.65745,100
cond_win_bpc_all,1786183261922,63.3284,2.65277,100
cond_win_bpc_all,1786183305953,63.3407,2.65209,100
cond_win_bpc_all,1786183306453,63.3408,2.64572,100
cond_win_bpc_all,1786183307272,63.341,2.6434,100
cond_win_bpc_all,1786183363267,63.3566,2.64087,100
cond_win_bpc_all,1786183609781,63.4251,2.64714,100
cond_win_bpc_all,1786183741055,63.4615,2.64618,100
cond_win_bpc_all,1786183750306,63.4641,2.64512,100
cond_win_bpc_all,1786183750988,63.4643,2.64515,100
cond_win_bpc_all,1786183760084,63.4668,2.64689,100
cond_win_bpc_all,1786183760368,63.4669,2.64702,100
cond_win_bpc_all,1786183786558,63.4742,2.6485,100
cond_win_bpc_all,1786183879624,63.5,2.64871,100
cond_win_bpc_all,1786184061468,63.5505,2.64808,100
cond_win_bpc_all,1786184062214,63.5507,2.64273,100
cond_win_bpc_all,1786184062995,63.551,2.63833,100
cond_win_bpc_all,1786184063740,63.5512,2.63745,100
cond_win_bpc_all,1786184319975,63.6223,2.64738,100
cond_win_bpc_all,1786184763250,63.7455,2.64228,100
cond_win_bpc_all,1786184867564,63.7744,2.63916,100
cond_win_bpc_all,1786184884232,63.7791,2.64289,100
cond_win_bpc_all,1786184919558,63.7889,2.64607,100
cond_win_bpc_all,1786185188098,63.8635,2.64492,100
cond_win_bpc_all,1786185570669,63.9697,2.64407,100
cond_win_bpc_all,1786185571172,63.9699,2.64512,100
cond_win_bpc_all,1786185716091,64.0101,2.64821,100
cond_win_bpc_all,1786186209886,64.1473,2.65512,100
cond_win_bpc_all,1786186671865,64.2756,2.64541,100
cond_win_bpc_all,1786186917113,64.3438,2.64808,100
cond_win_bpc_all,1786186993266,64.3649,2.65271,100
cond_win_bpc_all,1786187226398,64.4297,2.65539,100
cond_win_bpc_all,1786187310777,64.4531,2.65565,100
cond_win_bpc_all,1786187388844,64.4748,2.66002,100
cond_win_bpc_all,1786187423667,64.4845,2.66103,100
cond_win_bpc_all,1786187560378,64.5224,2.66135,100
cond_win_bpc_all,1786187713923,64.5651,2.66294,100
cond_win_bpc_all,1786187714258,64.5652,2.66489,100
cond_win_bpc_all,1786187785338,64.5849,2.66648,100
cond_win_bpc_all,1786188558789,64.7998,2.67471,100
cond_win_bpc_all,1786188585586,64.8072,2.67711,100
cond_win_bpc_all,1786188793609,64.865,2.68743,100
cond_win_bpc_all,1786189163678,64.9678,2.68261,100
cond_win_bpc_all,1786189164289,64.968,2.68157,100
cond_win_bpc_all,1786189164328,64.968,2.68361,100
cond_win_bpc_all,1786189403060,65.0343,2.68169,100
cond_win_bpc_all,1786189487215,65.0577,2.68059,100
cond_win_bpc_all,1786189518548,65.0664,2.68124,100
cond_win_bpc_all,1786189559236,65.0777,2.68108,100
cond_win_bpc_all,1786189559595,65.0778,2.68151,100
cond_win_bpc_all,1786189754783,65.132,2.68268,100
cond_win_bpc_all,1786189842735,65.1564,2.72413,100
cond_win_bpc_all,1786189889836,65.1695,2.73841,100
cond_win_bpc_all,1786190021055,65.206,2.73855,100
cond_win_bpc_all,1786190021666,65.2061,2.73781,100
cond_win_bpc_all,1786190063088,65.2176,2.73804,100
cond_win_bpc_all,1786190073185,65.2204,2.73925,100
cond_win_bpc_all,1786190077680,65.2217,2.74,100
cond_win_bpc_all,1786190111442,65.2311,2.74204,100
cond_win_bpc_all,1786190319644,65.2889,2.7595,100
cond_win_bpc_all,1786190482502,65.3341,2.75907,100
cond_win_bpc_all,1786190482738,65.3342,2.75974,100
cond_win_bpc_all,1786190482909,65.3343,2.75928,100
cond_win_bpc_all,1786190984708,65.4736,2.75959,100
cond_win_bpc_all,1786191077656,65.4995,2.75712,100
cond_win_bpc_all,1786191245061,65.546,2.75237,100
cond_win_bpc_all,1786191338116,65.5718,2.75221,100
cond_win_bpc_all,1786191404502,65.5903,2.74999,100
cond_win_bpc_all,1786191977407,65.7494,2.75472,100
cond_win_bpc_all,1786192324086,65.8457,2.75194,100
cond_win_bpc_all,1786192565480,65.9128,2.74533,100
cond_win_bpc_all,1786192566134,65.9129,2.74453,100
cond_win_bpc_all,1786192637038,65.9326,2.74226,100
cond_win_bpc_all,1786192822176,65.9841,2.74957,100
cond_win_bpc_all,1786192823818,65.9845,2.75067,100
cond_win_bpc_all,1786192858883,65.9943,2.76351,100
cond_win_bpc_all,1786193232679,66.0981,2.7639,100
cond_win_bpc_all,1786193232903,66.0981,2.7666,100
cond_win_bpc_all,1786193445064,66.1571,2.76976,100
cond_win_bpc_all,1786193534923,66.182,2.76684,100
cond_win_bpc_all,1786193535153,66.1821,2.76545,100
cond_win_bpc_all,1786193535336,66.1822,2.76393,100
cond_win_bpc_all,1786193547090,66.1854,2.75797,100
cond_win_bpc_all,1786193555412,66.1877,2.76506,100
cond_win_bpc_all,1786193617827,66.2051,2.75366,100
cond_win_bpc_all,1786193684375,66.2236,2.75738,100
cond_win_bpc_all,1786193744536,66.2403,2.76033,100
cond_win_bpc_all,1786193761304,66.2449,2.76981,100
cond_win_bpc_all,1786193774174,66.2485,2.77605,100
cond_win_bpc_all,1786193785316,66.2516,2.77997,100
cond_win_bpc_all,1786193797105,66.2549,2.79098,100
cond_win_bpc_all,1786194063282,66.3288,2.7858,100
cond_win_bpc_all,1786194197491,66.3661,2.7941,100
cond_win_bpc_all,1786194200404,66.3669,2.79714,100
cond_win_bpc_all,1786194203298,66.3677,2.80192,100
cond_win_bpc_all,1786194203310,66.3677,2.80339,100
cond_win_bpc_all,1786194312209,66.398,2.80319,100
cond_win_bpc_all,1786194357643,66.4106,2.81645,100
cond_win_bpc_all,1786194410838,66.4254,2.82724,100
cond_win_bpc_all,1786194438851,66.4331,2.83799,100
cond_win_bpc_all,1786194439045,66.4332,2.84124,100
cond_win_bpc_all,1786194638732,66.4887,2.82998,100
cond_win_bpc_all,1786194707725,66.5078,2.83202,100
cond_win_bpc_all,1786194709157,66.5082,2.84128,100
cond_win_bpc_all,1786194763033,66.5232,2.84331,100
cond_win_bpc_all,1786194889857,66.5584,2.85305,100
cond_win_bpc_all,1786194890449,66.5586,2.85446,100
cond_win_bpc_all,1786195283384,66.6677,2.85883,100
cond_win_bpc_all,1786195338057,66.6829,2.85907,100
cond_win_bpc_all,1786195500052,66.7279,2.86009,100
cond_win_bpc_all,1786195527881,66.7356,2.85891,100
cond_win_bpc_all,1786195545119,66.7404,2.85855,100
cond_win_bpc_all,1786195600040,66.7557,2.84899,100
cond_win_bpc_all,1786195723052,66.7899,2.84283,100
cond_win_bpc_all,1786195742955,66.7954,2.8353,100
cond_win_bpc_all,1786195756299,66.7991,2.82933,100
cond_win_bpc_all,1786195789777,66.8084,2.82988,100
cond_win_bpc_all,1786195905133,66.8404,2.82565,100
cond_win_bpc_all,1786195906275,66.8408,2.81706,100
cond_win_bpc_all,1786195985542,66.8628,2.81535,100
cond_win_bpc_all,1786196282934,66.9454,2.81809,100
cond_win_bpc_all,1786196297929,66.9495,2.81787,100
cond_win_bpc_all,1786196318694,66.9553,2.82379,100
cond_win_bpc_all,1786196395825,66.9767,2.82757,100
cond_win_bpc_all,1786196613676,67.0373,2.83691,100
cond_win_bpc_all,1786196884056,67.1124,2.83783,100
cond_win_bpc_all,1786197262249,67.2174,2.84197,100
cond_win_bpc_all,1786197265145,67.2182,2.83943,100
cond_win_bpc_all,1786197724291,67.3458,2.85864,100
cond_win_bpc_all,1786197742887,67.3509,2.85556,100
cond_win_bpc_all,1786197755511,67.3544,2.85525,100
cond_win_bpc_all,1786197770395,67.3586,2.85772,100
cond_win_bpc_all,1786197770528,67.3586,2.85927,100
cond_win_bpc_all,1786198226695,67.4853,2.8563,100
cond_win_bpc_all,1786198252296,67.4924,2.85217,100
cond_win_bpc_all,1786198255072,67.4932,2.85262,100
cond_win_bpc_all,1786198257850,67.494,2.84642,100
cond_win_bpc_all,1786198477187,67.5549,2.83495,100
cond_win_bpc_all,1786198507522,67.5633,2.82662,100
cond_win_bpc_all,1786198507990,67.5635,2.81906,100
cond_win_bpc_all,1786198805249,67.646,2.82146,100
cond_win_bpc_all,1786199398805,67.8109,2.81796,100
cond_win_bpc_all,1786199437436,67.8216,2.81638,100
cond_win_bpc_all,1786199447270,67.8244,2.8175,100
cond_win_bpc_all,1786199459254,67.8277,2.81401,100
cond_win_bpc_all,1786199485638,67.835,2.80745,100
cond_win_bpc_all,1786199506309,67.8408,2.80254,100
cond_win_bpc_all,1786199547084,67.8521,2.79571,100
cond_win_bpc_all,1786199584627,67.8625,2.79368,100
cond_win_bpc_all,1786199608924,67.8693,2.78962,100
cond_win_bpc_all,1786199643691,67.8789,2.78345,100
cond_win_bpc_all,1786199745199,67.9071,2.7426,100
cond_win_bpc_all,1786199882682,67.9453,2.72913,100
cond_win_bpc_all,1786199882962,67.9454,2.72992,100
cond_win_bpc_all,1786199905179,67.9516,2.72783,100
cond_win_bpc_all,1786200223971,68.0401,2.7325,100
cond_win_bpc_all,1786200302810,68.062,2.73103,100
cond_win_bpc_all,1786200589078,68.1415,2.73157,100
cond_win_bpc_all,1786200644711,68.157,2.72936,100
cond_win_bpc_all,1786200675991,68.1657,2.71568,100
cond_win_bpc_all,1786200689840,68.1695,2.71294,100
cond_win_bpc_all,1786200877003,68.2215,2.70874,100
cond_win_bpc_all,1786200915368,68.2322,2.70932,100
cond_win_bpc_all,1786201231018,68.3198,2.7062,100
cond_win_bpc_all,1786201384192,68.3624,2.70766,100
cond_win_bpc_all,1786201384466,68.3625,2.71081,100
cond_win_bpc_all,1786201584215,68.418,2.71292,100
cond_win_bpc_all,1786201703239,68.451,2.71122,100
cond_win_bpc_all,1786201856399,68.4936,2.70907,100
cond_win_bpc_all,1786201900368,68.5058,2.71587,100
cond_win_bpc_all,1786201910861,68.5087,2.71906,100
cond_win_bpc_all,1786201940285,68.5169,2.71883,100
cond_win_bpc_all,1786202389863,68.6417,2.70952,100
cond_win_bpc_all,1786202777152,68.7493,2.7023,100
cond_win_bpc_all,1786202975966,68.8046,2.7066,100
cond_win_bpc_all,1786203400397,68.9225,2.69559,100
cond_win_bpc_all,1786203456758,68.9381,2.69694,100
cond_win_bpc_all,1786203494558,68.9486,2.69046,100
cond_win_bpc_all,1786203553334,68.9649,2.69339,100
cond_win_bpc_all,1786203553919,68.9651,2.69755,100
cond_win_bpc_all,1786203660478,68.9947,2.70019,100
cond_win_bpc_all,1786204159599,69.1333,2.70637,100
cond_win_bpc_all,1786204473224,69.2205,2.71354,100
cond_win_bpc_all,1786204622936,69.262,2.70746,100
cond_win_bpc_all,1786204892935,69.337,2.70935,100
cond_win_bpc_all,1786204903180,69.3399,2.70897,100
cond_win_bpc_all,1786205186155,69.4185,2.70333,100
cond_win_bpc_all,1786205202552,69.4231,2.69862,100
cond_win_bpc_all,1786205235883,69.4323,2.69708,100
cond_win_bpc_all,1786205283737,69.4456,2.69313,100
cond_win_bpc_all,1786205334761,69.4598,2.69313,100
cond_win_bpc_all,1786205376859,69.4715,2.68662,100
cond_win_bpc_all,1786205377534,69.4717,2.68332,100
cond_win_bpc_all,1786205529496,69.5139,2.68036,100
cond_win_bpc_all,1786205814658,69.5931,2.67594,100
cond_win_bpc_all,1786206281556,69.7228,2.67047,100
cond_win_bpc_all,1786206313548,69.7317,2.67576,100
cond_win_bpc_all,1786206314052,69.7318,2.66649,100
cond_win_bpc_all,1786206328814,69.7359,2.65678,100
cond_win_bpc_all,1786206382904,69.7509,2.65363,100
cond_win_bpc_all,1786206383548,69.7511,2.65301,100
cond_win_bpc_all,1786206447679,69.7689,2.66248,100
cond_win_bpc_all,1786206448320,69.7691,2.65904,100
cond_win_bpc_all,1786206512613,69.787,2.65537,100
cond_win_bpc_all,1786206535724,69.7934,2.63983,100
cond_win_bpc_all,1786206574622,69.8042,2.63207,100
cond_win_bpc_all,1786206782615,69.862,2.62642,100
cond_win_bpc_all,1786206827822,69.8745,2.61584,100
cond_win_bpc_all,1786206891002,69.8921,2.61763,100
cond_win_bpc_all,1786206898403,69.8941,2.61151,100
cond_win_bpc_all,1786206953608,69.9095,2.60679,100
cond_win_bpc_all,1786206957734,69.9106,2.60629,100
cond_win_bpc_all,1786206984535,69.918,2.60552,100
cond_win_bpc_all,1786206985182,69.9182,2.60697,100
cond_win_bpc_all,1786207045634,69.935,2.60593,100
cond_win_bpc_all,1786207046369,69.9352,2.60854,100
cond_win_bpc_all,1786207155905,69.9656,2.60811,100
cond_win_bpc_all,1786207156097,69.9657,2.61311,100
cond_win_bpc_all,1786207366062,70.024,2.61299,100
cond_win_bpc_all,1786207712699,70.1203,2.62058,100
cond_win_bpc_all,1786207713272,70.1205,2.6202,100
cond_win_bpc_all,1786207713754,70.1206,2.62031,100
cond_win_bpc_all,1786208053233,70.2149,2.61838,100
cond_win_bpc_all,1786208053781,70.2151,2.61417,100
cond_win_bpc_all,1786208054375,70.2152,2.60365,100
cond_win_bpc_all,1786208099733,70.2278,2.60308,100
cond_win_bpc_all,1786208312088,70.2868,2.60481,100
cond_win_bpc_all,1786208520218,70.3446,2.60827,100
cond_win_bpc_all,1786208536617,70.3492,2.60973,100
cond_win_bpc_all,1786208555831,70.3545,2.61147,100
cond_win_bpc_all,1786208827253,70.4299,2.61105,100
cond_win_bpc_all,1786208829471,70.4305,2.60797,100
cond_win_bpc_all,1786208830599,70.4308,2.60633,100
cond_win_bpc_all,1786208839242,70.4332,2.6067,100
cond_win_bpc_all,1786208905262,70.4516,2.61092,100
cond_win_bpc_all,1786208910586,70.4531,2.61164,100
cond_win_bpc_all,1786208911741,70.4534,2.61004,100
cond_win_bpc_all,1786208913025,70.4537,2.61598,100
cond_win_bpc_all,1786208914183,70.4541,2.62059,100
cond_win_bpc_all,1786208915350,70.4544,2.62319,100
cond_win_bpc_all,1786208916476,70.4547,2.62235,100
cond_win_bpc_all,1786208960920,70.467,2.62222,100
cond_win_bpc_all,1786209008484,70.4803,2.62203,100
cond_win_bpc_all,1786209041150,70.4893,2.62052,100
cond_win_bpc_all,1786209132466,70.5147,2.62097,100
cond_win_bpc_all,1786209314602,70.5653,2.6234,100
cond_win_bpc_all,1786209468810,70.6081,2.63105,100
cond_win_bpc_all,1786209499161,70.6166,2.63974,100
cond_win_bpc_all,1786209586949,70.6409,2.6416,100
cond_win_bpc_all,1786209587329,70.641,2.64546,100
cond_win_bpc_all,1786209956030,70.7435,2.64646,100
cond_win_bpc_all,1786209963831,70.7456,2.65022,100
cond_win_bpc_all,1786210035743,70.7656,2.644,100
cond_win_bpc_all,1786210099054,70.7832,2.64049,100
cond_win_bpc_all,1786210105342,70.7849,2.62483,100
cond_win_bpc_all,1786210275842,70.8323,2.61469,100
cond_win_bpc_all,1786210300134,70.839,2.61378,100
cond_win_bpc_all,1786210300767,70.8392,2.61174,100
cond_win_bpc_all,1786210301310,70.8394,2.61177,100
cond_win_bpc_all,1786210539506,70.9055,2.61527,100
cond_win_bpc_all,1786210540003,70.9057,2.61782,100
cond_win_bpc_all,1786210557814,70.9106,2.61686,100
cond_win_bpc_all,1786210641786,70.9339,2.61867,100
cond_win_bpc_all,1786210682179,70.9452,2.61603,100
cond_win_bpc_all,1786210695506,70.9489,2.61571,100
cond_win_bpc_all,1786210745182,70.9627,2.61481,100
cond_win_bpc_all,1786210768161,70.9691,2.6103,100
cond_win_bpc_all,1786210777217,70.9716,2.6091,100
cond_win_bpc_all,1786210814023,70.9818,2.61104,100
cond_win_bpc_all,1786210837689,70.9884,2.61145,100
cond_win_bpc_all,1786210841140,70.9893,2.61159,100
cond_win_bpc_all,1786210844057,70.9901,2.60535,100
cond_win_bpc_all,1786210844509,70.9903,2.61412,100
cond_win_bpc_all,1786210848238,70.9913,2.61867,100
cond_win_bpc_all,1786210851688,70.9923,2.61791,100
cond_win_bpc_all,1786211010280,71.0363,2.61621,100
cond_win_bpc_all,1786211010847,71.0365,2.61556,100
cond_win_bpc_all,1786211069480,71.0528,2.6195,100
cond_win_bpc_all,1786211123005,71.0676,2.61887,100
cond_win_bpc_all,1786211131320,71.0699,2.62025,100
cond_win_bpc_all,1786211145119,71.0738,2.62139,100
cond_win_bpc_all,1786211145588,71.0739,2.6108,100
cond_win_bpc_all,1786211146087,71.074,2.6043,100
cond_win_bpc_all,1786211146589,71.0742,2.60387,100
cond_win_bpc_all,1786211147076,71.0743,2.60365,100
cond_win_bpc_all,1786211165745,71.0795,2.60227,100
cond_win_bpc_all,1786211170336,71.0808,2.60308,100
cond_win_bpc_all,1786211235128,71.0988,2.59924,100
cond_win_bpc_all,1786211255097,71.1043,2.59908,100
cond_win_bpc_all,1786211275244,71.1099,2.60054,100
cond_win_bpc_all,1786211380461,71.1391,2.59825,100
cond_win_bpc_all,1786211558116,71.1885,2.6014,100
cond_win_bpc_all,1786211597607,71.1995,2.601,100
cond_win_bpc_all,1786211638755,71.2109,2.59769,100
cond_win_bpc_all,1786211651180,71.2143,2.59853,100
cond_win_bpc_all,1786211713298,71.2316,2.60653,100
cond_win_bpc_all,1786211729393,71.2361,2.59668,100
cond_win_bpc_all,1786211765436,71.2461,2.58819,100
cond_win_bpc_all,1786211819109,71.261,2.59284,100
cond_win_bpc_all,1786211819581,71.2611,2.59615,100
cond_win_bpc_all,1786211820064,71.2612,2.59628,100
cond_win_bpc_all,1786211827380,71.2633,2.59891,100
cond_win_bpc_all,1786211837060,71.266,2.60008,100
cond_win_bpc_all,1786211844889,71.2681,2.60266,100
cond_win_bpc_all,1786211845393,71.2683,2.61916,100
cond_win_bpc_all,1786211845705,71.2684,2.62263,100
cond_win_bpc_all,1786211891556,71.2811,2.62702,100
cond_win_bpc_all,1786211937140,71.2938,2.632,100
cond_win_bpc_all,1786211937299,71.2938,2.62793,100
cond_win_bpc_all,1786211949289,71.2971,2.63403,100
cond_win_bpc_all,1786211971705,71.3034,2.63348,100
cond_win_bpc_all,1786211999470,71.3111,2.63332,100
cond_win_bpc_all,1786212044802,71.3237,2.63832,100
cond_win_bpc_all,1786212228958,71.3748,2.64247,100
cond_win_bpc_all,1786212235534,71.3767,2.64348,100
cond_win_bpc_all,1786212256595,71.3825,2.64827,100
cond_win_bpc_all,1786212256884,71.3826,2.65011,100
cond_win_bpc_all,1786212261482,71.3839,2.64677,100
cond_win_bpc_all,1786212389208,71.4193,2.64635,100
cond_win_bpc_all,1786212693501,71.5039,2.64039,100
cond_win_bpc_all,1786212694231,71.5041,2.63396,100
cond_win_bpc_all,1786212694947,71.5043,2.62922,100
cond_win_bpc_all,1786212708993,71.5082,2.62929,100
cond_win_bpc_all,1786212777694,71.5273,2.62647,100
cond_win_bpc_all,1786212859845,71.5501,2.6228,100
cond_win_bpc_all,1786213222854,71.6509,2.61572,100
cond_win_bpc_all,1786213223605,71.6511,2.60848,100
cond_win_bpc_all,1786213224317,71.6513,2.60425,100
cond_win_bpc_all,1786213397428,71.6994,2.59651,100
cond_win_bpc_all,1786213397590,71.6994,2.59428,100
cond_win_bpc_all,1786213656387,71.7713,2.58861,100
cond_win_bpc_all,1786213661163,71.7727,2.5949,100
cond_win_bpc_all,1786213688272,71.7802,2.59598,100
cond_win_bpc_all,1786213766566,71.8019,2.59495,100
cond_win_bpc_all,1786214074185,71.8874,2.59295,100
cond_win_bpc_all,1786214292703,71.9481,2.59109,100
cond_win_bpc_all,1786214296693,71.9492,2.59413,100
cond_win_bpc_all,1786214301558,71.9506,2.5967,100
cond_win_bpc_all,1786214444147,71.9902,2.59588,100
cond_win_bpc_all,1786214491509,72.0033,2.60039,100
cond_win_bpc_all,1786214965065,72.1349,2.59821,100
cond_win_bpc_all,1786215195826,72.199,2.59634,100
cond_win_bpc_all,1786215203729,72.2012,2.59694,100
cond_win_bpc_all,1786215284940,72.2237,2.5931,100
cond_win_bpc_all,1786215672662,72.3314,2.59367,100
cond_win_bpc_all,1786215816470,72.3714,2.59308,100
cond_win_bpc_all,1786215843414,72.3788,2.58834,100
cond_win_bpc_all,1786215868106,72.3857,2.58732,100
cond_win_bpc_all,1786215869211,72.386,2.5858,100
cond_win_bpc_all,1786215888751,72.3914,2.58371,100
cond_win_bpc_all,1786215901855,72.3951,2.58572,100
cond_win_bpc_all,1786215915055,72.3987,2.58455,100
cond_win_bpc_all,1786216037715,72.4328,2.589,100
cond_win_bpc_all,1786216198403,72.4775,2.59114,100
cond_win_bpc_all,1786216287565,72.5022,2.60657,100
cond_win_bpc_all,1786216484533,72.5569,2.60664,100
cond_win_bpc_all,1786216641007,72.6004,2.6092,100
cond_win_bpc_all,1786216853370,72.6594,2.61418,100
cond_win_bpc_all,1786217328566,72.7914,2.6144,100
cond_win_bpc_all,1786217329811,72.7917,2.61036,100
cond_win_bpc_all,1786217428519,72.8192,2.61088,100
cond_win_bpc_all,1786217460110,72.8279,2.61765,100
cond_win_bpc_all,1786217486152,72.8352,2.6163,100
cond_win_bpc_all,1786217531603,72.8478,2.61907,100
cond_win_bpc_all,1786217591050,72.8643,2.61665,100
cond_win_bpc_all,1786217666484,72.8853,2.61745,100
cond_win_bpc_all,1786217694536,72.893,2.61743,100
cond_win_bpc_all,1786217747280,72.9077,2.61929,100
cond_win_bpc_all,1786217747879,72.9079,2.61573,100
cond_win_bpc_all,1786217771028,72.9143,2.61287,100
cond_win_bpc_all,1786217829570,72.9306,2.61333,100
cond_win_bpc_all,1786217868582,72.9414,2.6211,100
cond_win_bpc_all,1786217881784,72.9451,2.62233,100
cond_win_bpc_all,1786217888868,72.947,2.6235,100
cond_win_bpc_all,1786218077770,72.9995,2.62411,100
cond_win_bpc_all,1786219081771,73.2784,2.62301,100
cond_win_bpc_all,1786219089867,73.2806,2.62177,100
cond_win_bpc_all,1786219746815,73.4631,2.62097,100
cond_win_bpc_all,1786219830270,73.4863,2.62251,100
cond_win_bpc_all,1786219876895,73.4993,2.61237,100
cond_win_bpc_all,1786219930971,73.5143,2.61092,100
cond_win_bpc_all,1786219931677,73.5145,2.61734,100
cond_win_bpc_all,1786220042593,73.5453,2.61759,100
cond_win_bpc_all,1786220043295,73.5455,2.62161,100
cond_win_bpc_posts,1785997365436,11.6905,2.80036,50
cond_win_bpc_posts,1785998087956,11.8912,2.77894,50
cond_win_bpc_posts,1785998202406,11.923,2.75254,50
cond_win_bpc_posts,1785998441917,11.9895,2.7257,50
cond_win_bpc_posts,1785998523827,12.0123,2.69428,50
cond_win_bpc_posts,1785999165270,12.1905,2.663,50
cond_win_bpc_posts,1785999350321,12.2419,2.65368,50
cond_win_bpc_posts,1785999357460,12.2439,2.648,50
cond_win_bpc_posts,1785999386892,12.252,2.64885,50
cond_win_bpc_posts,1785999741027,12.3504,2.65149,50
cond_win_bpc_posts,1786000382798,12.5287,2.65092,50
cond_win_bpc_posts,1786000546487,12.5741,2.64668,50
cond_win_bpc_posts,1786000680669,12.6114,2.64067,50
cond_win_bpc_posts,1786000945348,12.6849,2.64048,50
cond_win_bpc_posts,1786001209577,12.7583,2.64069,50
cond_win_bpc_posts,1786001550895,12.8531,2.62953,50
cond_win_bpc_posts,1786001556120,12.8546,2.61271,50
cond_win_bpc_posts,1786001612936,12.8704,2.60932,50
cond_win_bpc_posts,1786001720272,12.9002,2.60559,50
cond_win_bpc_posts,1786001781739,12.9173,2.59861,50
cond_win_bpc_posts,1786002047673,12.9911,2.59791,50
cond_win_bpc_posts,1786002354676,13.0764,2.5705,50
cond_win_bpc_posts,1786002617240,13.1494,2.56992,50
cond_win_bpc_posts,1786002798191,13.1996,2.56719,50
cond_win_bpc_posts,1786002879380,13.2222,2.56407,50
cond_win_bpc_posts,1786002894475,13.2264,2.56843,50
cond_win_bpc_posts,1786002914793,13.232,2.57125,50
cond_win_bpc_posts,1786003018248,13.2607,2.57473,50
cond_win_bpc_posts,1786004073219,13.5538,2.57052,50
cond_win_bpc_posts,1786004372467,13.6369,2.55848,50
cond_win_bpc_posts,1786004407007,13.6465,2.55935,50
cond_win_bpc_posts,1786005328449,13.9025,2.55361,50
cond_win_bpc_posts,1786005541839,13.9617,2.54797,50
cond_win_bpc_posts,1786006339875,14.1834,2.53583,50
cond_win_bpc_posts,1786006447193,14.2132,2.53767,50
cond_win_bpc_posts,1786007109650,14.3972,2.53453,50
cond_win_bpc_posts,1786007959361,14.6333,2.53223,50
cond_win_bpc_posts,1786008449746,14.7695,2.54202,50
cond_win_bpc_posts,1786008626919,14.8187,2.54833,50
cond_win_bpc_posts,1786008642402,14.823,2.56578,50
cond_win_bpc_posts,1786008770778,14.8587,2.57627,50
cond_win_bpc_posts,1786008842920,14.8787,2.5745,50
cond_win_bpc_posts,1786008931901,14.9034,2.5683,50
cond_win_bpc_posts,1786009269694,14.9973,2.57266,50
cond_win_bpc_posts,1786009430406,15.0419,2.57721,50
cond_win_bpc_posts,1786010515759,15.3434,2.58017,50
cond_win_bpc_posts,1786010667458,15.3855,2.57607,50
cond_win_bpc_posts,1786010671819,15.3867,2.58056,50
cond_win_bpc_posts,1786012563976,15.9123,2.58309,50
cond_win_bpc_posts,1786014044025,16.3235,2.57979,50
cond_win_bpc_posts,1786014465696,16.4406,2.58176,50
cond_win_bpc_posts,1786014652839,16.4926,2.57516,50
cond_win_bpc_posts,1786014801891,16.534,2.57111,50
cond_win_bpc_posts,1786015410539,16.703,2.5742,50
cond_win_bpc_posts,1786016398634,16.9775,2.58049,50
cond_win_bpc_posts,1786016426330,16.9852,2.58837,50
cond_win_bpc_posts,1786016717846,17.0662,2.59154,50
cond_win_bpc_posts,1786017383136,17.251,2.59604,50
cond_win_bpc_posts,1786018661711,17.6062,2.59356,50
cond_win_bpc_posts,1786018794513,17.643,2.58851,50
cond_win_bpc_posts,1786018876424,17.6658,2.57944,50
cond_win_bpc_posts,1786018987643,17.6967,2.55809,50
cond_win_bpc_posts,1786019159674,17.7445,2.55252,50
cond_win_bpc_posts,1786019204195,17.7568,2.55099,50
cond_win_bpc_posts,1786019842343,17.9341,2.55132,50
cond_win_bpc_posts,1786019855231,17.9377,2.54841,50
cond_win_bpc_posts,1786020187076,18.0299,2.55433,50
cond_win_bpc_posts,1786020254389,18.0486,2.55651,50
cond_win_bpc_posts,1786020267236,18.0521,2.55919,50
cond_win_bpc_posts,1786020857013,18.216,2.5645,50
cond_win_bpc_posts,1786020887641,18.2245,2.56325,50
cond_win_bpc_posts,1786021788112,18.4746,2.5896,50
cond_win_bpc_posts,1786021855624,18.4933,2.59018,50
cond_win_bpc_posts,1786022067554,18.5522,2.58631,50
cond_win_bpc_posts,1786022364208,18.6346,2.58487,50
cond_win_bpc_posts,1786023338584,18.9053,2.57778,50
cond_win_bpc_posts,1786023524395,18.9569,2.57256,50
cond_win_bpc_posts,1786023535683,18.96,2.57587,50
cond_win_bpc_posts,1786025721627,19.5672,2.57801,50
cond_win_bpc_posts,1786027793323,20.1427,2.57703,50
cond_win_bpc_posts,1786028893777,20.4484,2.57759,50
cond_win_bpc_posts,1786029027742,20.4856,2.57833,50
cond_win_bpc_posts,1786029160291,20.5224,2.578,50
cond_win_bpc_posts,1786030284428,20.8347,2.58382,50
cond_win_bpc_posts,1786030307283,20.841,2.58726,50
cond_win_bpc_posts,1786030364229,20.8568,2.58884,50
cond_win_bpc_posts,1786030590360,20.9197,2.58916,50
cond_win_bpc_posts,1786030708344,20.9524,2.59036,50
cond_win_bpc_posts,1786030818895,20.9831,2.58597,50
cond_win_bpc_posts,1786031172477,21.0814,2.57375,50
cond_win_bpc_posts,1786031374834,21.1376,2.56376,50
cond_win_bpc_posts,1786031951944,21.2979,2.56462,50
cond_win_bpc_posts,1786032116160,21.3435,2.57243,50
cond_win_bpc_posts,1786032163778,21.3567,2.57128,50
cond_win_bpc_posts,1786032332839,21.4037,2.57536,50
cond_win_bpc_posts,1786032730250,21.5141,2.5715,50
cond_win_bpc_posts,1786033003421,21.59,2.56961,50
cond_win_bpc_posts,1786033096527,21.6158,2.57127,50
cond_win_bpc_posts,1786033710792,21.7865,2.57833,50
cond_win_bpc_posts,1786035779642,22.3611,2.58998,50
cond_win_bpc_posts,1786036749235,22.6305,2.59549,50
cond_win_bpc_posts,1786037235231,22.7655,2.60756,50
cond_win_bpc_posts,1786038286738,23.0575,2.59499,50
cond_win_bpc_posts,1786038572570,23.1369,2.60077,50
cond_win_bpc_posts,1786038845072,23.2126,2.59402,50
cond_win_bpc_posts,1786038921857,23.234,2.5946,50
cond_win_bpc_posts,1786039241319,23.3227,2.59645,50
cond_win_bpc_posts,1786039259731,23.3278,2.59009,50
cond_win_bpc_posts,1786039581527,23.4172,2.58519,50
cond_win_bpc_posts,1786039620411,23.428,2.58609,50
cond_win_bpc_posts,1786039663308,23.4399,2.59322,50
cond_win_bpc_posts,1786040639998,23.7112,2.5959,50
cond_win_bpc_posts,1786041071389,23.8311,2.60096,50
cond_win_bpc_posts,1786041105361,23.8405,2.60159,50
cond_win_bpc_posts,1786041376165,23.9157,2.59596,50
cond_win_bpc_posts,1786041875445,24.0544,2.59986,50
cond_win_bpc_posts,1786043314525,24.4542,2.74086,50
cond_win_bpc_posts,1786044020026,24.6501,2.73816,50
cond_win_bpc_posts,1786044306608,24.7297,2.74201,50
cond_win_bpc_posts,1786044769688,24.8584,2.74454,50
cond_win_bpc_posts,1786045507116,25.0632,2.74081,50
cond_win_bpc_posts,1786045823368,25.1511,2.72854,50
cond_win_bpc_posts,1786046460456,25.328,2.72199,50
cond_win_bpc_posts,1786046598794,25.3665,2.72314,50
cond_win_bpc_posts,1786046802470,25.423,2.72313,50
cond_win_bpc_posts,1786046960372,25.4669,2.71162,50
cond_win_bpc_posts,1786047004237,25.4791,2.71084,50
cond_win_bpc_posts,1786047164340,25.5235,2.70742,50
cond_win_bpc_posts,1786047210936,25.5365,2.70665,50
cond_win_bpc_posts,1786047488245,25.6135,2.72475,50
cond_win_bpc_posts,1786047891542,25.7255,2.72352,50
cond_win_bpc_posts,1786048219484,25.8166,2.72045,50
cond_win_bpc_posts,1786048652343,25.9369,2.73473,50
cond_win_bpc_posts,1786049549279,26.186,2.7395,50
cond_win_bpc_posts,1786049550617,26.1864,2.74136,50
cond_win_bpc_posts,1786049553227,26.1871,2.74621,50
cond_win_bpc_posts,1786049884056,26.279,2.74547,50
cond_win_bpc_posts,1786050354534,26.4097,2.74089,50
cond_win_bpc_posts,1786051444120,26.7124,2.74308,50
cond_win_bpc_posts,1786051647515,26.7689,2.75586,50
cond_win_bpc_posts,1786051749204,26.7971,2.76963,50
cond_win_bpc_posts,1786051904505,26.8403,2.76565,50
cond_win_bpc_posts,1786052358551,26.9664,2.7773,50
cond_win_bpc_posts,1786052858842,27.1054,2.77338,50
cond_win_bpc_posts,1786053735639,27.3489,2.76954,50
cond_win_bpc_posts,1786054433999,27.5429,2.77152,50
cond_win_bpc_posts,1786054717794,27.6217,2.7812,50
cond_win_bpc_posts,1786055368878,27.8026,2.77767,50
cond_win_bpc_posts,1786056099623,28.0056,2.7759,50
cond_win_bpc_posts,1786056638251,28.1552,2.75349,50
cond_win_bpc_posts,1786056906787,28.2298,2.75082,50
cond_win_bpc_posts,1786057652585,28.4369,2.74995,50
cond_win_bpc_posts,1786057887989,28.5023,2.77373,50
cond_win_bpc_posts,1786057991095,28.531,2.77749,50
cond_win_bpc_posts,1786059214657,28.8709,2.7934,50
cond_win_bpc_posts,1786060888803,29.3359,2.80051,50
cond_win_bpc_posts,1786060927738,29.3467,2.79806,50
cond_win_bpc_posts,1786060932258,29.348,2.80866,50
cond_win_bpc_posts,1786061073591,29.3872,2.8221,50
cond_win_bpc_posts,1786061201186,29.4227,2.82368,50
cond_win_bpc_posts,1786061246353,29.4352,2.82436,50
cond_win_bpc_posts,1786061991699,29.6423,2.83436,50
cond_win_bpc_posts,1786062481328,29.7783,2.79826,50
cond_win_bpc_posts,1786062593377,29.8094,2.80289,50
cond_win_bpc_posts,1786063299383,30.0055,2.80987,50
cond_win_bpc_posts,1786063360781,30.0226,2.81466,50
cond_win_bpc_posts,1786063900861,30.1726,2.6619,50
cond_win_bpc_posts,1786064667997,30.3857,2.64665,50
cond_win_bpc_posts,1786065121023,30.5115,2.64924,50
cond_win_bpc_posts,1786065168763,30.5248,2.63999,50
cond_win_bpc_posts,1786065302065,30.5618,2.64092,50
cond_win_bpc_posts,1786065633372,30.6538,2.66994,50
cond_win_bpc_posts,1786065710276,30.6752,2.67768,50
cond_win_bpc_posts,1786066703133,30.951,2.67124,50
cond_win_bpc_posts,1786067288881,31.1137,2.67365,50
cond_win_bpc_posts,1786067325929,31.124,2.69335,50
cond_win_bpc_posts,1786067668762,31.2192,2.69509,50
cond_win_bpc_posts,1786067828363,31.2636,2.69929,50
cond_win_bpc_posts,1786067873830,31.2762,2.68457,50
cond_win_bpc_posts,1786068130586,31.3475,2.67446,50
cond_win_bpc_posts,1786068446416,31.4352,2.67222,50
cond_win_bpc_posts,1786068691390,31.5033,2.66707,50
cond_win_bpc_posts,1786068712936,31.5093,2.66578,50
cond_win_bpc_posts,1786068731588,31.5144,2.65973,50
cond_win_bpc_posts,1786069014700,31.5931,2.6623,50
cond_win_bpc_posts,1786069371880,31.6923,2.65887,50
cond_win_bpc_posts,1786069631003,31.7643,2.65527,50
cond_win_bpc_posts,1786069897991,31.8385,2.65046,50
cond_win_bpc_posts,1786070670210,32.053,2.64618,50
cond_win_bpc_posts,1786070789874,32.0862,2.64792,50
cond_win_bpc_posts,1786070799061,32.0887,2.6476,50
cond_win_bpc_posts,1786072187270,32.4744,2.64893,50
cond_win_bpc_posts,1786072277144,32.4993,2.64129,50
cond_win_bpc_posts,1786072881574,32.6672,2.64447,50
cond_win_bpc_posts,1786073531267,32.8477,2.64563,50
cond_win_bpc_posts,1786073763041,32.9121,2.63943,50
cond_win_bpc_posts,1786073962524,32.9675,2.638,50
cond_win_bpc_posts,1786074456101,33.1046,2.64038,50
cond_win_bpc_posts,1786074555420,33.1322,2.64048,50
cond_win_bpc_posts,1786074617845,33.1495,2.65043,50
cond_win_bpc_posts,1786074827189,33.2077,2.64555,50
cond_win_bpc_posts,1786075221085,33.3171,2.64814,50
cond_win_bpc_posts,1786075993139,33.5315,2.64102,50
cond_win_bpc_posts,1786076536351,33.6824,2.63539,50
cond_win_bpc_posts,1786077789782,34.0306,2.62933,50
cond_win_bpc_posts,1786078151219,34.131,2.62179,50
cond_win_bpc_posts,1786080939068,34.9054,2.62906,50
cond_win_bpc_posts,1786081778202,35.1385,2.61817,50
cond_win_bpc_posts,1786082343482,35.2955,2.60911,50
cond_win_bpc_posts,1786082466750,35.3298,2.61239,50
cond_win_bpc_posts,1786083194850,35.532,2.60735,50
cond_win_bpc_posts,1786085259752,36.1056,2.61819,50
cond_win_bpc_posts,1786086277427,36.3883,2.643,50
cond_win_bpc_posts,1786087279154,36.6666,2.64719,50
cond_win_bpc_posts,1786087576660,36.7492,2.65238,50
cond_win_bpc_posts,1786088039453,36.8777,2.64969,50
cond_win_bpc_posts,1786088594103,37.0318,2.65216,50
cond_win_bpc_posts,1786088874261,37.1096,2.66472,50
cond_win_bpc_posts,1786089323441,37.2344,2.66185,50
cond_win_bpc_posts,1786093558655,38.4109,2.66804,50
cond_win_bpc_posts,1786094639787,38.7112,2.66641,50
cond_win_bpc_posts,1786095099716,38.8389,2.64932,50
cond_win_bpc_posts,1786097469270,39.4971,2.64728,50
cond_win_bpc_posts,1786103542551,41.1842,2.65129,50
cond_win_bpc_posts,1786104431151,41.431,2.64982,50
cond_win_bpc_posts,1786104715604,41.51,2.66157,50
cond_win_bpc_posts,1786105714133,41.7874,2.67202,50
cond_win_bpc_posts,1786106584969,42.0293,2.67597,50
cond_win_bpc_posts,1786107117033,42.1771,2.68968,50
cond_win_bpc_posts,1786107233105,42.2093,2.69092,50
cond_win_bpc_posts,1786109073868,42.7206,2.6939,50
cond_win_bpc_posts,1786109278375,42.7774,2.70262,50
cond_win_bpc_posts,1786109299809,42.7834,2.70073,50
cond_win_bpc_posts,1786109834865,42.932,2.71189,50
cond_win_bpc_posts,1786110147055,43.0187,2.71404,50
cond_win_bpc_posts,1786110382309,43.0841,2.71358,50
cond_win_bpc_posts,1786110650618,43.1586,2.71842,50
cond_win_bpc_posts,1786111247910,43.3245,2.72836,50
cond_win_bpc_posts,1786112141171,43.5727,2.72983,50
cond_win_bpc_posts,1786112193174,43.5871,2.72603,50
cond_win_bpc_posts,1786112540060,43.6835,2.72611,50
cond_win_bpc_posts,1786115550310,44.5196,2.72717,50
cond_win_bpc_posts,1786115867209,44.6077,2.72791,50
cond_win_bpc_posts,1786116236320,44.7102,2.73101,50
cond_win_bpc_posts,1786116376509,44.7491,2.73938,50
cond_win_bpc_posts,1786118250472,45.2697,2.73486,50
cond_win_bpc_posts,1786118393776,45.3095,2.7274,50
cond_win_bpc_posts,1786119301256,45.5616,2.71864,50
cond_win_bpc_posts,1786120070674,45.7753,2.72071,50
cond_win_bpc_posts,1786120981360,46.0283,2.72459,50
cond_win_bpc_posts,1786121288891,46.1137,2.73052,50
cond_win_bpc_posts,1786122224355,46.3736,2.73026,50
cond_win_bpc_posts,1786122521107,46.456,2.73704,50
cond_win_bpc_posts,1786123306949,46.6743,2.73998,50
cond_win_bpc_posts,1786123352663,46.687,2.74425,50
cond_win_bpc_posts,1786124601155,47.0338,2.74814,50
cond_win_bpc_posts,1786126211588,47.4811,2.73913,50
cond_win_bpc_posts,1786126371849,47.5256,2.7494,50
cond_win_bpc_posts,1786127138805,47.7387,2.74954,50
cond_win_bpc_posts,1786127222206,47.7618,2.75107,50
cond_win_bpc_posts,1786127441392,47.8227,2.76051,50
cond_win_bpc_posts,1786127755318,47.9099,2.76044,50
cond_win_bpc_posts,1786128813912,48.204,2.76316,50
cond_win_bpc_posts,1786128839920,48.2112,2.75938,50
cond_win_bpc_posts,1786131053408,48.8261,2.74981,50
cond_win_bpc_posts,1786132302036,49.1729,2.75636,50
cond_win_bpc_posts,1786133167825,49.4134,2.75156,50
cond_win_bpc_posts,1786135034472,49.9319,2.74843,50
cond_win_bpc_posts,1786135227038,49.9854,2.74323,50
cond_win_bpc_posts,1786136045381,50.2127,2.73353,50
cond_win_bpc_posts,1786136046972,50.2132,2.73913,50
cond_win_bpc_posts,1786137572856,50.637,2.74324,50
cond_win_bpc_posts,1786137761178,50.6893,2.7452,50
cond_win_bpc_posts,1786139617339,51.2049,2.73205,50
cond_win_bpc_posts,1786139732626,51.237,2.73493,50
cond_win_bpc_posts,1786142677265,52.0549,2.72362,50
cond_win_bpc_posts,1786142743798,52.0734,2.71421,50
cond_win_bpc_posts,1786145409904,52.814,2.71097,50
cond_win_bpc_posts,1786145683466,52.89,2.71178,50
cond_win_bpc_posts,1786145993325,52.976,2.71148,50
cond_win_bpc_posts,1786147025473,53.2628,2.70726,50
cond_win_bpc_posts,1786147209705,53.3139,2.69811,50
cond_win_bpc_posts,1786147262198,53.3285,2.70413,50
cond_win_bpc_posts,1786147367074,53.3576,2.70051,50
cond_win_bpc_posts,1786147545328,53.4072,2.69768,50
cond_win_bpc_posts,1786148479071,53.6665,2.69973,50
cond_win_bpc_posts,1786149320430,53.9002,2.70055,50
cond_win_bpc_posts,1786149329396,53.9027,2.69926,50
cond_win_bpc_posts,1786149856419,54.0491,2.69919,50
cond_win_bpc_posts,1786149901069,54.0615,2.69749,50
cond_win_bpc_posts,1786150108243,54.1191,2.70377,50
cond_win_bpc_posts,1786150208892,54.147,2.69131,50
cond_win_bpc_posts,1786150461898,54.2173,2.67412,50
cond_win_bpc_posts,1786150500982,54.2282,2.65843,50
cond_win_bpc_posts,1786150676876,54.277,2.65683,50
cond_win_bpc_posts,1786150839177,54.3221,2.66212,50
cond_win_bpc_posts,1786150936906,54.3493,2.66531,50
cond_win_bpc_posts,1786151498926,54.5054,2.66335,50
cond_win_bpc_posts,1786151689340,54.5583,2.65989,50
cond_win_bpc_posts,1786152095432,54.6711,2.65556,50
cond_win_bpc_posts,1786152727101,54.8465,2.66991,50
cond_win_bpc_posts,1786152844541,54.8792,2.67137,50
cond_win_bpc_posts,1786153641819,55.1006,2.66829,50
cond_win_bpc_posts,1786156867116,55.9965,2.66795,50
cond_win_bpc_posts,1786157076344,56.0547,2.66586,50
cond_win_bpc_posts,1786157148141,56.0746,2.67312,50
cond_win_bpc_posts,1786157595941,56.199,2.6761,50
cond_win_bpc_posts,1786157894491,56.2819,2.67369,50
cond_win_bpc_posts,1786158371482,56.4144,2.67427,50
cond_win_bpc_posts,1786158486050,56.4462,2.66415,50
cond_win_bpc_posts,1786158697491,56.505,2.66348,50
cond_win_bpc_posts,1786159477301,56.7216,2.66144,50
cond_win_bpc_posts,1786160178060,56.9162,2.65908,50
cond_win_bpc_posts,1786160986152,57.1407,2.66311,50
cond_win_bpc_posts,1786162138847,57.4609,2.65521,50
cond_win_bpc_posts,1786164597041,58.1437,2.65196,50
cond_win_bpc_posts,1786165508534,58.3969,2.65515,50
cond_win_bpc_posts,1786166623844,58.7067,2.66486,50
cond_win_bpc_posts,1786168141076,59.1282,2.67351,50
cond_win_bpc_posts,1786168598155,59.2552,2.6768,50
cond_win_bpc_posts,1786168763221,59.301,2.6737,50
cond_win_bpc_posts,1786169064849,59.3848,2.67328,50
cond_win_bpc_posts,1786169563233,59.5232,2.67569,50
cond_win_bpc_posts,1786169769561,59.5806,2.6861,50
cond_win_bpc_posts,1786170046265,59.6574,2.684,50
cond_win_bpc_posts,1786170178240,59.6941,2.68972,50
cond_win_bpc_posts,1786171292594,60.0036,2.68713,50
cond_win_bpc_posts,1786172841706,60.4339,2.68364,50
cond_win_bpc_posts,1786173336323,60.5713,2.68164,50
cond_win_bpc_posts,1786177287256,61.6688,2.68289,50
cond_win_bpc_posts,1786177411964,61.7034,2.6876,50
cond_win_bpc_posts,1786179563618,62.3011,2.68277,50
cond_win_bpc_posts,1786179660017,62.3279,2.68013,50
cond_win_bpc_posts,1786180032095,62.4313,2.68547,50
cond_win_bpc_posts,1786180406981,62.5354,2.68553,50
cond_win_bpc_posts,1786180409271,62.536,2.68613,50
cond_win_bpc_posts,1786180922499,62.6786,2.68026,50
cond_win_bpc_posts,1786181541832,62.8506,2.69131,50
cond_win_bpc_posts,1786182557770,63.1328,2.68847,50
cond_win_bpc_posts,1786182922889,63.2343,2.68509,50
cond_win_bpc_posts,1786183609781,63.4251,2.68126,50
cond_win_bpc_posts,1786183786558,63.4742,2.69245,50
cond_win_bpc_posts,1786184319975,63.6223,2.71279,50
cond_win_bpc_posts,1786189754783,65.132,2.72419,50
cond_win_bpc_posts,1786189842735,65.1564,2.76307,50
cond_win_bpc_posts,1786190111442,65.2311,2.7714,50
cond_win_bpc_posts,1786192637038,65.9326,2.77235,50
cond_win_bpc_posts,1786192858883,65.9943,2.79434,50
cond_win_bpc_posts,1786194439045,66.4332,2.78846,50
cond_win_bpc_posts,1786195338057,66.6829,2.78864,50
cond_win_bpc_posts,1786195742955,66.7954,2.77524,50
cond_win_bpc_posts,1786197755511,67.3544,2.776,50
cond_win_bpc_posts,1786199398805,67.8109,2.78021,50
cond_win_bpc_posts,1786199905179,67.9516,2.78031,50
cond_win_bpc_posts,1786200223971,68.0401,2.78714,50
cond_win_bpc_posts,1786200302810,68.062,2.78388,50
cond_win_bpc_posts,1786200644711,68.157,2.78533,50
cond_win_bpc_posts,1786201584215,68.418,2.78864,50
cond_win_bpc_posts,1786201703239,68.451,2.79078,50
cond_win_bpc_posts,1786203456758,68.9381,2.80136,50
cond_win_bpc_posts,1786207366062,70.024,2.80206,50
cond_win_bpc_posts,1786207712699,70.1203,2.79957,50
cond_win_bpc_posts,1786208099733,70.2278,2.8017,50
cond_win_bpc_posts,1786208312088,70.2868,2.80366,50
cond_win_bpc_posts,1786208520218,70.3446,2.82794,50
cond_win_bpc_posts,1786208536617,70.3492,2.82292,50
cond_win_bpc_posts,1786208960920,70.467,2.82131,50
cond_win_bpc_posts,1786209132466,70.5147,2.81866,50
cond_win_bpc_posts,1786210641786,70.9339,2.81487,50
cond_win_bpc_posts,1786211255097,71.1043,2.81805,50
cond_win_bpc_posts,1786211713298,71.2316,2.82445,50
cond_win_bpc_posts,1786211999470,71.3111,2.82843,50
cond_win_bpc_posts,1786212859845,71.5501,2.82024,50
cond_win_bpc_posts,1786214301558,71.9506,2.82976,50
cond_win_bpc_posts,1786215284940,72.2237,2.81945,50
cond_win_bpc_posts,1786217460110,72.8279,2.81473,50
cond_win_bpc_comments,1785989358744,9.4664,3.20966,100
cond_win_bpc_comments,1785989359153,9.4666,3.19851,100
cond_win_bpc_comments,1785989359554,9.4667,3.18328,100
cond_win_bpc_comments,1785989359924,9.4668,3.1725,100
cond_win_bpc_comments,1785989360365,9.4669,3.1577,100
cond_win_bpc_comments,1785989360772,9.467,3.14835,100
cond_win_bpc_comments,1785989361205,9.4671,3.1373,100
cond_win_bpc_comments,1785989361701,9.4673,3.12775,100
cond_win_bpc_comments,1785989362099,9.4674,3.11744,100
cond_win_bpc_comments,1785989362472,9.4675,3.10909,100
cond_win_bpc_comments,1785989362840,9.4676,3.09968,100
cond_win_bpc_comments,1785989363212,9.4677,3.08854,100
cond_win_bpc_comments,1785989363658,9.4678,3.07274,100
cond_win_bpc_comments,1785990211804,9.7034,3.05665,100
cond_win_bpc_comments,1785990273835,9.7206,3.04285,100
cond_win_bpc_comments,1785990596643,9.8103,3.02279,100
cond_win_bpc_comments,1785990923580,9.9011,3.01182,100
cond_win_bpc_comments,1785991214755,9.982,2.99529,100
cond_win_bpc_comments,1785991323980,10.0123,2.96053,100
cond_win_bpc_comments,1785992178024,10.2496,2.94779,100
cond_win_bpc_comments,1785992178528,10.2497,2.93394,100
cond_win_bpc_comments,1785992298225,10.283,2.92396,100
cond_win_bpc_comments,1785992494080,10.3374,2.91622,100
cond_win_bpc_comments,1785992596814,10.3659,2.91406,100
cond_win_bpc_comments,1785992602016,10.3673,2.89808,100
cond_win_bpc_comments,1785993095848,10.5045,2.89409,100
cond_win_bpc_comments,1785993161734,10.5228,2.8822,100
cond_win_bpc_comments,1785993636934,10.6548,2.88134,100
cond_win_bpc_comments,1785993642501,10.6564,2.88097,100
cond_win_bpc_comments,1785993705752,10.6739,2.87681,100
cond_win_bpc_comments,1785993706038,10.674,2.87635,100
cond_win_bpc_comments,1785993711025,10.6754,2.87122,100
cond_win_bpc_comments,1785993761635,10.6895,2.87106,100
cond_win_bpc_comments,1785993761920,10.6895,2.86423,100
cond_win_bpc_comments,1785993762203,10.6896,2.86204,100
cond_win_bpc_comments,1785993762488,10.6897,2.85945,100
cond_win_bpc_comments,1785993762788,10.6898,2.85909,100
cond_win_bpc_comments,1785993763080,10.6899,2.85851,100
cond_win_bpc_comments,1785993763371,10.6899,2.85536,100
cond_win_bpc_comments,1785993763661,10.69,2.85528,100
cond_win_bpc_comments,1785993787332,10.6966,2.85727,100
cond_win_bpc_comments,1785993787618,10.6967,2.85774,100
cond_win_bpc_comments,1785993787913,10.6968,2.85999,100
cond_win_bpc_comments,1785993788224,10.6968,2.86076,100
cond_win_bpc_comments,1785993788590,10.6969,2.86212,100
cond_win_bpc_comments,1785993788894,10.697,2.86226,100
cond_win_bpc_comments,1785993789194,10.6971,2.85905,100
cond_win_bpc_comments,1785994611131,10.9254,2.85014,100
cond_win_bpc_comments,1785994681971,10.9451,2.8437,100
cond_win_bpc_comments,1785994682478,10.9453,2.83851,100
cond_win_bpc_comments,1785994750657,10.9642,2.82917,100
cond_win_bpc_comments,1785995411053,11.1476,2.81874,100
cond_win_bpc_comments,1785995935766,11.2934,2.81686,100
cond_win_bpc_comments,1785996019918,11.3168,2.81244,100
cond_win_bpc_comments,1785996247567,11.38,2.81292,100
cond_win_bpc_comments,1785996388903,11.4193,2.80902,100
cond_win_bpc_comments,1785996392648,11.4203,2.80545,100
cond_win_bpc_comments,1785996514760,11.4542,2.79537,100
cond_win_bpc_comments,1785996629690,11.4861,2.79518,100
cond_win_bpc_comments,1785996634110,11.4874,2.79579,100
cond_win_bpc_comments,1785996638475,11.4886,2.79691,100
cond_win_bpc_comments,1785997022155,11.5952,2.79696,100
cond_win_bpc_comments,1785997430105,11.7085,2.79451,100
cond_win_bpc_comments,1785997493775,11.7262,2.79588,100
cond_win_bpc_comments,1785997620753,11.7614,2.79687,100
cond_win_bpc_comments,1785997801146,11.8115,2.79404,100
cond_win_bpc_comments,1785997972837,11.8592,2.78872,100
cond_win_bpc_comments,1785998231007,11.931,2.78825,100
cond_win_bpc_comments,1785998232472,11.9314,2.79002,100
cond_win_bpc_comments,1785998467719,11.9967,2.78977,100
cond_win_bpc_comments,1785998599342,12.0333,2.78471,100
cond_win_bpc_comments,1785998600051,12.0335,2.77457,100
cond_win_bpc_comments,1785998923333,12.1233,2.7749,100
cond_win_bpc_comments,1785999371577,12.2478,2.76833,100
cond_win_bpc_comments,1785999382091,12.2507,2.76132,100
cond_win_bpc_comments,1785999458516,12.2719,2.75641,100
cond_win_bpc_comments,1785999460745,12.2725,2.75038,100
cond_win_bpc_comments,1785999461903,12.2729,2.74649,100
cond_win_bpc_comments,1785999484565,12.2792,2.73936,100
cond_win_bpc_comments,1785999556180,12.2991,2.73899,100
cond_win_bpc_comments,1785999709818,12.3417,2.73392,100
cond_win_bpc_comments,1785999783763,12.3623,2.72938,100
cond_win_bpc_comments,1785999859163,12.3832,2.72419,100
cond_win_bpc_comments,1786000125984,12.4573,2.73381,100
cond_win_bpc_comments,1786000223267,12.4844,2.74381,100
cond_win_bpc_comments,1786000351037,12.5199,2.76555,100
cond_win_bpc_comments,1786000351663,12.52,2.7553,100
cond_win_bpc_comments,1786000404733,12.5348,2.75978,100
cond_win_bpc_comments,1786000535806,12.5712,2.77333,100
cond_win_bpc_comments,1786000697722,12.6162,2.78359,100
cond_win_bpc_comments,1786000734752,12.6264,2.76366,100
cond_win_bpc_comments,1786000782982,12.6398,2.75951,100
cond_win_bpc_comments,1786000817163,12.6493,2.73789,100
cond_win_bpc_comments,1786001116970,12.7326,2.72068,100
cond_win_bpc_comments,1786001145124,12.7404,2.71487,100
cond_win_bpc_comments,1786001181411,12.7505,2.70537,100
cond_win_bpc_comments,1786001241877,12.7673,2.68818,100
cond_win_bpc_comments,1786001278149,12.7774,2.66557,100
cond_win_bpc_comments,1786001317037,12.7882,2.65045,100
cond_win_bpc_comments,1786001372212,12.8035,2.63621,100
cond_win_bpc_comments,1786001420774,12.817,2.62542,100
cond_win_bpc_comments,1786001478373,12.833,2.62166,100
cond_win_bpc_comments,1786001598501,12.8664,2.62178,100
cond_win_bpc_comments,1786001701932,12.8951,2.61827,100
cond_win_bpc_comments,1786002086471,13.0019,2.61719,100
cond_win_bpc_comments,1786002198271,13.033,2.61872,100
cond_win_bpc_comments,1786002198734,13.0331,2.61588,100
cond_win_bpc_comments,1786002199179,13.0332,2.61594,100
cond_win_bpc_comments,1786002199625,13.0333,2.61314,100
cond_win_bpc_comments,1786002200104,13.0335,2.61169,100
cond_win_bpc_comments,1786002200558,13.0336,2.61052,100
cond_win_bpc_comments,1786002321852,13.0673,2.5965,100
cond_win_bpc_comments,1786002427223,13.0966,2.59037,100
cond_win_bpc_comments,1786002427734,13.0967,2.58329,100
cond_win_bpc_comments,1786002817694,13.205,2.57998,100
cond_win_bpc_comments,1786002818183,13.2052,2.57788,100
cond_win_bpc_comments,1786003195687,13.31,2.5797,100
cond_win_bpc_comments,1786003525650,13.4017,2.57369,100
cond_win_bpc_comments,1786003526114,13.4018,2.58121,100
cond_win_bpc_comments,1786004083330,13.5566,2.58042,100
cond_win_bpc_comments,1786004151146,13.5754,2.58164,100
cond_win_bpc_comments,1786004168014,13.5801,2.5758,100
cond_win_bpc_comments,1786004350323,13.6308,2.5735,100
cond_win_bpc_comments,1786004351461,13.6311,2.57038,100
cond_win_bpc_comments,1786004352571,13.6314,2.57187,100
cond_win_bpc_comments,1786004353696,13.6317,2.57152,100
cond_win_bpc_comments,1786004393736,13.6428,2.57064,100
cond_win_bpc_comments,1786004415188,13.6488,2.57062,100
cond_win_bpc_comments,1786004437426,13.655,2.57189,100
cond_win_bpc_comments,1786004475412,13.6655,2.56888,100
cond_win_bpc_comments,1786004760195,13.7446,2.56171,100
cond_win_bpc_comments,1786004955684,13.7989,2.56057,100
cond_win_bpc_comments,1786005380884,13.917,2.557,100
cond_win_bpc_comments,1786005523513,13.9567,2.55829,100
cond_win_bpc_comments,1786005561727,13.9673,2.56064,100
cond_win_bpc_comments,1786005824317,14.0402,2.55897,100
cond_win_bpc_comments,1786005950648,14.0753,2.5585,100
cond_win_bpc_comments,1786005950998,14.0754,2.55757,100
cond_win_bpc_comments,1786006900861,14.3392,2.558,100
cond_win_bpc_comments,1786008601912,14.8118,2.55695,100
cond_win_bpc_comments,1786008642942,14.8232,2.55729,100
cond_win_bpc_comments,1786008645746,14.8239,2.5568,100
cond_win_bpc_comments,1786008650629,14.8253,2.55804,100
cond_win_bpc_comments,1786008654780,14.8264,2.55876,100
cond_win_bpc_comments,1786008868054,14.8857,2.55898,100
cond_win_bpc_comments,1786008868998,14.886,2.55935,100
cond_win_bpc_comments,1786008869714,14.8862,2.5597,100
cond_win_bpc_comments,1786008888568,14.8914,2.55453,100
cond_win_bpc_comments,1786009268389,14.9969,2.55822,100
cond_win_bpc_comments,1786009396987,15.0326,2.55756,100
cond_win_bpc_comments,1786009406169,15.0352,2.5607,100
cond_win_bpc_comments,1786009444719,15.0459,2.56289,100
cond_win_bpc_comments,1786009461660,15.0506,2.56469,100
cond_win_bpc_comments,1786009462024,15.0507,2.5647,100
cond_win_bpc_comments,1786009498520,15.0608,2.56468,100
cond_win_bpc_comments,1786009513733,15.065,2.56647,100
cond_win_bpc_comments,1786009524366,15.068,2.56684,100
cond_win_bpc_comments,1786009524996,15.0682,2.56733,100
cond_win_bpc_comments,1786009576357,15.0824,2.56275,100
cond_win_bpc_comments,1786010228578,15.2636,2.56306,100
cond_win_bpc_comments,1786010643969,15.379,2.56272,100
cond_win_bpc_comments,1786010699035,15.3943,2.56252,100
cond_win_bpc_comments,1786010716359,15.3991,2.56583,100
cond_win_bpc_comments,1786010740486,15.4058,2.566,100
cond_win_bpc_comments,1786010741068,15.406,2.56551,100
cond_win_bpc_comments,1786011112567,15.5092,2.56588,100
cond_win_bpc_comments,1786011113022,15.5093,2.56806,100
cond_win_bpc_comments,1786011113490,15.5094,2.56631,100
cond_win_bpc_comments,1786011113942,15.5095,2.56396,100
cond_win_bpc_comments,1786011162904,15.5231,2.56608,100
cond_win_bpc_comments,1786011193265,15.5316,2.56643,100
cond_win_bpc_comments,1786011555478,15.6322,2.57189,100
cond_win_bpc_comments,1786011629048,15.6526,2.5731,100
cond_win_bpc_comments,1786011710793,15.6753,2.57804,100
cond_win_bpc_comments,1786011778068,15.694,2.58234,100
cond_win_bpc_comments,1786012038268,15.7663,2.57862,100
cond_win_bpc_comments,1786012220702,15.817,2.57836,100
cond_win_bpc_comments,1786012231441,15.82,2.57957,100
cond_win_bpc_comments,1786012566844,15.9131,2.58266,100
cond_win_bpc_comments,1786012569765,15.9139,2.57998,100
cond_win_bpc_comments,1786012918956,16.0109,2.58194,100
cond_win_bpc_comments,1786013135022,16.071,2.58306,100
cond_win_bpc_comments,1786013145659,16.0739,2.58424,100
cond_win_bpc_comments,1786013566422,16.1908,2.58268,100
cond_win_bpc_comments,1786013569275,16.1916,2.57936,100
cond_win_bpc_comments,1786013585541,16.1961,2.57239,100
cond_win_bpc_comments,1786013725948,16.2351,2.57508,100
cond_win_bpc_comments,1786014048346,16.3247,2.57443,100
cond_win_bpc_comments,1786014051289,16.3255,2.57067,100
cond_win_bpc_comments,1786014054092,16.3263,2.56248,100
cond_win_bpc_comments,1786014089891,16.3362,2.57053,100
cond_win_bpc_comments,1786014492756,16.4481,2.5746,100
cond_win_bpc_comments,1786014672828,16.4981,2.58893,100
cond_win_bpc_comments,1786014673033,16.4982,2.59579,100
cond_win_bpc_comments,1786014817296,16.5383,2.597,100
cond_win_bpc_comments,1786015000344,16.5891,2.60222,100
cond_win_bpc_comments,1786015133818,16.6262,2.61648,100
cond_win_bpc_comments,1786015142166,16.6285,2.63707,100
cond_win_bpc_comments,1786015204126,16.6457,2.64987,100
cond_win_bpc_comments,1786015207084,16.6465,2.66189,100
cond_win_bpc_comments,1786015210089,16.6474,2.67548,100
cond_win_bpc_comments,1786015310636,16.6753,2.6751,100
cond_win_bpc_comments,1786015320935,16.6782,2.67319,100
cond_win_bpc_comments,1786015610105,16.7585,2.67463,100
cond_win_bpc_comments,1786016110802,16.8976,2.66925,100
cond_win_bpc_comments,1786016126848,16.902,2.6589,100
cond_win_bpc_comments,1786016194600,16.9208,2.65531,100
cond_win_bpc_comments,1786016378349,16.9719,2.65522,100
cond_win_bpc_comments,1786016399407,16.9777,2.65795,100
cond_win_bpc_comments,1786016704259,17.0624,2.66132,100
cond_win_bpc_comments,1786016848152,17.1024,2.66264,100
cond_win_bpc_comments,1786016848878,17.1026,2.68219,100
cond_win_bpc_comments,1786016850192,17.103,2.69481,100
cond_win_bpc_comments,1786017038738,17.1553,2.69825,100
cond_win_bpc_comments,1786017038920,17.1554,2.69804,100
cond_win_bpc_comments,1786017039110,17.1554,2.69657,100
cond_win_bpc_comments,1786017039288,17.1555,2.68999,100
cond_win_bpc_comments,1786017039452,17.1555,2.69097,100
cond_win_bpc_comments,1786017232410,17.2091,2.70331,100
cond_win_bpc_comments,1786018628658,17.597,2.69812,100
cond_win_bpc_comments,1786018803688,17.6456,2.69361,100
cond_win_bpc_comments,1786018827012,17.6521,2.70184,100
cond_win_bpc_comments,1786018907630,17.6745,2.70526,100
cond_win_bpc_comments,1786018908541,17.6747,2.70878,100
cond_win_bpc_comments,1786018913240,17.676,2.70499,100
cond_win_bpc_comments,1786019100994,17.7282,2.69223,100
cond_win_bpc_comments,1786019101467,17.7283,2.68517,100
cond_win_bpc_comments,1786019102062,17.7285,2.67996,100
cond_win_bpc_comments,1786019105041,17.7293,2.67416,100
cond_win_bpc_comments,1786019107873,17.7301,2.67723,100
cond_win_bpc_comments,1786019193259,17.7538,2.69026,100
cond_win_bpc_comments,1786019204541,17.7569,2.69104,100
cond_win_bpc_comments,1786019205561,17.7572,2.69359,100
cond_win_bpc_comments,1786019213646,17.7595,2.69062,100
cond_win_bpc_comments,1786019233768,17.7651,2.687,100
cond_win_bpc_comments,1786019237162,17.766,2.68367,100
cond_win_bpc_comments,1786019260689,17.7725,2.68713,100
cond_win_bpc_comments,1786019443532,17.8233,2.6837,100
cond_win_bpc_comments,1786019460629,17.8281,2.67663,100
cond_win_bpc_comments,1786019476936,17.8326,2.67245,100
cond_win_bpc_comments,1786019478560,17.8331,2.66679,100
cond_win_bpc_comments,1786019516595,17.8436,2.66329,100
cond_win_bpc_comments,1786019853444,17.9372,2.66352,100
cond_win_bpc_comments,1786019853936,17.9373,2.66307,100
cond_win_bpc_comments,1786020141649,18.0172,2.66458,100
cond_win_bpc_comments,1786020199583,18.0333,2.6664,100
cond_win_bpc_comments,1786020206532,18.0353,2.66581,100
cond_win_bpc_comments,1786020210072,18.0363,2.67562,100
cond_win_bpc_comments,1786020252743,18.0481,2.67186,100
cond_win_bpc_comments,1786020294682,18.0598,2.67227,100
cond_win_bpc_comments,1786020346358,18.0741,2.67197,100
cond_win_bpc_comments,1786020355033,18.0765,2.66816,100
cond_win_bpc_comments,1786020366836,18.0798,2.66493,100
cond_win_bpc_comments,1786020415304,18.0933,2.66208,100
cond_win_bpc_comments,1786020534166,18.1263,2.66011,100
cond_win_bpc_comments,1786020542102,18.1285,2.65571,100
cond_win_bpc_comments,1786020548608,18.1303,2.65611,100
cond_win_bpc_comments,1786020556314,18.1324,2.65712,100
cond_win_bpc_comments,1786020559239,18.1332,2.66089,100
cond_win_bpc_comments,1786020563422,18.1344,2.66229,100
cond_win_bpc_comments,1786020607736,18.1467,2.65702,100
cond_win_bpc_comments,1786020721970,18.1784,2.65912,100
cond_win_bpc_comments,1786020726423,18.1797,2.65731,100
cond_win_bpc_comments,1786020731026,18.181,2.65577,100
cond_win_bpc_comments,1786020802213,18.2007,2.65714,100
cond_win_bpc_comments,1786020805429,18.2016,2.6592,100
cond_win_bpc_comments,1786020807623,18.2022,2.655,100
cond_win_bpc_comments,1786020808332,18.2024,2.65805,100
cond_win_bpc_comments,1786020811324,18.2033,2.65849,100
cond_win_bpc_comments,1786020814274,18.2041,2.65446,100
cond_win_bpc_comments,1786020858540,18.2164,2.65392,100
cond_win_bpc_comments,1786020868732,18.2192,2.65255,100
cond_win_bpc_comments,1786020916220,18.2324,2.64465,100
cond_win_bpc_comments,1786020949145,18.2415,2.64253,100
cond_win_bpc_comments,1786020951430,18.2422,2.62817,100
cond_win_bpc_comments,1786020951879,18.2423,2.63385,100
cond_win_bpc_comments,1786021007321,18.2577,2.64146,100
cond_win_bpc_comments,1786021103033,18.2843,2.64168,100
cond_win_bpc_comments,1786021199398,18.3111,2.63782,100
cond_win_bpc_comments,1786021205518,18.3128,2.64151,100
cond_win_bpc_comments,1786021303577,18.34,2.63956,100
cond_win_bpc_comments,1786021347602,18.3522,2.63965,100
cond_win_bpc_comments,1786021347842,18.3523,2.63981,100
cond_win_bpc_comments,1786021348006,18.3523,2.64294,100
cond_win_bpc_comments,1786021535050,18.4043,2.64725,100
cond_win_bpc_comments,1786021794178,18.4763,2.64797,100
cond_win_bpc_comments,1786021802585,18.4786,2.64887,100
cond_win_bpc_comments,1786021874534,18.4986,2.64769,100
cond_win_bpc_comments,1786021940829,18.517,2.65013,100
cond_win_bpc_comments,1786022115597,18.5656,2.65547,100
cond_win_bpc_comments,1786022116228,18.5657,2.66086,100
cond_win_bpc_comments,1786022388459,18.6414,2.66123,100
cond_win_bpc_comments,1786022390124,18.6418,2.66367,100
cond_win_bpc_comments,1786022410256,18.6474,2.65194,100
cond_win_bpc_comments,1786022422769,18.6509,2.65271,100
cond_win_bpc_comments,1786022458907,18.6609,2.65505,100
cond_win_bpc_comments,1786022471637,18.6645,2.65408,100
cond_win_bpc_comments,1786022520063,18.6779,2.6558,100
cond_win_bpc_comments,1786022554475,18.6875,2.65811,100
cond_win_bpc_comments,1786022559774,18.6889,2.66045,100
cond_win_bpc_comments,1786022575686,18.6934,2.66183,100
cond_win_bpc_comments,1786022689958,18.7251,2.66694,100
cond_win_bpc_comments,1786022690363,18.7252,2.66878,100
cond_win_bpc_comments,1786022690783,18.7253,2.67178,100
cond_win_bpc_comments,1786022691230,18.7255,2.67844,100
cond_win_bpc_comments,1786022712199,18.7313,2.68305,100
cond_win_bpc_comments,1786022989068,18.8082,2.68563,100
cond_win_bpc_comments,1786023396255,18.9213,2.68555,100
cond_win_bpc_comments,1786023515786,18.9545,2.68935,100
cond_win_bpc_comments,1786023522664,18.9564,2.68297,100
cond_win_bpc_comments,1786023560243,18.9669,2.69001,100
cond_win_bpc_comments,1786023581970,18.9729,2.69101,100
cond_win_bpc_comments,1786023594950,18.9765,2.68906,100
cond_win_bpc_comments,1786023731508,19.0144,2.69385,100
cond_win_bpc_comments,1786023920280,19.0669,2.70056,100
cond_win_bpc_comments,1786023920866,19.067,2.70572,100
cond_win_bpc_comments,1786024004792,19.0903,2.70321,100
cond_win_bpc_comments,1786024067664,19.1078,2.71098,100
cond_win_bpc_comments,1786024100595,19.117,2.69839,100
cond_win_bpc_comments,1786024225085,19.1515,2.69883,100
cond_win_bpc_comments,1786024225507,19.1516,2.70259,100
cond_win_bpc_comments,1786024225887,19.1518,2.70205,100
cond_win_bpc_comments,1786024226284,19.1519,2.70215,100
cond_win_bpc_comments,1786024226690,19.152,2.70083,100
cond_win_bpc_comments,1786024411048,19.2032,2.70792,100
cond_win_bpc_comments,1786024647902,19.269,2.71848,100
cond_win_bpc_comments,1786024672485,19.2758,2.72607,100
cond_win_bpc_comments,1786024672652,19.2759,2.73141,100
cond_win_bpc_comments,1786024672835,19.2759,2.73454,100
cond_win_bpc_comments,1786024721738,19.2895,2.73222,100
cond_win_bpc_comments,1786024925414,19.3461,2.73168,100
cond_win_bpc_comments,1786025114142,19.3985,2.72292,100
cond_win_bpc_comments,1786025214539,19.4264,2.72885,100
cond_win_bpc_comments,1786025405183,19.4793,2.72981,100
cond_win_bpc_comments,1786025408709,19.4803,2.73104,100
cond_win_bpc_comments,1786025412083,19.4813,2.73567,100
cond_win_bpc_comments,1786025413586,19.4817,2.73908,100
cond_win_bpc_comments,1786025498761,19.5053,2.74159,100
cond_win_bpc_comments,1786025984190,19.6402,2.75208,100
cond_win_bpc_comments,1786026790135,19.864,2.75944,100
cond_win_bpc_comments,1786027081930,19.9451,2.76554,100
cond_win_bpc_comments,1786027082514,19.9453,2.76685,100
cond_win_bpc_comments,1786027083125,19.9454,2.766,100
cond_win_bpc_comments,1786027329966,20.014,2.75145,100
cond_win_bpc_comments,1786027355716,20.0212,2.74577,100
cond_win_bpc_comments,1786027367729,20.0245,2.73943,100
cond_win_bpc_comments,1786027435063,20.0432,2.72655,100
cond_win_bpc_comments,1786027480392,20.0558,2.71343,100
cond_win_bpc_comments,1786027490772,20.0587,2.71452,100
cond_win_bpc_comments,1786027497752,20.0606,2.71242,100
cond_win_bpc_comments,1786027540434,20.0725,2.70999,100
cond_win_bpc_comments,1786027694905,20.1154,2.71084,100
cond_win_bpc_comments,1786027732344,20.1258,2.71045,100
cond_win_bpc_comments,1786027826305,20.1519,2.71183,100
cond_win_bpc_comments,1786028156619,20.2436,2.71064,100
cond_win_bpc_comments,1786028156807,20.2437,2.71262,100
cond_win_bpc_comments,1786028156975,20.2437,2.71374,100
cond_win_bpc_comments,1786028222840,20.262,2.71339,100
cond_win_bpc_comments,1786028223054,20.2621,2.71461,100
cond_win_bpc_comments,1786028506669,20.3409,2.71225,100
cond_win_bpc_comments,1786028659086,20.3832,2.71427,100
cond_win_bpc_comments,1786028699168,20.3943,2.70684,100
cond_win_bpc_comments,1786029000397,20.478,2.70762,100
cond_win_bpc_comments,1786029074371,20.4986,2.70805,100
cond_win_bpc_comments,1786029216070,20.5379,2.70716,100
cond_win_bpc_comments,1786029216521,20.538,2.70927,100
cond_win_bpc_comments,1786029216910,20.5382,2.70986,100
cond_win_bpc_comments,1786029225082,20.5404,2.71157,100
cond_win_bpc_comments,1786030176617,20.8047,2.70894,100
cond_win_bpc_comments,1786030309698,20.8417,2.70233,100
cond_win_bpc_comments,1786030390263,20.8641,2.7043,100
cond_win_bpc_comments,1786030390593,20.8642,2.70578,100
cond_win_bpc_comments,1786030390727,20.8642,2.71082,100
cond_win_bpc_comments,1786030519173,20.8999,2.70828,100
cond_win_bpc_comments,1786030619448,20.9277,2.72083,100
cond_win_bpc_comments,1786030713418,20.9538,2.71276,100
cond_win_bpc_comments,1786030726207,20.9574,2.70435,100
cond_win_bpc_comments,1786030856978,20.9937,2.69972,100
cond_win_bpc_comments,1786030925084,21.0126,2.69969,100
cond_win_bpc_comments,1786030999254,21.0332,2.70246,100
cond_win_bpc_comments,1786031390559,21.1419,2.70366,100
cond_win_bpc_comments,1786031395470,21.1433,2.70215,100
cond_win_bpc_comments,1786031402443,21.1452,2.70037,100
cond_win_bpc_comments,1786031427697,21.1523,2.70093,100
cond_win_bpc_comments,1786031428083,21.1524,2.7024,100
cond_win_bpc_comments,1786031428470,21.1525,2.70131,100
cond_win_bpc_comments,1786031540889,21.1837,2.69412,100
cond_win_bpc_comments,1786031622654,21.2064,2.69091,100
cond_win_bpc_comments,1786031634200,21.2096,2.67859,100
cond_win_bpc_comments,1786032108193,21.3413,2.67074,100
cond_win_bpc_comments,1786032315163,21.3988,2.66686,100
cond_win_bpc_comments,1786032444464,21.4347,2.66572,100
cond_win_bpc_comments,1786032576415,21.4713,2.66382,100
cond_win_bpc_comments,1786032576924,21.4715,2.67697,100
cond_win_bpc_comments,1786032649808,21.4917,2.67601,100
cond_win_bpc_comments,1786032650052,21.4918,2.67411,100
cond_win_bpc_comments,1786032677474,21.4994,2.67026,100
cond_win_bpc_comments,1786032687718,21.5023,2.66718,100
cond_win_bpc_comments,1786032873585,21.5539,2.66522,100
cond_win_bpc_comments,1786032895016,21.5598,2.66383,100
cond_win_bpc_comments,1786033222133,21.6507,2.6591,100
cond_win_bpc_comments,1786033222667,21.6509,2.65751,100
cond_win_bpc_comments,1786033305260,21.6738,2.65377,100
cond_win_bpc_comments,1786033349351,21.6861,2.64794,100
cond_win_bpc_comments,1786033349671,21.6861,2.64487,100
cond_win_bpc_comments,1786033350021,21.6862,2.64079,100
cond_win_bpc_comments,1786033350455,21.6864,2.63212,100
cond_win_bpc_comments,1786033350765,21.6864,2.62681,100
cond_win_bpc_comments,1786033351051,21.6865,2.61294,100
cond_win_bpc_comments,1786033351320,21.6866,2.611,100
cond_win_bpc_comments,1786033351659,21.6867,2.59794,100
cond_win_bpc_comments,1786033351957,21.6868,2.5886,100
cond_win_bpc_comments,1786033352214,21.6868,2.58107,100
cond_win_bpc_comments,1786033379810,21.6945,2.57991,100
cond_win_bpc_comments,1786033399393,21.7,2.57211,100
cond_win_bpc_comments,1786033414808,21.7042,2.56971,100
cond_win_bpc_comments,1786033440843,21.7115,2.56491,100
cond_win_bpc_comments,1786033463533,21.7178,2.56244,100
cond_win_bpc_comments,1786033465895,21.7184,2.56293,100
cond_win_bpc_comments,1786033466517,21.7186,2.56475,100
cond_win_bpc_comments,1786033590843,21.7531,2.56163,100
cond_win_bpc_comments,1786033606155,21.7574,2.56387,100
cond_win_bpc_comments,1786033611648,21.7589,2.56299,100
cond_win_bpc_comments,1786033617108,21.7604,2.56469,100
cond_win_bpc_comments,1786033768879,21.8026,2.56258,100
cond_win_bpc_comments,1786033796794,21.8103,2.56267,100
cond_win_bpc_comments,1786033854367,21.8263,2.56758,100
cond_win_bpc_comments,1786033859641,21.8278,2.56643,100
cond_win_bpc_comments,1786034322145,21.9563,2.56788,100
cond_win_bpc_comments,1786034438285,21.9885,2.56682,100
cond_win_bpc_comments,1786034496622,22.0047,2.56779,100
cond_win_bpc_comments,1786034539635,22.0167,2.57278,100
cond_win_bpc_comments,1786034643798,22.0456,2.56921,100
cond_win_bpc_comments,1786034723534,22.0678,2.56804,100
cond_win_bpc_comments,1786034807133,22.091,2.56628,100
cond_win_bpc_comments,1786034819384,22.0944,2.56649,100
cond_win_bpc_comments,1786034915554,22.1211,2.56,100
cond_win_bpc_comments,1786035283778,22.2234,2.56222,100
cond_win_bpc_comments,1786035317247,22.2327,2.55708,100
cond_win_bpc_comments,1786035449240,22.2694,2.54971,100
cond_win_bpc_comments,1786035701705,22.3395,2.55149,100
cond_win_bpc_comments,1786035962929,22.412,2.5523,100
cond_win_bpc_comments,1786036053590,22.4372,2.55093,100
cond_win_bpc_comments,1786036146415,22.463,2.55982,100
cond_win_bpc_comments,1786036147566,22.4633,2.5655,100
cond_win_bpc_comments,1786036251426,22.4922,2.56711,100
cond_win_bpc_comments,1786036318361,22.5108,2.57822,100
cond_win_bpc_comments,1786036319488,22.5111,2.59109,100
cond_win_bpc_comments,1786036320621,22.5114,2.59166,100
cond_win_bpc_comments,1786036321757,22.5117,2.59387,100
cond_win_bpc_comments,1786036401087,22.5338,2.59705,100
cond_win_bpc_comments,1786036464844,22.5515,2.5976,100
cond_win_bpc_comments,1786036554370,22.5763,2.59637,100
cond_win_bpc_comments,1786036654947,22.6043,2.59436,100
cond_win_bpc_comments,1786036800551,22.6447,2.59181,100
cond_win_bpc_comments,1786036803628,22.6456,2.59263,100
cond_win_bpc_comments,1786036804371,22.6458,2.59186,100
cond_win_bpc_comments,1786036840882,22.6559,2.58599,100
cond_win_bpc_comments,1786036957564,22.6883,2.58974,100
cond_win_bpc_comments,1786036958790,22.6887,2.59153,100
cond_win_bpc_comments,1786037009840,22.7029,2.59306,100
cond_win_bpc_comments,1786037021694,22.7061,2.59301,100
cond_win_bpc_comments,1786037028518,22.708,2.59202,100
cond_win_bpc_comments,1786037050570,22.7142,2.59398,100
cond_win_bpc_comments,1786037414258,22.8152,2.59463,100
cond_win_bpc_comments,1786037449044,22.8249,2.59584,100
cond_win_bpc_comments,1786037514356,22.843,2.59883,100
cond_win_bpc_comments,1786037551322,22.8533,2.59824,100
cond_win_bpc_comments,1786037573315,22.8594,2.5968,100
cond_win_bpc_comments,1786037573984,22.8596,2.59726,100
cond_win_bpc_comments,1786037623763,22.8734,2.59832,100
cond_win_bpc_comments,1786037696332,22.8935,2.58438,100
cond_win_bpc_comments,1786037814148,22.9263,2.58449,100
cond_win_bpc_comments,1786037911105,22.9532,2.58629,100
cond_win_bpc_comments,1786038156906,23.0215,2.58627,100
cond_win_bpc_comments,1786038157447,23.0216,2.59235,100
cond_win_bpc_comments,1786038157945,23.0218,2.59377,100
cond_win_bpc_comments,1786038158445,23.0219,2.59798,100
cond_win_bpc_comments,1786038158939,23.022,2.60267,100
cond_win_bpc_comments,1786038338476,23.0719,2.60072,100
cond_win_bpc_comments,1786038339172,23.0721,2.59921,100
cond_win_bpc_comments,1786038339880,23.0723,2.59622,100
cond_win_bpc_comments,1786038340609,23.0725,2.59743,100
cond_win_bpc_comments,1786038371100,23.081,2.58508,100
cond_win_bpc_comments,1786038371459,23.0811,2.57813,100
cond_win_bpc_comments,1786038483689,23.1123,2.57504,100
cond_win_bpc_comments,1786038584607,23.1403,2.57883,100
cond_win_bpc_comments,1786038600342,23.1447,2.5813,100
cond_win_bpc_comments,1786038730072,23.1807,2.58586,100
cond_win_bpc_comments,1786038730544,23.1808,2.57651,100
cond_win_bpc_comments,1786038730996,23.181,2.5742,100
cond_win_bpc_comments,1786038731448,23.1811,2.57084,100
cond_win_bpc_comments,1786038731902,23.1812,2.56866,100
cond_win_bpc_comments,1786038740507,23.1836,2.56465,100
cond_win_bpc_comments,1786038741005,23.1837,2.5576,100
cond_win_bpc_comments,1786038741470,23.1839,2.55488,100
cond_win_bpc_comments,1786038741963,23.184,2.5534,100
cond_win_bpc_comments,1786038742433,23.1841,2.54803,100
cond_win_bpc_comments,1786039058390,23.2719,2.54311,100
cond_win_bpc_comments,1786039122731,23.2898,2.54569,100
cond_win_bpc_comments,1786039166386,23.3019,2.54962,100
cond_win_bpc_comments,1786039201214,23.3116,2.55083,100
cond_win_bpc_comments,1786039235811,23.3212,2.55443,100
cond_win_bpc_comments,1786039276804,23.3326,2.55947,100
cond_win_bpc_comments,1786039280272,23.3335,2.56021,100
cond_win_bpc_comments,1786039371002,23.3587,2.56312,100
cond_win_bpc_comments,1786039385135,23.3627,2.5722,100
cond_win_bpc_comments,1786039410174,23.3696,2.57421,100
cond_win_bpc_comments,1786039442226,23.3785,2.58175,100
cond_win_bpc_comments,1786039459419,23.3833,2.58447,100
cond_win_bpc_comments,1786039635476,23.4322,2.59313,100
cond_win_bpc_comments,1786039686513,23.4464,2.60591,100
cond_win_bpc_comments,1786039687021,23.4465,2.61601,100
cond_win_bpc_comments,1786039687502,23.4466,2.62084,100
cond_win_bpc_comments,1786039688011,23.4468,2.62981,100
cond_win_bpc_comments,1786039688466,23.4469,2.63387,100
cond_win_bpc_comments,1786039942925,23.5176,2.62967,100
cond_win_bpc_comments,1786039943171,23.5177,2.62875,100
cond_win_bpc_comments,1786040223088,23.5954,2.63435,100
cond_win_bpc_comments,1786040369611,23.6361,2.63314,100
cond_win_bpc_comments,1786040476085,23.6657,2.63019,100
cond_win_bpc_comments,1786040709014,23.7304,2.62408,100
cond_win_bpc_comments,1786040738409,23.7386,2.61918,100
cond_win_bpc_comments,1786040790563,23.7531,2.62101,100
cond_win_bpc_comments,1786040844369,23.768,2.62338,100
cond_win_bpc_comments,1786040844978,23.7682,2.62274,100
cond_win_bpc_comments,1786040857939,23.7718,2.61767,100
cond_win_bpc_comments,1786040961753,23.8006,2.62027,100
cond_win_bpc_comments,1786040986456,23.8075,2.61574,100
cond_win_bpc_comments,1786041081683,23.8339,2.61833,100
cond_win_bpc_comments,1786041082348,23.8341,2.61775,100
cond_win_bpc_comments,1786041082725,23.8342,2.61724,100
cond_win_bpc_comments,1786041282141,23.8896,2.61643,100
cond_win_bpc_comments,1786041340473,23.9058,2.61649,100
cond_win_bpc_comments,1786041428303,23.9302,2.61754,100
cond_win_bpc_comments,1786041428745,23.9303,2.61892,100
cond_win_bpc_comments,1786041429217,23.9305,2.62089,100
cond_win_bpc_comments,1786041524713,23.957,2.61851,100
cond_win_bpc_comments,1786041695621,24.0045,2.62468,100
cond_win_bpc_comments,1786042099119,24.1165,2.63546,100
cond_win_bpc_comments,1786042403177,24.201,2.6336,100
cond_win_bpc_comments,1786042409519,24.2028,2.62826,100
cond_win_bpc_comments,1786042440095,24.2113,2.62929,100
cond_win_bpc_comments,1786042447320,24.2133,2.62603,100
cond_win_bpc_comments,1786042447655,24.2134,2.62314,100
cond_win_bpc_comments,1786042447988,24.2134,2.62585,100
cond_win_bpc_comments,1786042448330,24.2135,2.62115,100
cond_win_bpc_comments,1786042448676,24.2136,2.61895,100
cond_win_bpc_comments,1786042608609,24.2581,2.61615,100
cond_win_bpc_comments,1786042609319,24.2583,2.6119,100
cond_win_bpc_comments,1786042610048,24.2585,2.61121,100
cond_win_bpc_comments,1786042709077,24.286,2.61009,100
cond_win_bpc_comments,1786042924538,24.3458,2.6138,100
cond_win_bpc_comments,1786043551607,24.52,2.61383,100
cond_win_bpc_comments,1786043581748,24.5284,2.61695,100
cond_win_bpc_comments,1786043605702,24.535,2.61735,100
cond_win_bpc_comments,1786043605980,24.5351,2.61963,100
cond_win_bpc_comments,1786043606251,24.5352,2.62676,100
cond_win_bpc_comments,1786043606567,24.5353,2.62466,100
cond_win_bpc_comments,1786043668894,24.5526,2.62433,100
cond_win_bpc_comments,1786043762649,24.5786,2.62657,100
cond_win_bpc_comments,1786043854787,24.6042,2.62566,100
cond_win_bpc_comments,1786044260842,24.717,2.62223,100
cond_win_bpc_comments,1786044277169,24.7216,2.61582,100
cond_win_bpc_comments,1786044608618,24.8136,2.61187,100
cond_win_bpc_comments,1786044608856,24.8137,2.60749,100
cond_win_bpc_comments,1786044609043,24.8137,2.60316,100
cond_win_bpc_comments,1786044609238,24.8138,2.60076,100
cond_win_bpc_comments,1786044609414,24.8138,2.60317,100
cond_win_bpc_comments,1786044609600,24.8139,2.60588,100
cond_win_bpc_comments,1786044609789,24.8139,2.60107,100
cond_win_bpc_comments,1786044609960,24.814,2.61037,100
cond_win_bpc_comments,1786044610151,24.8141,2.60854,100
cond_win_bpc_comments,1786044610340,24.8141,2.60512,100
cond_win_bpc_comments,1786044620119,24.8168,2.60459,100
cond_win_bpc_comments,1786044620237,24.8169,2.60545,100
cond_win_bpc_comments,1786044620358,24.8169,2.60659,100
cond_win_bpc_comments,1786044620507,24.8169,2.60865,100
cond_win_bpc_comments,1786045035188,24.9321,2.60855,100
cond_win_bpc_comments,1786045191993,24.9757,2.60864,100
cond_win_bpc_comments,1786045267312,24.9966,2.60692,100
cond_win_bpc_comments,1786045303249,25.0066,2.60574,100
cond_win_bpc_comments,1786045319272,25.011,2.59934,100
cond_win_bpc_comments,1786045562381,25.0786,2.60965,100
cond_win_bpc_comments,1786045694305,25.1152,2.61179,100
cond_win_bpc_comments,1786045722365,25.123,2.61445,100
cond_win_bpc_comments,1786045788881,25.1415,2.61355,100
cond_win_bpc_comments,1786045797602,25.1439,2.61473,100
cond_win_bpc_comments,1786045840839,25.1559,2.61813,100
cond_win_bpc_comments,1786045879326,25.1666,2.62635,100
cond_win_bpc_comments,1786045879866,25.1667,2.61868,100
cond_win_bpc_comments,1786045900020,25.1723,2.62103,100
cond_win_bpc_comments,1786045940422,25.1836,2.61841,100
cond_win_bpc_comments,1786045986531,25.1964,2.62161,100
cond_win_bpc_comments,1786045987006,25.1965,2.6294,100
cond_win_bpc_comments,1786045987518,25.1967,2.63204,100
cond_win_bpc_comments,1786045988091,25.1968,2.6341,100
cond_win_bpc_comments,1786046057078,25.216,2.63299,100
cond_win_bpc_comments,1786046057558,25.2161,2.62687,100
cond_win_bpc_comments,1786046102823,25.2287,2.62312,100
cond_win_bpc_comments,1786046114974,25.2321,2.61893,100
cond_win_bpc_comments,1786046195115,25.2543,2.61809,100
cond_win_bpc_comments,1786046460675,25.3281,2.61726,100
cond_win_bpc_comments,1786046460868,25.3281,2.61155,100
cond_win_bpc_comments,1786046461068,25.3282,2.60423,100
cond_win_bpc_comments,1786046461263,25.3282,2.60366,100
cond_win_bpc_comments,1786046461458,25.3283,2.60349,100
cond_win_bpc_comments,1786046461633,25.3284,2.6061,100
cond_win_bpc_comments,1786046542593,25.3508,2.59738,100
cond_win_bpc_comments,1786046741190,25.406,2.5927,100
cond_win_bpc_comments,1786046846117,25.4352,2.59115,100
cond_win_bpc_comments,1786046965417,25.4683,2.58681,100
cond_win_bpc_comments,1786046984691,25.4736,2.58241,100
cond_win_bpc_comments,1786046985008,25.4737,2.57832,100
cond_win_bpc_comments,1786046997037,25.4771,2.5779,100
cond_win_bpc_comments,1786047065674,25.4961,2.57436,100
cond_win_bpc_comments,1786047355110,25.5765,2.58379,100
cond_win_bpc_comments,1786047355426,25.5766,2.58426,100
cond_win_bpc_comments,1786047355727,25.5767,2.57864,100
cond_win_bpc_comments,1786047356276,25.5769,2.57847,100
cond_win_bpc_comments,1786047356574,25.5769,2.58373,100
cond_win_bpc_comments,1786047391957,25.5868,2.58905,100
cond_win_bpc_comments,1786047392436,25.5869,2.59344,100
cond_win_bpc_comments,1786047424515,25.5958,2.58959,100
cond_win_bpc_comments,1786047481376,25.6116,2.58606,100
cond_win_bpc_comments,1786047525780,25.6239,2.58673,100
cond_win_bpc_comments,1786047526177,25.6241,2.58859,100
cond_win_bpc_comments,1786047526601,25.6242,2.58786,100
cond_win_bpc_comments,1786047526998,25.6243,2.59121,100
cond_win_bpc_comments,1786047527389,25.6244,2.5914,100
cond_win_bpc_comments,1786047527846,25.6245,2.59125,100
cond_win_bpc_comments,1786047528248,25.6246,2.59048,100
cond_win_bpc_comments,1786047528640,25.6247,2.59152,100
cond_win_bpc_comments,1786047529076,25.6249,2.59463,100
cond_win_bpc_comments,1786047691485,25.67,2.59236,100
cond_win_bpc_comments,1786047718256,25.6774,2.58637,100
cond_win_bpc_comments,1786047731530,25.6811,2.58146,100
cond_win_bpc_comments,1786047894649,25.7264,2.58617,100
cond_win_bpc_comments,1786047913868,25.7317,2.58762,100
cond_win_bpc_comments,1786047914507,25.7319,2.5848,100
cond_win_bpc_comments,1786047915151,25.7321,2.58429,100
cond_win_bpc_comments,1786048016538,25.7603,2.59117,100
cond_win_bpc_comments,1786048038631,25.7664,2.58843,100
cond_win_bpc_comments,1786048038933,25.7665,2.58865,100
cond_win_bpc_comments,1786048052128,25.7702,2.5893,100
cond_win_bpc_comments,1786048052674,25.7703,2.58817,100
cond_win_bpc_comments,1786048053258,25.7705,2.58885,100
cond_win_bpc_comments,1786048053795,25.7706,2.58793,100
cond_win_bpc_comments,1786048056377,25.7713,2.59213,100
cond_win_bpc_comments,1786048102993,25.7843,2.59124,100
cond_win_bpc_comments,1786048190902,25.8087,2.58609,100
cond_win_bpc_comments,1786048194534,25.8097,2.58645,100
cond_win_bpc_comments,1786048218091,25.8163,2.58574,100
cond_win_bpc_comments,1786048272544,25.8314,2.58454,100
cond_win_bpc_comments,1786048310136,25.8418,2.58145,100
cond_win_bpc_comments,1786048331592,25.8478,2.57976,100
cond_win_bpc_comments,1786048386624,25.8631,2.56822,100
cond_win_bpc_comments,1786048386784,25.8631,2.55774,100
cond_win_bpc_comments,1786048408545,25.8692,2.55819,100
cond_win_bpc_comments,1786048409197,25.8693,2.55729,100
cond_win_bpc_comments,1786048409906,25.8695,2.557,100
cond_win_bpc_comments,1786048410541,25.8697,2.56062,100
cond_win_bpc_comments,1786048520906,25.9004,2.55947,100
cond_win_bpc_comments,1786048695336,25.9488,2.56056,100
cond_win_bpc_comments,1786048697846,25.9495,2.5625,100
cond_win_bpc_comments,1786048741735,25.9617,2.5645,100
cond_win_bpc_comments,1786048779433,25.9722,2.56711,100
cond_win_bpc_comments,1786048780440,25.9725,2.56914,100
cond_win_bpc_comments,1786048781316,25.9727,2.5708,100
cond_win_bpc_comments,1786048782319,25.973,2.57559,100
cond_win_bpc_comments,1786048783400,25.9733,2.58014,100
cond_win_bpc_comments,1786049115164,26.0654,2.58243,100
cond_win_bpc_comments,1786049139404,26.0722,2.58567,100
cond_win_bpc_comments,1786049197455,26.0883,2.58903,100
cond_win_bpc_comments,1786049197845,26.0884,2.58853,100
cond_win_bpc_comments,1786049198244,26.0885,2.58681,100
cond_win_bpc_comments,1786049198646,26.0886,2.58465,100
cond_win_bpc_comments,1786049218449,26.0941,2.57891,100
cond_win_bpc_comments,1786049430940,26.1532,2.57378,100
cond_win_bpc_comments,1786049470419,26.1641,2.5703,100
cond_win_bpc_comments,1786049491117,26.1699,2.57548,100
cond_win_bpc_comments,1786049587795,26.1967,2.58233,100
cond_win_bpc_comments,1786049588034,26.1968,2.59013,100
cond_win_bpc_comments,1786049611038,26.2032,2.5893,100
cond_win_bpc_comments,1786049618042,26.2051,2.58998,100
cond_win_bpc_comments,1786049752491,26.2425,2.59069,100
cond_win_bpc_comments,1786049778158,26.2496,2.59191,100
cond_win_bpc_comments,1786049870899,26.2754,2.58962,100
cond_win_bpc_comments,1786049883503,26.2789,2.58842,100
cond_win_bpc_comments,1786049964266,26.3013,2.59255,100
cond_win_bpc_comments,1786049964450,26.3014,2.60378,100
cond_win_bpc_comments,1786050338374,26.4052,2.60611,100
cond_win_bpc_comments,1786050338576,26.4053,2.60321,100
cond_win_bpc_comments,1786050355321,26.4099,2.60509,100
cond_win_bpc_comments,1786050540913,26.4615,2.60259,100
cond_win_bpc_comments,1786050541555,26.4617,2.60289,100
cond_win_bpc_comments,1786050587350,26.4744,2.60488,100
cond_win_bpc_comments,1786050615043,26.4821,2.61277,100
cond_win_bpc_comments,1786050694466,26.5041,2.63297,100
cond_win_bpc_comments,1786050731107,26.5143,2.63625,100
cond_win_bpc_comments,1786050760634,26.5225,2.63946,100
cond_win_bpc_comments,1786050798975,26.5332,2.64103,100
cond_win_bpc_comments,1786050839005,26.5443,2.64212,100
cond_win_bpc_comments,1786050839535,26.5444,2.64325,100
cond_win_bpc_comments,1786051092001,26.6146,2.66029,100
cond_win_bpc_comments,1786051144939,26.6293,2.66346,100
cond_win_bpc_comments,1786051212348,26.648,2.6579,100
cond_win_bpc_comments,1786051212505,26.648,2.65677,100
cond_win_bpc_comments,1786051357297,26.6883,2.67533,100
cond_win_bpc_comments,1786051359825,26.689,2.68757,100
cond_win_bpc_comments,1786051451401,26.7144,2.68577,100
cond_win_bpc_comments,1786051451617,26.7145,2.68794,100
cond_win_bpc_comments,1786051451947,26.7145,2.69003,100
cond_win_bpc_comments,1786051689872,26.7806,2.69149,100
cond_win_bpc_comments,1786051735163,26.7932,2.69148,100
cond_win_bpc_comments,1786052414428,26.9819,2.68838,100
cond_win_bpc_comments,1786052414965,26.9821,2.68856,100
cond_win_bpc_comments,1786052495199,27.0043,2.69135,100
cond_win_bpc_comments,1786052643473,27.0455,2.68889,100
cond_win_bpc_comments,1786052852218,27.1035,2.68767,100
cond_win_bpc_comments,1786052930895,27.1254,2.68832,100
cond_win_bpc_comments,1786053006550,27.1464,2.68837,100
cond_win_bpc_comments,1786053010467,27.1475,2.6913,100
cond_win_bpc_comments,1786053229776,27.2084,2.6946,100
cond_win_bpc_comments,1786053231878,27.209,2.69611,100
cond_win_bpc_comments,1786053299683,27.2278,2.69733,100
cond_win_bpc_comments,1786053441945,27.2673,2.69466,100
cond_win_bpc_comments,1786053662394,27.3286,2.69602,100
cond_win_bpc_comments,1786053662785,27.3287,2.69946,100
cond_win_bpc_comments,1786053663160,27.3288,2.70085,100
cond_win_bpc_comments,1786053663525,27.3289,2.70155,100
cond_win_bpc_comments,1786053663895,27.329,2.70143,100
cond_win_bpc_comments,1786053704633,27.3403,2.69664,100
cond_win_bpc_comments,1786053727789,27.3467,2.69581,100
cond_win_bpc_comments,1786053813540,27.3705,2.70348,100
cond_win_bpc_comments,1786053822542,27.373,2.71232,100
cond_win_bpc_comments,1786053828669,27.3747,2.72156,100
cond_win_bpc_comments,1786053936534,27.4047,2.71883,100
cond_win_bpc_comments,1786053941628,27.4061,2.71525,100
cond_win_bpc_comments,1786053944007,27.4068,2.71836,100
cond_win_bpc_comments,1786053944125,27.4068,2.71645,100
cond_win_bpc_comments,1786053992838,27.4204,2.71871,100
cond_win_bpc_comments,1786054005883,27.424,2.70391,100
cond_win_bpc_comments,1786054069225,27.4416,2.70816,100
cond_win_bpc_comments,1786054069486,27.4416,2.70333,100
cond_win_bpc_comments,1786054069756,27.4417,2.69988,100
cond_win_bpc_comments,1786054081781,27.4451,2.68906,100
cond_win_bpc_comments,1786054262615,27.4953,2.68502,100
cond_win_bpc_comments,1786054262906,27.4954,2.68041,100
cond_win_bpc_comments,1786054291181,27.5032,2.68825,100
cond_win_bpc_comments,1786054300516,27.5058,2.69572,100
cond_win_bpc_comments,1786054354237,27.5207,2.70352,100
cond_win_bpc_comments,1786054511221,27.5643,2.70289,100
cond_win_bpc_comments,1786054763134,27.6343,2.70785,100
cond_win_bpc_comments,1786054790221,27.6418,2.71177,100
cond_win_bpc_comments,1786054825338,27.6516,2.71943,100
cond_win_bpc_comments,1786054840759,27.6559,2.73723,100
cond_win_bpc_comments,1786054846701,27.6575,2.75255,100
cond_win_bpc_comments,1786054900715,27.6725,2.75349,100
cond_win_bpc_comments,1786055171097,27.7476,2.7483,100
cond_win_bpc_comments,1786055173655,27.7484,2.74576,100
cond_win_bpc_comments,1786055299670,27.7834,2.74487,100
cond_win_bpc_comments,1786055299984,27.7834,2.75452,100
cond_win_bpc_comments,1786055300275,27.7835,2.76234,100
cond_win_bpc_comments,1786055305675,27.785,2.76491,100
cond_win_bpc_comments,1786055328542,27.7914,2.7686,100
cond_win_bpc_comments,1786055370764,27.8031,2.76426,100
cond_win_bpc_comments,1786055387831,27.8079,2.76563,100
cond_win_bpc_comments,1786055490641,27.8364,2.76252,100
cond_win_bpc_comments,1786055525996,27.8462,2.76118,100
cond_win_bpc_comments,1786055695150,27.8932,2.75596,100
cond_win_bpc_comments,1786055764861,27.9126,2.75532,100
cond_win_bpc_comments,1786056059891,27.9945,2.75973,100
cond_win_bpc_comments,1786056246260,28.0463,2.75767,100
cond_win_bpc_comments,1786056280303,28.0558,2.75876,100
cond_win_bpc_comments,1786056394604,28.0875,2.75837,100
cond_win_bpc_comments,1786056423638,28.0956,2.76001,100
cond_win_bpc_comments,1786056639137,28.1554,2.75895,100
cond_win_bpc_comments,1786056639942,28.1557,2.76471,100
cond_win_bpc_comments,1786056640722,28.1559,2.76171,100
cond_win_bpc_comments,1786056666211,28.163,2.75941,100
cond_win_bpc_comments,1786056667507,28.1633,2.7564,100
cond_win_bpc_comments,1786056668825,28.1637,2.75647,100
cond_win_bpc_comments,1786056670111,28.164,2.75855,100
cond_win_bpc_comments,1786056671399,28.1644,2.76067,100
cond_win_bpc_comments,1786056672722,28.1648,2.76067,100
cond_win_bpc_comments,1786056673992,28.1651,2.76091,100
cond_win_bpc_comments,1786056675310,28.1655,2.76055,100
cond_win_bpc_comments,1786056676595,28.1658,2.76175,100
cond_win_bpc_comments,1786056677980,28.1662,2.76316,100
cond_win_bpc_comments,1786056679276,28.1666,2.76449,100
cond_win_bpc_comments,1786056680559,28.1669,2.76467,100
cond_win_bpc_comments,1786056681848,28.1673,2.77854,100
cond_win_bpc_comments,1786056683180,28.1677,2.77592,100
cond_win_bpc_comments,1786056684503,28.168,2.78256,100
cond_win_bpc_comments,1786056685790,28.1684,2.78319,100
cond_win_bpc_comments,1786056687203,28.1688,2.7822,100
cond_win_bpc_comments,1786056688518,28.1692,2.78431,100
cond_win_bpc_comments,1786056879296,28.2221,2.78165,100
cond_win_bpc_comments,1786056892531,28.2258,2.78123,100
cond_win_bpc_comments,1786057271491,28.3311,2.78417,100
cond_win_bpc_comments,1786057398756,28.3664,2.78576,100
cond_win_bpc_comments,1786057475432,28.3877,2.78668,100
cond_win_bpc_comments,1786057813022,28.4815,2.79164,100
cond_win_bpc_comments,1786058000520,28.5336,2.78959,100
cond_win_bpc_comments,1786058147770,28.5745,2.79365,100
cond_win_bpc_comments,1786058148322,28.5747,2.8061,100
cond_win_bpc_comments,1786058148925,28.5748,2.8113,100
cond_win_bpc_comments,1786058149519,28.575,2.81158,100
cond_win_bpc_comments,1786058264060,28.6068,2.81278,100
cond_win_bpc_comments,1786058500328,28.6724,2.81571,100
cond_win_bpc_comments,1786058656401,28.7158,2.81777,100
cond_win_bpc_comments,1786058841230,28.7671,2.81833,100
cond_win_bpc_comments,1786058890526,28.7808,2.81621,100
cond_win_bpc_comments,1786058930697,28.792,2.81641,100
cond_win_bpc_comments,1786059067317,28.8299,2.82764,100
cond_win_bpc_comments,1786059067661,28.83,2.83308,100
cond_win_bpc_comments,1786059068014,28.8301,2.83129,100
cond_win_bpc_comments,1786059068359,28.8302,2.84249,100
cond_win_bpc_comments,1786059068701,28.8303,2.85773,100
cond_win_bpc_comments,1786059069067,28.8304,2.85651,100
cond_win_bpc_comments,1786059069426,28.8305,2.85745,100
cond_win_bpc_comments,1786059069772,28.8306,2.85657,100
cond_win_bpc_comments,1786059070119,28.8307,2.85656,100
cond_win_bpc_comments,1786059070463,28.8308,2.86315,100
cond_win_bpc_comments,1786059070816,28.8309,2.86203,100
cond_win_bpc_comments,1786059071178,28.831,2.86723,100
cond_win_bpc_comments,1786059071535,28.8311,2.86459,100
cond_win_bpc_comments,1786059119123,28.8443,2.86223,100
cond_win_bpc_comments,1786059681699,29.0006,2.84788,100
cond_win_bpc_comments,1786059682493,29.0008,2.83724,100
cond_win_bpc_comments,1786060047103,29.1021,2.83628,100
cond_win_bpc_comments,1786060421778,29.2062,2.84092,100
cond_win_bpc_comments,1786060443504,29.2122,2.84066,100
cond_win_bpc_comments,1786060463995,29.2179,2.8396,100
cond_win_bpc_comments,1786060579986,29.2501,2.84184,100
cond_win_bpc_comments,1786060584274,29.2513,2.83042,100
cond_win_bpc_comments,1786060584318,29.2513,2.83279,100
cond_win_bpc_comments,1786060592858,29.2537,2.83424,100
cond_win_bpc_comments,1786060604503,29.2569,2.8236,100
cond_win_bpc_comments,1786060690205,29.2807,2.82787,100
cond_win_bpc_comments,1786060705666,29.285,2.82942,100
cond_win_bpc_comments,1786060765769,29.3017,2.84049,100
cond_win_bpc_comments,1786060853292,29.326,2.83345,100
cond_win_bpc_comments,1786060853505,29.3261,2.83768,100
cond_win_bpc_comments,1786060853722,29.3262,2.8426,100
cond_win_bpc_comments,1786060861068,29.3282,2.86239,100
cond_win_bpc_comments,1786061013815,29.3706,2.87242,100
cond_win_bpc_comments,1786061014885,29.3709,2.87839,100
cond_win_bpc_comments,1786061015978,29.3712,2.88396,100
cond_win_bpc_comments,1786061092726,29.3925,2.88913,100
cond_win_bpc_comments,1786061112722,29.3981,2.88372,100
cond_win_bpc_comments,1786061113618,29.3983,2.88803,100
cond_win_bpc_comments,1786061218864,29.4276,2.89043,100
cond_win_bpc_comments,1786061246300,29.4352,2.89494,100
cond_win_bpc_comments,1786061247370,29.4355,2.89158,100
cond_win_bpc_comments,1786061410755,29.4809,2.88716,100
cond_win_bpc_comments,1786061528448,29.5136,2.89545,100
cond_win_bpc_comments,1786061529132,29.5138,2.891,100
cond_win_bpc_comments,1786061529714,29.5139,2.89604,100
cond_win_bpc_comments,1786061530312,29.5141,2.89981,100
cond_win_bpc_comments,1786061530891,29.5143,2.8935,100
cond_win_bpc_comments,1786061531458,29.5144,2.89245,100
cond_win_bpc_comments,1786062184308,29.6958,2.89614,100
cond_win_bpc_comments,1786062185410,29.6961,2.91113,100
cond_win_bpc_comments,1786062226799,29.7076,2.88445,100
cond_win_bpc_comments,1786062226985,29.7076,2.87347,100
cond_win_bpc_comments,1786062227144,29.7077,2.85497,100
cond_win_bpc_comments,1786062227305,29.7077,2.82646,100
cond_win_bpc_comments,1786062227462,29.7077,2.80803,100
cond_win_bpc_comments,1786062227646,29.7078,2.80573,100
cond_win_bpc_comments,1786062227806,29.7078,2.8091,100
cond_win_bpc_comments,1786062255354,29.7155,2.79404,100
cond_win_bpc_comments,1786062285250,29.7238,2.79212,100
cond_win_bpc_comments,1786062286831,29.7242,2.79019,100
cond_win_bpc_comments,1786062288397,29.7247,2.79107,100
cond_win_bpc_comments,1786062289963,29.7251,2.7871,100
cond_win_bpc_comments,1786062291575,29.7256,2.78577,100
cond_win_bpc_comments,1786062293176,29.726,2.78898,100
cond_win_bpc_comments,1786062294778,29.7264,2.79604,100
cond_win_bpc_comments,1786062296372,29.7269,2.79457,100
cond_win_bpc_comments,1786062297956,29.7273,2.79533,100
cond_win_bpc_comments,1786062299520,29.7278,2.79253,100
cond_win_bpc_comments,1786062301074,29.7282,2.79215,100
cond_win_bpc_comments,1786062302660,29.7286,2.79212,100
cond_win_bpc_comments,1786062304264,29.7291,2.79038,100
cond_win_bpc_comments,1786062334119,29.7374,2.77388,100
cond_win_bpc_comments,1786062452834,29.7704,2.77355,100
cond_win_bpc_comments,1786062642621,29.8231,2.77157,100
cond_win_bpc_comments,1786062709800,29.8417,2.77307,100
cond_win_bpc_comments,1786062788588,29.8636,2.76986,100
cond_win_bpc_comments,1786062832084,29.8757,2.76989,100
cond_win_bpc_comments,1786062916623,29.8992,2.76816,100
cond_win_bpc_comments,1786062975503,29.9155,2.76705,100
cond_win_bpc_comments,1786063202666,29.9786,2.76668,100
cond_win_bpc_comments,1786063258449,29.9941,2.76778,100
cond_win_bpc_comments,1786063263013,29.9954,2.76781,100
cond_win_bpc_comments,1786063270834,29.9976,2.76757,100
cond_win_bpc_comments,1786063274512,29.9986,2.76624,100
cond_win_bpc_comments,1786063340858,30.017,2.7687,100
cond_win_bpc_comments,1786063348256,30.0191,2.76777,100
cond_win_bpc_comments,1786063398287,30.033,2.76209,100
cond_win_bpc_comments,1786063753134,30.1315,2.76387,100
cond_win_bpc_comments,1786063759615,30.1333,2.75572,100
cond_win_bpc_comments,1786063883943,30.1679,2.74939,100
cond_win_bpc_comments,1786064265445,30.2739,2.74843,100
cond_win_bpc_comments,1786064286748,30.2798,2.74865,100
cond_win_bpc_comments,1786064327635,30.2911,2.74859,100
cond_win_bpc_comments,1786064337388,30.2938,2.7478,100
cond_win_bpc_comments,1786064344011,30.2957,2.74739,100
cond_win_bpc_comments,1786064351861,30.2979,2.7492,100
cond_win_bpc_comments,1786064376550,30.3047,2.74569,100
cond_win_bpc_comments,1786064386908,30.3076,2.72723,100
cond_win_bpc_comments,1786064536271,30.3491,2.73045,100
cond_win_bpc_comments,1786064642159,30.3785,2.73034,100
cond_win_bpc_comments,1786064659456,30.3833,2.72427,100
cond_win_bpc_comments,1786064669056,30.386,2.72362,100
cond_win_bpc_comments,1786064669121,30.386,2.71711,100
cond_win_bpc_comments,1786064670097,30.3863,2.7056,100
cond_win_bpc_comments,1786064823381,30.4288,2.70381,100
cond_win_bpc_comments,1786064968556,30.4692,2.70523,100
cond_win_bpc_comments,1786064971813,30.4701,2.70808,100
cond_win_bpc_comments,1786064986498,30.4741,2.70659,100
cond_win_bpc_comments,1786065056336,30.4935,2.70362,100
cond_win_bpc_comments,1786065064636,30.4959,2.70075,100
cond_win_bpc_comments,1786065119094,30.511,2.69687,100
cond_win_bpc_comments,1786065142586,30.5175,2.69208,100
cond_win_bpc_comments,1786065145456,30.5183,2.6956,100
cond_win_bpc_comments,1786065146621,30.5186,2.69545,100
cond_win_bpc_comments,1786065175263,30.5266,2.70349,100
cond_win_bpc_comments,1786065191185,30.531,2.70626,100
cond_win_bpc_comments,1786065206033,30.5351,2.69777,100
cond_win_bpc_comments,1786065359120,30.5777,2.6979,100
cond_win_bpc_comments,1786065480138,30.6113,2.69609,100
cond_win_bpc_comments,1786065485909,30.6129,2.69518,100
cond_win_bpc_comments,1786065518364,30.6219,2.68912,100
cond_win_bpc_comments,1786065528377,30.6247,2.68569,100
cond_win_bpc_comments,1786065610262,30.6474,2.67445,100
cond_win_bpc_comments,1786065610451,30.6475,2.6618,100
cond_win_bpc_comments,1786065610714,30.6475,2.65393,100
cond_win_bpc_comments,1786065673388,30.6649,2.64908,100
cond_win_bpc_comments,1786065674015,30.6651,2.64451,100
cond_win_bpc_comments,1786065675781,30.6656,2.64517,100
cond_win_bpc_comments,1786065829889,30.7084,2.64613,100
cond_win_bpc_comments,1786065841976,30.7118,2.64295,100
cond_win_bpc_comments,1786065852044,30.7146,2.64444,100
cond_win_bpc_comments,1786065927593,30.7356,2.64342,100
cond_win_bpc_comments,1786066058443,30.7719,2.64093,100
cond_win_bpc_comments,1786066149812,30.7973,2.63874,100
cond_win_bpc_comments,1786066230195,30.8196,2.64119,100
cond_win_bpc_comments,1786066230813,30.8198,2.64106,100
cond_win_bpc_comments,1786066231430,30.82,2.64228,100
cond_win_bpc_comments,1786066232051,30.8201,2.64189,100
cond_win_bpc_comments,1786066391148,30.8643,2.63506,100
cond_win_bpc_comments,1786066515662,30.8989,2.6332,100
cond_win_bpc_comments,1786066576807,30.9159,2.62663,100
cond_win_bpc_comments,1786066637762,30.9328,2.62775,100
cond_win_bpc_comments,1786066644440,30.9347,2.62014,100
cond_win_bpc_comments,1786066732399,30.9591,2.62112,100
cond_win_bpc_comments,1786066908371,31.008,2.62273,100
cond_win_bpc_comments,1786066908888,31.0081,2.62321,100
cond_win_bpc_comments,1786066909382,31.0083,2.6263,100
cond_win_bpc_comments,1786066909776,31.0084,2.62175,100
cond_win_bpc_comments,1786066910152,31.0085,2.61711,100
cond_win_bpc_comments,1786066923431,31.0122,2.61436,100
cond_win_bpc_comments,1786067184741,31.0848,2.62653,100
cond_win_bpc_comments,1786067185236,31.0849,2.63319,100
cond_win_bpc_comments,1786067205079,31.0904,2.6314,100
cond_win_bpc_comments,1786067272707,31.1092,2.64841,100
cond_win_bpc_comments,1786067279532,31.1111,2.65307,100
cond_win_bpc_comments,1786067285885,31.1129,2.65898,100
cond_win_bpc_comments,1786067305173,31.1182,2.65737,100
cond_win_bpc_comments,1786067449929,31.1584,2.65449,100
cond_win_bpc_comments,1786067566211,31.1907,2.65103,100
cond_win_bpc_comments,1786067606792,31.202,2.64921,100
cond_win_bpc_comments,1786067702913,31.2287,2.64197,100
cond_win_bpc_comments,1786067707357,31.2299,2.64531,100
cond_win_bpc_comments,1786067750523,31.2419,2.63929,100
cond_win_bpc_comments,1786067773977,31.2484,2.62858,100
cond_win_bpc_comments,1786067921551,31.2894,2.63215,100
cond_win_bpc_comments,1786068016916,31.3159,2.63609,100
cond_win_bpc_comments,1786068168374,31.358,2.63778,100
cond_win_bpc_comments,1786068169587,31.3583,2.64116,100
cond_win_bpc_comments,1786068170745,31.3587,2.64112,100
cond_win_bpc_comments,1786068217010,31.3715,2.63696,100
cond_win_bpc_comments,1786068357155,31.4104,2.63693,100
cond_win_bpc_comments,1786068426902,31.4298,2.63932,100
cond_win_bpc_comments,1786068498777,31.4498,2.63616,100
cond_win_bpc_comments,1786068513801,31.454,2.6276,100
cond_win_bpc_comments,1786068540119,31.4613,2.62114,100
cond_win_bpc_comments,1786068568219,31.4691,2.61449,100
cond_win_bpc_comments,1786068654967,31.4932,2.60878,100
cond_win_bpc_comments,1786068659900,31.4945,2.60519,100
cond_win_bpc_comments,1786068666741,31.4964,2.60319,100
cond_win_bpc_comments,1786068673384,31.4983,2.60241,100
cond_win_bpc_comments,1786068730082,31.514,2.59212,100
cond_win_bpc_comments,1786068839005,31.5443,2.58666,100
cond_win_bpc_comments,1786068928719,31.5692,2.58538,100
cond_win_bpc_comments,1786068928891,31.5693,2.58329,100
cond_win_bpc_comments,1786068929058,31.5693,2.58002,100
cond_win_bpc_comments,1786068950012,31.5751,2.57737,100
cond_win_bpc_comments,1786068950184,31.5752,2.57745,100
cond_win_bpc_comments,1786068950356,31.5752,2.57461,100
cond_win_bpc_comments,1786068963974,31.579,2.57575,100
cond_win_bpc_comments,1786068964143,31.579,2.57836,100
cond_win_bpc_comments,1786068964311,31.5791,2.57626,100
cond_win_bpc_comments,1786068978104,31.5829,2.57347,100
cond_win_bpc_comments,1786068978266,31.583,2.56934,100
cond_win_bpc_comments,1786068978435,31.583,2.56741,100
cond_win_bpc_comments,1786068978614,31.5831,2.5657,100
cond_win_bpc_comments,1786068982052,31.584,2.55741,100
cond_win_bpc_comments,1786069017771,31.5939,2.55761,100
cond_win_bpc_comments,1786069017941,31.594,2.56721,100
cond_win_bpc_comments,1786069018105,31.594,2.56404,100
cond_win_bpc_comments,1786069018271,31.5941,2.56122,100
cond_win_bpc_comments,1786069117199,31.6216,2.54942,100
cond_win_bpc_comments,1786069119902,31.6223,2.5534,100
cond_win_bpc_comments,1786069120473,31.6225,2.55229,100
cond_win_bpc_comments,1786069215176,31.6488,2.5518,100
cond_win_bpc_comments,1786069360702,31.6892,2.55124,100
cond_win_bpc_comments,1786069407634,31.7022,2.55146,100
cond_win_bpc_comments,1786069611746,31.7589,2.5464,100
cond_win_bpc_comments,1786069781844,31.8062,2.54536,100
cond_win_bpc_comments,1786069858955,31.8276,2.54432,100
cond_win_bpc_comments,1786069917534,31.8439,2.54431,100
cond_win_bpc_comments,1786069937975,31.8496,2.54396,100
cond_win_bpc_comments,1786069950188,31.8529,2.546,100
cond_win_bpc_comments,1786069953287,31.8538,2.5451,100
cond_win_bpc_comments,1786069959334,31.8555,2.54438,100
cond_win_bpc_comments,1786069969637,31.8584,2.5416,100
cond_win_bpc_comments,1786069981203,31.8616,2.54375,100
cond_win_bpc_comments,1786069993256,31.8649,2.54862,100
cond_win_bpc_comments,1786070001347,31.8672,2.54696,100
cond_win_bpc_comments,1786070015362,31.8711,2.54754,100
cond_win_bpc_comments,1786070137035,31.9049,2.54697,100
cond_win_bpc_comments,1786070213960,31.9262,2.54943,100
cond_win_bpc_comments,1786070214593,31.9264,2.552,100
cond_win_bpc_comments,1786070215179,31.9266,2.54847,100
cond_win_bpc_comments,1786070215755,31.9267,2.54617,100
cond_win_bpc_comments,1786070329813,31.9584,2.55134,100
cond_win_bpc_comments,1786070377281,31.9716,2.55392,100
cond_win_bpc_comments,1786070456865,31.9937,2.5539,100
cond_win_bpc_comments,1786070757407,32.0772,2.55765,100
cond_win_bpc_comments,1786070763811,32.079,2.55736,100
cond_win_bpc_comments,1786070803033,32.0899,2.55952,100
cond_win_bpc_comments,1786070949220,32.1305,2.55937,100
cond_win_bpc_comments,1786070949928,32.1307,2.5589,100
cond_win_bpc_comments,1786071246134,32.2129,2.56193,100
cond_win_bpc_comments,1786071402135,32.2563,2.56303,100
cond_win_bpc_comments,1786071849606,32.3806,2.56209,100
cond_win_bpc_comments,1786071850107,32.3807,2.56132,100
cond_win_bpc_comments,1786071850541,32.3808,2.56036,100
cond_win_bpc_comments,1786071850972,32.3809,2.55928,100
cond_win_bpc_comments,1786071851456,32.3811,2.56269,100
cond_win_bpc_comments,1786071851923,32.3812,2.56172,100
cond_win_bpc_comments,1786071852351,32.3813,2.56598,100
cond_win_bpc_comments,1786071852820,32.3815,2.56581,100
cond_win_bpc_comments,1786071853278,32.3816,2.56966,100
cond_win_bpc_comments,1786071853300,32.3816,2.56987,100
cond_win_bpc_comments,1786071853720,32.3817,2.56993,100
cond_win_bpc_comments,1786072091960,32.4479,2.56888,100
cond_win_bpc_comments,1786072239745,32.4889,2.56496,100
cond_win_bpc_comments,1786072240515,32.4892,2.56767,100
cond_win_bpc_comments,1786072241233,32.4894,2.56802,100
cond_win_bpc_comments,1786072323292,32.5121,2.56857,100
cond_win_bpc_comments,1786072324245,32.5124,2.56752,100
cond_win_bpc_comments,1786072333721,32.515,2.56685,100
cond_win_bpc_comments,1786072334117,32.5152,2.57202,100
cond_win_bpc_comments,1786072334498,32.5153,2.57315,100
cond_win_bpc_comments,1786072334899,32.5154,2.5756,100
cond_win_bpc_comments,1786072335289,32.5155,2.57477,100
cond_win_bpc_comments,1786072365838,32.524,2.57599,100
cond_win_bpc_comments,1786072366053,32.524,2.58378,100
cond_win_bpc_comments,1786072366269,32.5241,2.58742,100
cond_win_bpc_comments,1786072366492,32.5241,2.58965,100
cond_win_bpc_comments,1786072366701,32.5242,2.59388,100
cond_win_bpc_comments,1786072400657,32.5336,2.59104,100
cond_win_bpc_comments,1786072410513,32.5364,2.59442,100
cond_win_bpc_comments,1786072454386,32.5486,2.60438,100
cond_win_bpc_comments,1786072455319,32.5488,2.60107,100
cond_win_bpc_comments,1786072547559,32.5744,2.5993,100
cond_win_bpc_comments,1786072548244,32.5746,2.59792,100
cond_win_bpc_comments,1786072548906,32.5748,2.59787,100
cond_win_bpc_comments,1786072549580,32.575,2.59787,100
cond_win_bpc_comments,1786072656385,32.6047,2.59943,100
cond_win_bpc_comments,1786072656785,32.6048,2.5968,100
cond_win_bpc_comments,1786072691018,32.6143,2.6004,100
cond_win_bpc_comments,1786072989164,32.6971,2.60206,100
cond_win_bpc_comments,1786072989409,32.6972,2.60843,100
cond_win_bpc_comments,1786072989619,32.6972,2.6137,100
cond_win_bpc_comments,1786072989811,32.6973,2.61676,100
cond_win_bpc_comments,1786072990282,32.6974,2.61829,100
cond_win_bpc_comments,1786073180774,32.7503,2.62058,100
cond_win_bpc_comments,1786073181710,32.7506,2.62056,100
cond_win_bpc_comments,1786073182639,32.7509,2.61855,100
cond_win_bpc_comments,1786073183572,32.7511,2.63084,100
cond_win_bpc_comments,1786073184502,32.7514,2.63592,100
cond_win_bpc_comments,1786073221268,32.7616,2.63833,100
cond_win_bpc_comments,1786073226264,32.763,2.64799,100
cond_win_bpc_comments,1786073316861,32.7881,2.65188,100
cond_win_bpc_comments,1786073326335,32.7908,2.65785,100
cond_win_bpc_comments,1786073335015,32.7932,2.66192,100
cond_win_bpc_comments,1786073448848,32.8248,2.66391,100
cond_win_bpc_comments,1786073457903,32.8273,2.66609,100
cond_win_bpc_comments,1786073662436,32.8841,2.65686,100
cond_win_bpc_comments,1786073691835,32.8923,2.64461,100
cond_win_bpc_comments,1786073721159,32.9004,2.63833,100
cond_win_bpc_comments,1786073728689,32.9025,2.63874,100
cond_win_bpc_comments,1786073765068,32.9126,2.62664,100
cond_win_bpc_comments,1786073855085,32.9376,2.61876,100
cond_win_bpc_comments,1786073894105,32.9485,2.62481,100
cond_win_bpc_comments,1786073913351,32.9538,2.61897,100
cond_win_bpc_comments,1786073928539,32.958,2.61844,100
cond_win_bpc_comments,1786073980678,32.9725,2.60402,100
cond_win_bpc_comments,1786073984831,32.9737,2.59579,100
cond_win_bpc_comments,1786074041396,32.9894,2.60828,100
cond_win_bpc_comments,1786074049745,32.9917,2.59629,100
cond_win_bpc_comments,1786074115245,33.0099,2.59667,100
cond_win_bpc_comments,1786074137703,33.0161,2.59347,100
cond_win_bpc_comments,1786074220192,33.0391,2.58395,100
cond_win_bpc_comments,1786074270991,33.0532,2.58101,100
cond_win_bpc_comments,1786074281073,33.056,2.58164,100
cond_win_bpc_comments,1786074293392,33.0594,2.57356,100
cond_win_bpc_comments,1786074362652,33.0786,2.57117,100
cond_win_bpc_comments,1786074378982,33.0832,2.57089,100
cond_win_bpc_comments,1786074495261,33.1155,2.57524,100
cond_win_bpc_comments,1786074521699,33.1228,2.57039,100
cond_win_bpc_comments,1786074538768,33.1276,2.56571,100
cond_win_bpc_comments,1786074958477,33.2441,2.56396,100
cond_win_bpc_comments,1786075138609,33.2942,2.56561,100
cond_win_bpc_comments,1786075150581,33.2975,2.56334,100
cond_win_bpc_comments,1786075194071,33.3096,2.56311,100
cond_win_bpc_comments,1786075236339,33.3213,2.56211,100
cond_win_bpc_comments,1786075249405,33.325,2.56118,100
cond_win_bpc_comments,1786075272110,33.3313,2.5606,100
cond_win_bpc_comments,1786075272284,33.3313,2.56042,100
cond_win_bpc_comments,1786075482906,33.3898,2.56082,100
cond_win_bpc_comments,1786075800432,33.478,2.56923,100
cond_win_bpc_comments,1786076209032,33.5915,2.57546,100
cond_win_bpc_comments,1786076209455,33.5916,2.57607,100
cond_win_bpc_comments,1786076317917,33.6218,2.57372,100
cond_win_bpc_comments,1786076835576,33.7656,2.57518,100
cond_win_bpc_comments,1786077033196,33.8205,2.57467,100
cond_win_bpc_comments,1786077173721,33.8595,2.57708,100
cond_win_bpc_comments,1786077174780,33.8598,2.57762,100
cond_win_bpc_comments,1786077223762,33.8734,2.57504,100
cond_win_bpc_comments,1786077583935,33.9734,2.57192,100
cond_win_bpc_comments,1786077618884,33.9831,2.5658,100
cond_win_bpc_comments,1786077865545,34.0517,2.56121,100
cond_win_bpc_comments,1786077938738,34.072,2.55984,100
cond_win_bpc_comments,1786078170129,34.1363,2.55994,100
cond_win_bpc_comments,1786078190172,34.1418,2.55983,100
cond_win_bpc_comments,1786078191397,34.1422,2.56007,100
cond_win_bpc_comments,1786078444917,34.2126,2.5615,100
cond_win_bpc_comments,1786078610784,34.2587,2.56441,100
cond_win_bpc_comments,1786078880143,34.3335,2.57163,100
cond_win_bpc_comments,1786078933115,34.3482,2.57319,100
cond_win_bpc_comments,1786079867719,34.6078,2.57077,100
cond_win_bpc_comments,1786080048862,34.6581,2.57179,100
cond_win_bpc_comments,1786080049170,34.6582,2.57325,100
cond_win_bpc_comments,1786080049471,34.6583,2.5757,100
cond_win_bpc_comments,1786080429582,34.7639,2.58177,100
cond_win_bpc_comments,1786080633926,34.8207,2.57941,100
cond_win_bpc_comments,1786080770276,34.8585,2.58038,100
cond_win_bpc_comments,1786080770570,34.8586,2.5814,100
cond_win_bpc_comments,1786081389068,35.0304,2.58218,100
cond_win_bpc_comments,1786081391360,35.0311,2.57925,100
cond_win_bpc_comments,1786081393727,35.0317,2.57966,100
cond_win_bpc_comments,1786081569593,35.0806,2.58332,100
cond_win_bpc_comments,1786081636560,35.0992,2.58616,100
cond_win_bpc_comments,1786081636972,35.0993,2.58613,100
cond_win_bpc_comments,1786081637467,35.0994,2.5855,100
cond_win_bpc_comments,1786081642092,35.1007,2.5825,100
cond_win_bpc_comments,1786081837280,35.1549,2.58237,100
cond_win_bpc_comments,1786081903028,35.1732,2.58051,100
cond_win_bpc_comments,1786082208902,35.2581,2.57953,100
cond_win_bpc_comments,1786082209403,35.2583,2.57995,100
cond_win_bpc_comments,1786082490653,35.3364,2.58293,100
cond_win_bpc_comments,1786082661343,35.3838,2.58394,100
cond_win_bpc_comments,1786082675622,35.3878,2.58311,100
cond_win_bpc_comments,1786082961463,35.4672,2.58019,100
cond_win_bpc_comments,1786083044505,35.4903,2.57885,100
cond_win_bpc_comments,1786083347745,35.5745,2.57877,100
cond_win_bpc_comments,1786083372295,35.5813,2.57352,100
cond_win_bpc_comments,1786083704160,35.6735,2.57338,100
cond_win_bpc_comments,1786084033643,35.765,2.5791,100
cond_win_bpc_comments,1786084285608,35.835,2.58073,100
cond_win_bpc_comments,1786084376743,35.8603,2.58295,100
cond_win_bpc_comments,1786084394588,35.8653,2.58228,100
cond_win_bpc_comments,1786084419120,35.8721,2.58217,100
cond_win_bpc_comments,1786084537855,35.9051,2.58211,100
cond_win_bpc_comments,1786084539143,35.9054,2.58312,100
cond_win_bpc_comments,1786084540386,35.9058,2.58443,100
cond_win_bpc_comments,1786084727401,35.9577,2.5861,100
cond_win_bpc_comments,1786084764259,35.968,2.58838,100
cond_win_bpc_comments,1786084764734,35.9681,2.58951,100
cond_win_bpc_comments,1786084765332,35.9683,2.58906,100
cond_win_bpc_comments,1786084801696,35.9784,2.58863,100
cond_win_bpc_comments,1786084804029,35.979,2.58302,100
cond_win_bpc_comments,1786084806393,35.9797,2.58221,100
cond_win_bpc_comments,1786084808751,35.9803,2.5794,100
cond_win_bpc_comments,1786084846240,35.9907,2.5794,100
cond_win_bpc_comments,1786084865638,35.9961,2.58305,100
cond_win_bpc_comments,1786084866097,35.9963,2.5846,100
cond_win_bpc_comments,1786085178829,36.0831,2.58751,100
cond_win_bpc_comments,1786085564082,36.1901,2.59548,100
cond_win_bpc_comments,1786086104955,36.3404,2.60068,100
cond_win_bpc_comments,1786086186931,36.3632,2.59829,100
cond_win_bpc_comments,1786086258627,36.3831,2.60639,100
cond_win_bpc_comments,1786086801292,36.5338,2.61334,100
cond_win_bpc_comments,1786086803360,36.5344,2.61032,100
cond_win_bpc_comments,1786087287826,36.669,2.61683,100
cond_win_bpc_comments,1786087294617,36.6708,2.61889,100
cond_win_bpc_comments,1786087348239,36.6857,2.62901,100
cond_win_bpc_comments,1786087353168,36.6871,2.6362,100
cond_win_bpc_comments,1786087505241,36.7294,2.63544,100
cond_win_bpc_comments,1786087597463,36.755,2.64096,100
cond_win_bpc_comments,1786087598248,36.7552,2.63972,100
cond_win_bpc_comments,1786087599108,36.7554,2.64529,100
cond_win_bpc_comments,1786087653573,36.7706,2.65347,100
cond_win_bpc_comments,1786087658685,36.772,2.65502,100
cond_win_bpc_comments,1786087718644,36.7886,2.65844,100
cond_win_bpc_comments,1786087761199,36.8005,2.66749,100
cond_win_bpc_comments,1786087781504,36.8061,2.67121,100
cond_win_bpc_comments,1786087812195,36.8146,2.67412,100
cond_win_bpc_comments,1786087824153,36.8179,2.67335,100
cond_win_bpc_comments,1786087836300,36.8213,2.67728,100
cond_win_bpc_comments,1786087847420,36.8244,2.68033,100
cond_win_bpc_comments,1786088040719,36.8781,2.68108,100
cond_win_bpc_comments,1786088041864,36.8784,2.67667,100
cond_win_bpc_comments,1786088043071,36.8788,2.67604,100
cond_win_bpc_comments,1786088407407,36.98,2.67569,100
cond_win_bpc_comments,1786088409778,36.9806,2.67824,100
cond_win_bpc_comments,1786088573427,37.0261,2.67884,100
cond_win_bpc_comments,1786088600856,37.0337,2.68063,100
cond_win_bpc_comments,1786088908261,37.1191,2.68049,100
cond_win_bpc_comments,1786089122658,37.1786,2.67709,100
cond_win_bpc_comments,1786089140272,37.1835,2.67369,100
cond_win_bpc_comments,1786089202135,37.2007,2.67431,100
cond_win_bpc_comments,1786089352709,37.2425,2.67491,100
cond_win_bpc_comments,1786089421931,37.2618,2.67308,100
cond_win_bpc_comments,1786089532179,37.2924,2.67223,100
cond_win_bpc_comments,1786089573479,37.3039,2.67479,100
cond_win_bpc_comments,1786090355983,37.5212,2.67228,100
cond_win_bpc_comments,1786090421891,37.5395,2.67172,100
cond_win_bpc_comments,1786090450001,37.5473,2.67444,100
cond_win_bpc_comments,1786090478220,37.5552,2.67926,100
cond_win_bpc_comments,1786090517375,37.5661,2.68627,100
cond_win_bpc_comments,1786090528364,37.5691,2.69539,100
cond_win_bpc_comments,1786090541500,37.5728,2.69795,100
cond_win_bpc_comments,1786090560460,37.578,2.6973,100
cond_win_bpc_comments,1786090736018,37.6268,2.69746,100
cond_win_bpc_comments,1786090756725,37.6325,2.69498,100
cond_win_bpc_comments,1786090826056,37.6518,2.68451,100
cond_win_bpc_comments,1786090859945,37.6612,2.6813,100
cond_win_bpc_comments,1786090907716,37.6745,2.6765,100
cond_win_bpc_comments,1786090923961,37.679,2.67533,100
cond_win_bpc_comments,1786091211894,37.759,2.67471,100
cond_win_bpc_comments,1786091221447,37.7616,2.67204,100
cond_win_bpc_comments,1786091222990,37.7621,2.66412,100
cond_win_bpc_comments,1786091223473,37.7622,2.65492,100
cond_win_bpc_comments,1786091230422,37.7641,2.65303,100
cond_win_bpc_comments,1786091269131,37.7749,2.65162,100
cond_win_bpc_comments,1786091294900,37.782,2.6463,100
cond_win_bpc_comments,1786091307437,37.7855,2.64511,100
cond_win_bpc_comments,1786091368816,37.8026,2.64127,100
cond_win_bpc_comments,1786091459392,37.8277,2.64415,100
cond_win_bpc_comments,1786091474517,37.8319,2.64358,100
cond_win_bpc_comments,1786091479250,37.8332,2.64077,100
cond_win_bpc_comments,1786091485438,37.835,2.63411,100
cond_win_bpc_comments,1786091487337,37.8355,2.63155,100
cond_win_bpc_comments,1786091540103,37.8501,2.62338,100
cond_win_bpc_comments,1786091557506,37.855,2.62405,100
cond_win_bpc_comments,1786091583601,37.8622,2.62063,100
cond_win_bpc_comments,1786091627950,37.8745,2.62095,100
cond_win_bpc_comments,1786091657484,37.8828,2.61896,100
cond_win_bpc_comments,1786091672570,37.8869,2.61649,100
cond_win_bpc_comments,1786092944643,38.2403,2.61592,100
cond_win_bpc_comments,1786092945870,38.2406,2.61494,100
cond_win_bpc_comments,1786092947088,38.241,2.61761,100
cond_win_bpc_comments,1786093593477,38.4205,2.6208,100
cond_win_bpc_comments,1786093599433,38.4222,2.62396,100
cond_win_bpc_comments,1786093606025,38.424,2.62368,100
cond_win_bpc_comments,1786093680684,38.4448,2.63103,100
cond_win_bpc_comments,1786094959915,38.8001,2.63401,100
cond_win_bpc_comments,1786095039136,38.8221,2.627,100
cond_win_bpc_comments,1786095227892,38.8745,2.62349,100
cond_win_bpc_comments,1786095311697,38.8978,2.62301,100
cond_win_bpc_comments,1786095312088,38.8979,2.62758,100
cond_win_bpc_comments,1786095404048,38.9235,2.62459,100
cond_win_bpc_comments,1786095604469,38.9791,2.62571,100
cond_win_bpc_comments,1786096304672,39.1736,2.6265,100
cond_win_bpc_comments,1786096403696,39.2011,2.62608,100
cond_win_bpc_comments,1786096930302,39.3474,2.6258,100
cond_win_bpc_comments,1786097226474,39.4297,2.62319,100
cond_win_bpc_comments,1786097258787,39.4387,2.62292,100
cond_win_bpc_comments,1786097438987,39.4887,2.62462,100
cond_win_bpc_comments,1786097441623,39.4895,2.62562,100
cond_win_bpc_comments,1786097442943,39.4898,2.62728,100
cond_win_bpc_comments,1786097444269,39.4902,2.62784,100
cond_win_bpc_comments,1786097445648,39.4906,2.63054,100
cond_win_bpc_comments,1786097449667,39.4917,2.62902,100
cond_win_bpc_comments,1786097707046,39.5632,2.62632,100
cond_win_bpc_comments,1786097728413,39.5691,2.62334,100
cond_win_bpc_comments,1786097959297,39.6333,2.62445,100
cond_win_bpc_comments,1786098185052,39.696,2.62406,100
cond_win_bpc_comments,1786098630087,39.8196,2.62168,100
cond_win_bpc_comments,1786098645720,39.8239,2.62438,100
cond_win_bpc_comments,1786098749003,39.8526,2.62316,100
cond_win_bpc_comments,1786099207488,39.98,2.62211,100
cond_win_bpc_comments,1786099267205,39.9966,2.62725,100
cond_win_bpc_comments,1786099398842,40.0331,2.6255,100
cond_win_bpc_comments,1786099924520,40.1792,2.62455,100
cond_win_bpc_comments,1786100764434,40.4125,2.62493,100
cond_win_bpc_comments,1786100909127,40.4527,2.62831,100
cond_win_bpc_comments,1786100963072,40.4676,2.6288,100
cond_win_bpc_comments,1786101043796,40.4901,2.62795,100
cond_win_bpc_comments,1786102198763,40.8109,2.63369,100
cond_win_bpc_comments,1786102474308,40.8874,2.63729,100
cond_win_bpc_comments,1786102677406,40.9438,2.63943,100
cond_win_bpc_comments,1786102810686,40.9809,2.63754,100
cond_win_bpc_comments,1786102863770,40.9956,2.63949,100
cond_win_bpc_comments,1786102872448,40.998,2.64141,100
cond_win_bpc_comments,1786102943161,41.0177,2.64411,100
cond_win_bpc_comments,1786103178395,41.083,2.63342,100
cond_win_bpc_comments,1786103365804,41.1351,2.62392,100
cond_win_bpc_comments,1786103570340,41.1919,2.62358,100
cond_win_bpc_comments,1786103901746,41.2839,2.62525,100
cond_win_bpc_comments,1786104172385,41.3591,2.62499,100
cond_win_bpc_comments,1786104179227,41.361,2.62753,100
cond_win_bpc_comments,1786104186422,41.363,2.63086,100
cond_win_bpc_comments,1786104190692,41.3642,2.63204,100
cond_win_bpc_comments,1786104206966,41.3687,2.63129,100
cond_win_bpc_comments,1786104676382,41.4991,2.63511,100
cond_win_bpc_comments,1786104677271,41.4994,2.63464,100
cond_win_bpc_comments,1786104759102,41.5221,2.63595,100
cond_win_bpc_comments,1786104846153,41.5463,2.64093,100
cond_win_bpc_comments,1786104846330,41.5463,2.64448,100
cond_win_bpc_comments,1786104846503,41.5464,2.64857,100
cond_win_bpc_comments,1786104944191,41.5735,2.64989,100
cond_win_bpc_comments,1786104944614,41.5736,2.65183,100
cond_win_bpc_comments,1786104945012,41.5737,2.64901,100
cond_win_bpc_comments,1786104945444,41.5739,2.64637,100
cond_win_bpc_comments,1786105216345,41.6491,2.64848,100
cond_win_bpc_comments,1786105758871,41.7998,2.65344,100
cond_win_bpc_comments,1786105792952,41.8093,2.6498,100
cond_win_bpc_comments,1786106291442,41.9477,2.64874,100
cond_win_bpc_comments,1786106319090,41.9554,2.64794,100
cond_win_bpc_comments,1786106409482,41.9805,2.64662,100
cond_win_bpc_comments,1786106441306,41.9894,2.64607,100
cond_win_bpc_comments,1786106603026,42.0343,2.6489,100
cond_win_bpc_comments,1786106603319,42.0344,2.64961,100
cond_win_bpc_comments,1786106603595,42.0345,2.65408,100
cond_win_bpc_comments,1786106603878,42.0345,2.66569,100
cond_win_bpc_comments,1786106706663,42.0631,2.66675,100
cond_win_bpc_comments,1786106707568,42.0633,2.66343,100
cond_win_bpc_comments,1786106852793,42.1037,2.65223,100
cond_win_bpc_comments,1786106872492,42.1091,2.64994,100
cond_win_bpc_comments,1786106954097,42.1318,2.64868,100
cond_win_bpc_comments,1786107026491,42.1519,2.6554,100
cond_win_bpc_comments,1786107052344,42.1591,2.66432,100
cond_win_bpc_comments,1786107122639,42.1786,2.66512,100
cond_win_bpc_comments,1786107234405,42.2097,2.66972,100
cond_win_bpc_comments,1786107286571,42.2242,2.67978,100
cond_win_bpc_comments,1786107319003,42.2332,2.67972,100
cond_win_bpc_comments,1786107393565,42.2539,2.67617,100
cond_win_bpc_comments,1786107469259,42.2749,2.66759,100
cond_win_bpc_comments,1786107516882,42.2881,2.67185,100
cond_win_bpc_comments,1786107546607,42.2964,2.67205,100
cond_win_bpc_comments,1786107562649,42.3009,2.67938,100
cond_win_bpc_comments,1786107565593,42.3017,2.6827,100
cond_win_bpc_comments,1786107573743,42.3039,2.69697,100
cond_win_bpc_comments,1786107574389,42.3041,2.7013,100
cond_win_bpc_comments,1786107580591,42.3058,2.7077,100
cond_win_bpc_comments,1786107590594,42.3086,2.71314,100
cond_win_bpc_comments,1786107678621,42.3331,2.72009,100
cond_win_bpc_comments,1786107836567,42.3769,2.72506,100
cond_win_bpc_comments,1786107858551,42.3831,2.72364,100
cond_win_bpc_comments,1786108076343,42.4435,2.72024,100
cond_win_bpc_comments,1786108092079,42.4479,2.71811,100
cond_win_bpc_comments,1786108192209,42.4757,2.71943,100
cond_win_bpc_comments,1786108296605,42.5047,2.71838,100
cond_win_bpc_comments,1786108711115,42.6199,2.71721,100
cond_win_bpc_comments,1786109109875,42.7306,2.71916,100
cond_win_bpc_comments,1786109115736,42.7323,2.72104,100
cond_win_bpc_comments,1786109119607,42.7333,2.72853,100
cond_win_bpc_comments,1786109123352,42.7344,2.73783,100
cond_win_bpc_comments,1786109138442,42.7386,2.73918,100
cond_win_bpc_comments,1786109143236,42.7399,2.73622,100
cond_win_bpc_comments,1786109150289,42.7419,2.74462,100
cond_win_bpc_comments,1786109154400,42.743,2.747,100
cond_win_bpc_comments,1786109195809,42.7545,2.75023,100
cond_win_bpc_comments,1786109197071,42.7549,2.75348,100
cond_win_bpc_comments,1786109197343,42.7549,2.75114,100
cond_win_bpc_comments,1786109259638,42.7722,2.75411,100
cond_win_bpc_comments,1786109300071,42.7835,2.7531,100
cond_win_bpc_comments,1786109400350,42.8113,2.74796,100
cond_win_bpc_comments,1786109540326,42.8502,2.73559,100
cond_win_bpc_comments,1786109541095,42.8504,2.73481,100
cond_win_bpc_comments,1786109541943,42.8507,2.72745,100
cond_win_bpc_comments,1786109695812,42.8934,2.72599,100
cond_win_bpc_comments,1786109840361,42.9336,2.72746,100
cond_win_bpc_comments,1786109841235,42.9338,2.72658,100
cond_win_bpc_comments,1786109842184,42.9341,2.72468,100
cond_win_bpc_comments,1786109950491,42.9641,2.71437,100
cond_win_bpc_comments,1786110052161,42.9924,2.71907,100
cond_win_bpc_comments,1786110133828,43.0151,2.72672,100
cond_win_bpc_comments,1786110218949,43.0387,2.73611,100
cond_win_bpc_comments,1786110247996,43.0468,2.74427,100
cond_win_bpc_comments,1786110248526,43.0469,2.74642,100
cond_win_bpc_comments,1786110249048,43.0471,2.74891,100
cond_win_bpc_comments,1786110249615,43.0472,2.7523,100
cond_win_bpc_comments,1786110383625,43.0845,2.75384,100
cond_win_bpc_comments,1786110384180,43.0846,2.75843,100
cond_win_bpc_comments,1786110384718,43.0848,2.75619,100
cond_win_bpc_comments,1786110385234,43.0849,2.75787,100
cond_win_bpc_comments,1786110385805,43.0851,2.76265,100
cond_win_bpc_comments,1786110386335,43.0852,2.76779,100
cond_win_bpc_comments,1786110386888,43.0854,2.77593,100
cond_win_bpc_comments,1786110387432,43.0855,2.77461,100
cond_win_bpc_comments,1786110387963,43.0857,2.78439,100
cond_win_bpc_comments,1786110525301,43.1238,2.78179,100
cond_win_bpc_comments,1786110525613,43.1239,2.78059,100
cond_win_bpc_comments,1786110545600,43.1295,2.7776,100
cond_win_bpc_comments,1786110660206,43.1613,2.7971,100
cond_win_bpc_comments,1786110660500,43.1614,2.82132,100
cond_win_bpc_comments,1786110660818,43.1615,2.82349,100
cond_win_bpc_comments,1786110729649,43.1806,2.82356,100
cond_win_bpc_comments,1786110730161,43.1807,2.8314,100
cond_win_bpc_comments,1786110730806,43.1809,2.83578,100
cond_win_bpc_comments,1786110731298,43.181,2.83869,100
cond_win_bpc_comments,1786110851931,43.2145,2.83142,100
cond_win_bpc_comments,1786110886338,43.2241,2.83073,100
cond_win_bpc_comments,1786110886639,43.2242,2.82414,100
cond_win_bpc_comments,1786110886958,43.2243,2.81812,100
cond_win_bpc_comments,1786111069803,43.2751,2.81563,100
cond_win_bpc_comments,1786111152539,43.298,2.80657,100
cond_win_bpc_comments,1786111228367,43.3191,2.80772,100
cond_win_bpc_comments,1786111337097,43.3493,2.80183,100
cond_win_bpc_comments,1786111346629,43.352,2.80353,100
cond_win_bpc_comments,1786111350915,43.3532,2.80943,100
cond_win_bpc_comments,1786111436163,43.3768,2.81727,100
cond_win_bpc_comments,1786111451220,43.381,2.82212,100
cond_win_bpc_comments,1786111461781,43.3839,2.82046,100
cond_win_bpc_comments,1786111489177,43.3916,2.81651,100
cond_win_bpc_comments,1786111600067,43.4224,2.82662,100
cond_win_bpc_comments,1786111843188,43.4899,2.81751,100
cond_win_bpc_comments,1786111902908,43.5065,2.81589,100
cond_win_bpc_comments,1786112127719,43.5689,2.81327,100
cond_win_bpc_comments,1786112127992,43.569,2.81448,100
cond_win_bpc_comments,1786112131901,43.5701,2.81141,100
cond_win_bpc_comments,1786112571050,43.6921,2.81159,100
cond_win_bpc_comments,1786112887394,43.78,2.80898,100
cond_win_bpc_comments,1786112894665,43.782,2.808,100
cond_win_bpc_comments,1786113176272,43.8602,2.80136,100
cond_win_bpc_comments,1786113177032,43.8604,2.79306,100
cond_win_bpc_comments,1786113177572,43.8606,2.80822,100
cond_win_bpc_comments,1786113186329,43.863,2.81646,100
cond_win_bpc_comments,1786113192177,43.8646,2.80886,100
cond_win_bpc_comments,1786113335465,43.9044,2.79389,100
cond_win_bpc_comments,1786113728535,44.0136,2.79411,100
cond_win_bpc_comments,1786114159293,44.1333,2.78952,100
cond_win_bpc_comments,1786114475446,44.2211,2.7923,100
cond_win_bpc_comments,1786114699656,44.2834,2.7849,100
cond_win_bpc_comments,1786114964821,44.357,2.78723,100
cond_win_bpc_comments,1786115079330,44.3888,2.80674,100
cond_win_bpc_comments,1786115079905,44.389,2.83536,100
cond_win_bpc_comments,1786115532289,44.5146,2.82712,100
cond_win_bpc_comments,1786115532897,44.5148,2.82385,100
cond_win_bpc_comments,1786115579762,44.5278,2.82207,100
cond_win_bpc_comments,1786115669443,44.5527,2.82391,100
cond_win_bpc_comments,1786115696367,44.5602,2.82533,100
cond_win_bpc_comments,1786115784949,44.5848,2.82401,100
cond_win_bpc_comments,1786115785139,44.5849,2.82149,100
cond_win_bpc_comments,1786115785326,44.5849,2.81614,100
cond_win_bpc_comments,1786115785511,44.585,2.81372,100
cond_win_bpc_comments,1786115984047,44.6401,2.79715,100
cond_win_bpc_comments,1786115987611,44.6411,2.79039,100
cond_win_bpc_comments,1786115991138,44.6421,2.77894,100
cond_win_bpc_comments,1786115992266,44.6424,2.77377,100
cond_win_bpc_comments,1786115992573,44.6425,2.77041,100
cond_win_bpc_comments,1786116063948,44.6623,2.77154,100
cond_win_bpc_comments,1786116758855,44.8554,2.76961,100
cond_win_bpc_comments,1786116806820,44.8687,2.77055,100
cond_win_bpc_comments,1786116814879,44.8709,2.76798,100
cond_win_bpc_comments,1786116822972,44.8732,2.76502,100
cond_win_bpc_comments,1786116830514,44.8753,2.7645,100
cond_win_bpc_comments,1786116837014,44.8771,2.76297,100
cond_win_bpc_comments,1786117510404,45.0641,2.76764,100
cond_win_bpc_comments,1786117603732,45.09,2.76666,100
cond_win_bpc_comments,1786117603962,45.0901,2.76671,100
cond_win_bpc_comments,1786117604131,45.0902,2.76549,100
cond_win_bpc_comments,1786117604303,45.0902,2.76478,100
cond_win_bpc_comments,1786117604466,45.0902,2.76871,100
cond_win_bpc_comments,1786117914378,45.1763,2.76341,100
cond_win_bpc_comments,1786117915241,45.1766,2.74306,100
cond_win_bpc_comments,1786118742121,45.4063,2.74645,100
cond_win_bpc_comments,1786119012751,45.4814,2.75864,100
cond_win_bpc_comments,1786119025651,45.485,2.75892,100
cond_win_bpc_comments,1786119026106,45.4851,2.76379,100
cond_win_bpc_comments,1786119648758,45.6581,2.75654,100
cond_win_bpc_comments,1786119698109,45.6718,2.75031,100
cond_win_bpc_comments,1786119742488,45.6841,2.7456,100
cond_win_bpc_comments,1786119745641,45.685,2.74401,100
cond_win_bpc_comments,1786119748845,45.6859,2.75061,100
cond_win_bpc_comments,1786119751984,45.6868,2.74126,100
cond_win_bpc_comments,1786120068122,45.7746,2.73692,100
cond_win_bpc_comments,1786120069058,45.7749,2.73004,100
cond_win_bpc_comments,1786120069935,45.7751,2.72465,100
cond_win_bpc_comments,1786120267267,45.8299,2.72274,100
cond_win_bpc_comments,1786120267298,45.8299,2.72266,100
cond_win_bpc_comments,1786120267306,45.8299,2.72116,100
cond_win_bpc_comments,1786120654535,45.9375,2.72005,100
cond_win_bpc_comments,1786120661573,45.9394,2.72081,100
cond_win_bpc_comments,1786120717773,45.9551,2.71625,100
cond_win_bpc_comments,1786120938418,46.0163,2.71218,100
cond_win_bpc_comments,1786120951951,46.0201,2.70809,100
cond_win_bpc_comments,1786121019067,46.0387,2.70879,100
cond_win_bpc_comments,1786121037718,46.0439,2.70369,100
cond_win_bpc_comments,1786121042202,46.0452,2.69616,100
cond_win_bpc_comments,1786121046713,46.0464,2.68845,100
cond_win_bpc_comments,1786121051242,46.0477,2.67887,100
cond_win_bpc_comments,1786121055725,46.0489,2.67518,100
cond_win_bpc_comments,1786121289272,46.1138,2.67848,100
cond_win_bpc_comments,1786121289468,46.1139,2.68189,100
cond_win_bpc_comments,1786121292846,46.1148,2.67607,100
cond_win_bpc_comments,1786121371017,46.1365,2.67571,100
cond_win_bpc_comments,1786121622888,46.2065,2.67152,100
cond_win_bpc_comments,1786121623163,46.2066,2.66672,100
cond_win_bpc_comments,1786121636327,46.2102,2.65974,100
cond_win_bpc_comments,1786121657860,46.2162,2.65703,100
cond_win_bpc_comments,1786121658691,46.2164,2.65783,100
cond_win_bpc_comments,1786121689213,46.2249,2.65574,100
cond_win_bpc_comments,1786121849404,46.2694,2.65649,100
cond_win_bpc_comments,1786121969899,46.3029,2.65892,100
cond_win_bpc_comments,1786122197273,46.366,2.65928,100
cond_win_bpc_comments,1786122405758,46.4239,2.66356,100
cond_win_bpc_comments,1786122406127,46.424,2.66431,100
cond_win_bpc_comments,1786122445173,46.4349,2.66584,100
cond_win_bpc_comments,1786122471145,46.4421,2.66727,100
cond_win_bpc_comments,1786122471469,46.4422,2.66823,100
cond_win_bpc_comments,1786122676140,46.499,2.65785,100
cond_win_bpc_comments,1786123045688,46.6017,2.65824,100
cond_win_bpc_comments,1786123056918,46.6048,2.65801,100
cond_win_bpc_comments,1786123065722,46.6073,2.65828,100
cond_win_bpc_comments,1786123089660,46.6139,2.65491,100
cond_win_bpc_comments,1786123089771,46.6139,2.65668,100
cond_win_bpc_comments,1786123367218,46.691,2.65208,100
cond_win_bpc_comments,1786123467125,46.7188,2.65114,100
cond_win_bpc_comments,1786123533610,46.7372,2.64926,100
cond_win_bpc_comments,1786123569714,46.7473,2.63771,100
cond_win_bpc_comments,1786124344597,46.9625,2.63438,100
cond_win_bpc_comments,1786124352515,46.9647,2.62772,100
cond_win_bpc_comments,1786124693660,47.0595,2.62732,100
cond_win_bpc_comments,1786124783890,47.0845,2.6305,100
cond_win_bpc_comments,1786124784484,47.0847,2.63345,100
cond_win_bpc_comments,1786124785076,47.0849,2.6353,100
cond_win_bpc_comments,1786124824842,47.0959,2.63819,100
cond_win_bpc_comments,1786125288304,47.2246,2.64635,100
cond_win_bpc_comments,1786125403893,47.2568,2.64371,100
cond_win_bpc_comments,1786125593284,47.3094,2.64193,100
cond_win_bpc_comments,1786125597156,47.3104,2.64146,100
cond_win_bpc_comments,1786125662805,47.3287,2.63983,100
cond_win_bpc_comments,1786126510054,47.564,2.63571,100
cond_win_bpc_comments,1786127033045,47.7093,2.6338,100
cond_win_bpc_comments,1786127215985,47.7601,2.63443,100
cond_win_bpc_comments,1786127532168,47.8479,2.63296,100
cond_win_bpc_comments,1786127731398,47.9033,2.63193,100
cond_win_bpc_comments,1786127777528,47.9161,2.62844,100
cond_win_bpc_comments,1786127957798,47.9662,2.62717,100
cond_win_bpc_comments,1786128110848,48.0087,2.61595,100
cond_win_bpc_comments,1786128160737,48.0225,2.61094,100
cond_win_bpc_comments,1786128182749,48.0287,2.60615,100
cond_win_bpc_comments,1786128540929,48.1282,2.60184,100
cond_win_bpc_comments,1786128726484,48.1797,2.60312,100
cond_win_bpc_comments,1786128906394,48.2297,2.60457,100
cond_win_bpc_comments,1786128906585,48.2297,2.60948,100
cond_win_bpc_comments,1786128906776,48.2298,2.61266,100
cond_win_bpc_comments,1786128906981,48.2298,2.61886,100
cond_win_bpc_comments,1786129000752,48.2559,2.62199,100
cond_win_bpc_comments,1786129006831,48.2576,2.62227,100
cond_win_bpc_comments,1786129240151,48.3224,2.62232,100
cond_win_bpc_comments,1786129272245,48.3313,2.62301,100
cond_win_bpc_comments,1786129272726,48.3314,2.62208,100
cond_win_bpc_comments,1786129282664,48.3342,2.61603,100
cond_win_bpc_comments,1786129287366,48.3355,2.61816,100
cond_win_bpc_comments,1786129329137,48.3471,2.61369,100
cond_win_bpc_comments,1786129357780,48.3551,2.61155,100
cond_win_bpc_comments,1786129361742,48.3562,2.60459,100
cond_win_bpc_comments,1786129393769,48.3651,2.60314,100
cond_win_bpc_comments,1786129407651,48.3689,2.60128,100
cond_win_bpc_comments,1786129466052,48.3851,2.59679,100
cond_win_bpc_comments,1786129674933,48.4432,2.59482,100
cond_win_bpc_comments,1786129794653,48.4764,2.58635,100
cond_win_bpc_comments,1786129977106,48.5271,2.58345,100
cond_win_bpc_comments,1786129977730,48.5273,2.59053,100
cond_win_bpc_comments,1786129978298,48.5274,2.58855,100
cond_win_bpc_comments,1786130140306,48.5724,2.5841,100
cond_win_bpc_comments,1786130173421,48.5816,2.58762,100
cond_win_bpc_comments,1786130553842,48.6873,2.58835,100
cond_win_bpc_comments,1786130584857,48.6959,2.58943,100
cond_win_bpc_comments,1786130670699,48.7198,2.58764,100
cond_win_bpc_comments,1786130862646,48.7731,2.58556,100
cond_win_bpc_comments,1786131020827,48.817,2.58527,100
cond_win_bpc_comments,1786131021096,48.8171,2.58577,100
cond_win_bpc_comments,1786131021360,48.8172,2.58931,100
cond_win_bpc_comments,1786131129001,48.8471,2.58828,100
cond_win_bpc_comments,1786131333171,48.9038,2.58841,100
cond_win_bpc_comments,1786131333675,48.9039,2.58968,100
cond_win_bpc_comments,1786131517067,48.9549,2.58968,100
cond_win_bpc_comments,1786131517557,48.955,2.59096,100
cond_win_bpc_comments,1786131885633,49.0572,2.59032,100
cond_win_bpc_comments,1786131999854,49.089,2.59089,100
cond_win_bpc_comments,1786132100587,49.1169,2.58694,100
cond_win_bpc_comments,1786132105097,49.1182,2.5946,100
cond_win_bpc_comments,1786132361068,49.1893,2.59231,100
cond_win_bpc_comments,1786132742018,49.2951,2.5949,100
cond_win_bpc_comments,1786132742541,49.2953,2.59524,100
cond_win_bpc_comments,1786132743036,49.2954,2.59905,100
cond_win_bpc_comments,1786132743538,49.2955,2.60428,100
cond_win_bpc_comments,1786132744042,49.2957,2.61112,100
cond_win_bpc_comments,1786132788601,49.3081,2.61373,100
cond_win_bpc_comments,1786132789002,49.3082,2.6107,100
cond_win_bpc_comments,1786133241561,49.4339,2.6086,100
cond_win_bpc_comments,1786133253423,49.4372,2.60604,100
cond_win_bpc_comments,1786133677468,49.555,2.61391,100
cond_win_bpc_comments,1786133944478,49.6291,2.61179,100
cond_win_bpc_comments,1786133956843,49.6326,2.61121,100
cond_win_bpc_comments,1786133970361,49.6363,2.61367,100
cond_win_bpc_comments,1786134028724,49.6525,2.61792,100
cond_win_bpc_comments,1786134048266,49.658,2.61774,100
cond_win_bpc_comments,1786134076718,49.6659,2.61588,100
cond_win_bpc_comments,1786134571127,49.8032,2.61848,100
cond_win_bpc_comments,1786134665856,49.8295,2.62215,100
cond_win_bpc_comments,1786135096060,49.949,2.61757,100
cond_win_bpc_comments,1786136508098,50.3413,2.61756,100
cond_win_bpc_comments,1786136508733,50.3414,2.61769,100
cond_win_bpc_comments,1786136558805,50.3553,2.6178,100
cond_win_bpc_comments,1786136844086,50.4346,2.62035,100
cond_win_bpc_comments,1786137573197,50.6371,2.62066,100
cond_win_bpc_comments,1786137573468,50.6372,2.62018,100
cond_win_bpc_comments,1786137573754,50.6373,2.62835,100
cond_win_bpc_comments,1786137583639,50.64,2.63245,100
cond_win_bpc_comments,1786137813737,50.7039,2.63288,100
cond_win_bpc_comments,1786137984131,50.7513,2.63682,100
cond_win_bpc_comments,1786138174736,50.8042,2.64141,100
cond_win_bpc_comments,1786138175191,50.8043,2.64544,100
cond_win_bpc_comments,1786138175700,50.8045,2.64943,100
cond_win_bpc_comments,1786138461966,50.884,2.65168,100
cond_win_bpc_comments,1786138462189,50.8841,2.65193,100
cond_win_bpc_comments,1786138505834,50.8962,2.66594,100
cond_win_bpc_comments,1786138617163,50.9271,2.66129,100
cond_win_bpc_comments,1786138887447,51.0022,2.66509,100
cond_win_bpc_comments,1786138928449,51.0136,2.66725,100
cond_win_bpc_comments,1786138928845,51.0137,2.669,100
cond_win_bpc_comments,1786138929307,51.0138,2.67055,100
cond_win_bpc_comments,1786139060023,51.0501,2.67472,100
cond_win_bpc_comments,1786139060528,51.0503,2.67728,100
cond_win_bpc_comments,1786139060953,51.0504,2.67803,100
cond_win_bpc_comments,1786139434877,51.1543,2.68358,100
cond_win_bpc_comments,1786139435032,51.1543,2.68371,100
cond_win_bpc_comments,1786139518178,51.1774,2.68448,100
cond_win_bpc_comments,1786139733112,51.2371,2.68584,100
cond_win_bpc_comments,1786139851999,51.2701,2.69071,100
cond_win_bpc_comments,1786140203912,51.3679,2.68971,100
cond_win_bpc_comments,1786140368108,51.4135,2.67651,100
cond_win_bpc_comments,1786140885683,51.5573,2.66499,100
cond_win_bpc_comments,1786141134677,51.6264,2.6626,100
cond_win_bpc_comments,1786141835609,51.8211,2.66783,100
cond_win_bpc_comments,1786142958891,52.1331,2.67071,100
cond_win_bpc_comments,1786143697833,52.3384,2.68247,100
cond_win_bpc_comments,1786143742063,52.3507,2.6873,100
cond_win_bpc_comments,1786143742785,52.3509,2.69313,100
cond_win_bpc_comments,1786143743554,52.3511,2.70183,100
cond_win_bpc_comments,1786143777999,52.3607,2.70061,100
cond_win_bpc_comments,1786143778814,52.3609,2.6983,100
cond_win_bpc_comments,1786143779491,52.3611,2.69727,100
cond_win_bpc_comments,1786143977718,52.4162,2.69367,100
cond_win_bpc_comments,1786144034097,52.4318,2.68827,100
cond_win_bpc_comments,1786144039177,52.4332,2.68815,100
cond_win_bpc_comments,1786145335821,52.7934,2.69135,100
cond_win_bpc_comments,1786145336227,52.7935,2.69096,100
cond_win_bpc_comments,1786145336632,52.7936,2.6902,100
cond_win_bpc_comments,1786145751173,52.9088,2.68515,100
cond_win_bpc_comments,1786145752428,52.9091,2.69354,100
cond_win_bpc_comments,1786145784189,52.9179,2.68751,100
cond_win_bpc_comments,1786146112082,53.009,2.69257,100
cond_win_bpc_comments,1786147265518,53.3294,2.69368,100
cond_win_bpc_comments,1786147266665,53.3297,2.69888,100
cond_win_bpc_comments,1786147267806,53.3301,2.70133,100
cond_win_bpc_comments,1786147324069,53.3457,2.70248,100
cond_win_bpc_comments,1786147406864,53.3687,2.70345,100
cond_win_bpc_comments,1786147445854,53.3795,2.70078,100
cond_win_bpc_comments,1786147462373,53.3841,2.71163,100
cond_win_bpc_comments,1786147477407,53.3883,2.71603,100
cond_win_bpc_comments,1786147570859,53.4142,2.71705,100
cond_win_bpc_comments,1786147586619,53.4186,2.71712,100
cond_win_bpc_comments,1786147887427,53.5022,2.72715,100
cond_win_bpc_comments,1786147924577,53.5125,2.725,100
cond_win_bpc_comments,1786147955446,53.5211,2.72728,100
cond_win_bpc_comments,1786147976281,53.5269,2.72872,100
cond_win_bpc_comments,1786147977200,53.5271,2.73498,100
cond_win_bpc_comments,1786148228422,53.5969,2.74018,100
cond_win_bpc_comments,1786148407273,53.6466,2.7468,100
cond_win_bpc_comments,1786148411261,53.6477,2.75194,100
cond_win_bpc_comments,1786148490568,53.6697,2.75262,100
cond_win_bpc_comments,1786148967058,53.8021,2.73963,100
cond_win_bpc_comments,1786149122446,53.8452,2.74007,100
cond_win_bpc_comments,1786149203240,53.8677,2.73376,100
cond_win_bpc_comments,1786149236412,53.8769,2.7241,100
cond_win_bpc_comments,1786149274281,53.8874,2.71712,100
cond_win_bpc_comments,1786149285450,53.8905,2.71848,100
cond_win_bpc_comments,1786149286156,53.8907,2.7173,100
cond_win_bpc_comments,1786149286848,53.8909,2.72358,100
cond_win_bpc_comments,1786149287546,53.8911,2.71758,100
cond_win_bpc_comments,1786149288284,53.8913,2.72588,100
cond_win_bpc_comments,1786149288964,53.8915,2.71798,100
cond_win_bpc_comments,1786149289588,53.8917,2.70497,100
cond_win_bpc_comments,1786149290260,53.8919,2.69325,100
cond_win_bpc_comments,1786149291132,53.8921,2.68503,100
cond_win_bpc_comments,1786149291871,53.8923,2.67213,100
cond_win_bpc_comments,1786149293135,53.8927,2.67218,100
cond_win_bpc_comments,1786149293820,53.8928,2.66891,100
cond_win_bpc_comments,1786149294561,53.8931,2.66281,100
cond_win_bpc_comments,1786149295215,53.8932,2.66598,100
cond_win_bpc_comments,1786149295934,53.8934,2.65307,100
cond_win_bpc_comments,1786149296619,53.8936,2.65864,100
cond_win_bpc_comments,1786149297356,53.8938,2.65081,100
cond_win_bpc_comments,1786149297988,53.894,2.6495,100
cond_win_bpc_comments,1786149298661,53.8942,2.63828,100
cond_win_bpc_comments,1786149299385,53.8944,2.63401,100
cond_win_bpc_comments,1786149378424,53.9163,2.64383,100
cond_win_bpc_comments,1786149420789,53.9281,2.64536,100
cond_win_bpc_comments,1786149425521,53.9294,2.64501,100
cond_win_bpc_comments,1786149462269,53.9396,2.65195,100
cond_win_bpc_comments,1786149579876,53.9723,2.65335,100
cond_win_bpc_comments,1786149680885,54.0004,2.65306,100
cond_win_bpc_comments,1786149702457,54.0064,2.65395,100
cond_win_bpc_comments,1786149765541,54.0239,2.65302,100
cond_win_bpc_comments,1786149774023,54.0262,2.65059,100
cond_win_bpc_comments,1786149783564,54.0289,2.64663,100
cond_win_bpc_comments,1786149852792,54.0481,2.64699,100
cond_win_bpc_comments,1786149930318,54.0697,2.64194,100
cond_win_bpc_comments,1786149939563,54.0722,2.64048,100
cond_win_bpc_comments,1786149965065,54.0793,2.63101,100
cond_win_bpc_comments,1786149973932,54.0818,2.62452,100
cond_win_bpc_comments,1786149982457,54.0841,2.61711,100
cond_win_bpc_comments,1786150032362,54.098,2.61901,100
cond_win_bpc_comments,1786150066575,54.1075,2.62036,100
cond_win_bpc_comments,1786150067336,54.1077,2.62296,100
cond_win_bpc_comments,1786150068072,54.1079,2.61786,100
cond_win_bpc_comments,1786150068811,54.1081,2.62819,100
cond_win_bpc_comments,1786150101254,54.1171,2.63292,100
cond_win_bpc_comments,1786150109272,54.1194,2.62441,100
cond_win_bpc_comments,1786150120438,54.1225,2.62371,100
cond_win_bpc_comments,1786150127642,54.1245,2.6238,100
cond_win_bpc_comments,1786150150450,54.1308,2.62265,100
cond_win_bpc_comments,1786150159604,54.1333,2.6183,100
cond_win_bpc_comments,1786150287350,54.1688,2.62047,100
cond_win_bpc_comments,1786150501725,54.2284,2.61894,100
cond_win_bpc_comments,1786150502333,54.2285,2.62025,100
cond_win_bpc_comments,1786150530291,54.2363,2.62069,100
cond_win_bpc_comments,1786150893473,54.3372,2.61874,100
cond_win_bpc_comments,1786150967291,54.3577,2.61957,100
cond_win_bpc_comments,1786150970747,54.3587,2.62035,100
cond_win_bpc_comments,1786151115783,54.3989,2.63816,100
cond_win_bpc_comments,1786151116392,54.3991,2.65527,100
cond_win_bpc_comments,1786151614217,54.5374,2.66497,100
cond_win_bpc_comments,1786151615762,54.5378,2.66307,100
cond_win_bpc_comments,1786151647637,54.5467,2.66189,100
cond_win_bpc_comments,1786151691956,54.559,2.66441,100
cond_win_bpc_comments,1786151741061,54.5726,2.66155,100
cond_win_bpc_comments,1786151945843,54.6295,2.66478,100
cond_win_bpc_comments,1786152058923,54.6609,2.66713,100
cond_win_bpc_comments,1786152646624,54.8242,2.67108,100
cond_win_bpc_comments,1786152686543,54.8353,2.66454,100
cond_win_bpc_comments,1786152769024,54.8582,2.65447,100
cond_win_bpc_comments,1786152822231,54.873,2.65472,100
cond_win_bpc_comments,1786152845386,54.8794,2.65442,100
cond_win_bpc_comments,1786153036242,54.9324,2.65417,100
cond_win_bpc_comments,1786153391267,55.031,2.65176,100
cond_win_bpc_comments,1786153400749,55.0337,2.65162,100
cond_win_bpc_comments,1786153417302,55.0383,2.65305,100
cond_win_bpc_comments,1786153609061,55.0915,2.65488,100
cond_win_bpc_comments,1786153609693,55.0917,2.64952,100
cond_win_bpc_comments,1786153625686,55.0961,2.6546,100
cond_win_bpc_comments,1786153704289,55.118,2.64809,100
cond_win_bpc_comments,1786153704941,55.1182,2.64522,100
cond_win_bpc_comments,1786154035997,55.2101,2.64308,100
cond_win_bpc_comments,1786154121893,55.234,2.64077,100
cond_win_bpc_comments,1786154413238,55.3149,2.64125,100
cond_win_bpc_comments,1786154413451,55.315,2.64668,100
cond_win_bpc_comments,1786154413624,55.315,2.6524,100
cond_win_bpc_comments,1786154466402,55.3297,2.65418,100
cond_win_bpc_comments,1786154476215,55.3324,2.65534,100
cond_win_bpc_comments,1786154476536,55.3325,2.65688,100
cond_win_bpc_comments,1786154476827,55.3326,2.66004,100
cond_win_bpc_comments,1786154477218,55.3327,2.65869,100
cond_win_bpc_comments,1786154541025,55.3504,2.66151,100
cond_win_bpc_comments,1786154700522,55.3947,2.65361,100
cond_win_bpc_comments,1786154732921,55.4037,2.64735,100
cond_win_bpc_comments,1786154796251,55.4213,2.64711,100
cond_win_bpc_comments,1786154831997,55.4312,2.6418,100
cond_win_bpc_comments,1786155029719,55.4862,2.63387,100
cond_win_bpc_comments,1786155031823,55.4867,2.63489,100
cond_win_bpc_comments,1786155101438,55.5061,2.6298,100
cond_win_bpc_comments,1786155195298,55.5321,2.64667,100
cond_win_bpc_comments,1786155441054,55.6004,2.6411,100
cond_win_bpc_comments,1786156223057,55.8176,2.64364,100
cond_win_bpc_comments,1786156277660,55.8328,2.65256,100
cond_win_bpc_comments,1786156297092,55.8382,2.65404,100
cond_win_bpc_comments,1786156730076,55.9585,2.65651,100
cond_win_bpc_comments,1786156816374,55.9824,2.65777,100
cond_win_bpc_comments,1786157090831,56.0587,2.65308,100
cond_win_bpc_comments,1786157101514,56.0617,2.65308,100
cond_win_bpc_comments,1786157101792,56.0617,2.65501,100
cond_win_bpc_comments,1786157102119,56.0618,2.664,100
cond_win_bpc_comments,1786157277765,56.1106,2.67679,100
cond_win_bpc_comments,1786157297758,56.1162,2.68639,100
cond_win_bpc_comments,1786157329493,56.125,2.69458,100
cond_win_bpc_comments,1786157395068,56.1432,2.70805,100
cond_win_bpc_comments,1786157412581,56.1481,2.71762,100
cond_win_bpc_comments,1786157420924,56.1504,2.73205,100
cond_win_bpc_comments,1786157502893,56.1731,2.7411,100
cond_win_bpc_comments,1786157770617,56.2475,2.74111,100
cond_win_bpc_comments,1786157770948,56.2476,2.75191,100
cond_win_bpc_comments,1786157802514,56.2564,2.7506,100
cond_win_bpc_comments,1786157875893,56.2768,2.76747,100
cond_win_bpc_comments,1786158269561,56.3861,2.77324,100
cond_win_bpc_comments,1786158283943,56.3901,2.77915,100
cond_win_bpc_comments,1786158394976,56.4209,2.78655,100
cond_win_bpc_comments,1786158397013,56.4215,2.7851,100
cond_win_bpc_comments,1786158403103,56.4232,2.78414,100
cond_win_bpc_comments,1786158420832,56.4281,2.77894,100
cond_win_bpc_comments,1786158423116,56.4288,2.7834,100
cond_win_bpc_comments,1786158425387,56.4294,2.77941,100
cond_win_bpc_comments,1786158427690,56.43,2.77203,100
cond_win_bpc_comments,1786158429954,56.4307,2.76646,100
cond_win_bpc_comments,1786158485154,56.446,2.76238,100
cond_win_bpc_comments,1786158485725,56.4462,2.75706,100
cond_win_bpc_comments,1786158518706,56.4553,2.75907,100
cond_win_bpc_comments,1786158521032,56.456,2.7574,100
cond_win_bpc_comments,1786158523296,56.4566,2.75429,100
cond_win_bpc_comments,1786158590325,56.4752,2.75587,100
cond_win_bpc_comments,1786158758507,56.5219,2.75652,100
cond_win_bpc_comments,1786158759151,56.5221,2.75997,100
cond_win_bpc_comments,1786158759978,56.5223,2.76313,100
cond_win_bpc_comments,1786158774480,56.5264,2.761,100
cond_win_bpc_comments,1786158792777,56.5314,2.75903,100
cond_win_bpc_comments,1786158822726,56.5398,2.75416,100
cond_win_bpc_comments,1786159145674,56.6295,2.7471,100
cond_win_bpc_comments,1786159146235,56.6296,2.73801,100
cond_win_bpc_comments,1786159547414,56.7411,2.73188,100
cond_win_bpc_comments,1786159547753,56.7412,2.73748,100
cond_win_bpc_comments,1786159870735,56.8309,2.72863,100
cond_win_bpc_comments,1786159883283,56.8344,2.72281,100
cond_win_bpc_comments,1786160100466,56.8947,2.72262,100
cond_win_bpc_comments,1786160120763,56.9003,2.71961,100
cond_win_bpc_comments,1786161804632,57.3681,2.71956,100
cond_win_bpc_comments,1786162127128,57.4577,2.71134,100
cond_win_bpc_comments,1786162152990,57.4648,2.70226,100
cond_win_bpc_comments,1786162190191,57.4752,2.6982,100
cond_win_bpc_comments,1786162213875,57.4818,2.68363,100
cond_win_bpc_comments,1786162242718,57.4898,2.66526,100
cond_win_bpc_comments,1786162255213,57.4932,2.65809,100
cond_win_bpc_comments,1786162426039,57.5407,2.65758,100
cond_win_bpc_comments,1786162428295,57.5413,2.65444,100
cond_win_bpc_comments,1786162459426,57.55,2.65135,100
cond_win_bpc_comments,1786163511017,57.8421,2.64775,100
cond_win_bpc_comments,1786163543578,57.8511,2.6448,100
cond_win_bpc_comments,1786163643745,57.8789,2.64342,100
cond_win_bpc_comments,1786163832506,57.9314,2.64518,100
cond_win_bpc_comments,1786163871726,57.9423,2.64677,100
cond_win_bpc_comments,1786163937157,57.9604,2.64569,100
cond_win_bpc_comments,1786164002390,57.9786,2.63591,100
cond_win_bpc_comments,1786164099633,58.0056,2.64051,100
cond_win_bpc_comments,1786164997445,58.255,2.64796,100
cond_win_bpc_comments,1786164998447,58.2552,2.65039,100
cond_win_bpc_comments,1786165124094,58.2901,2.65662,100
cond_win_bpc_comments,1786165274206,58.3318,2.65725,100
cond_win_bpc_comments,1786165274815,58.332,2.65735,100
cond_win_bpc_comments,1786165327030,58.3465,2.66136,100
cond_win_bpc_comments,1786166021047,58.5393,2.66059,100
cond_win_bpc_comments,1786166653224,58.7149,2.66719,100
cond_win_bpc_comments,1786167012955,58.8148,2.66597,100
cond_win_bpc_comments,1786167039652,58.8222,2.66408,100
cond_win_bpc_comments,1786168204616,59.1458,2.66433,100
cond_win_bpc_comments,1786168763437,59.3011,2.6674,100
cond_win_bpc_comments,1786168763636,59.3011,2.66724,100
cond_win_bpc_comments,1786168763836,59.3012,2.66834,100
cond_win_bpc_comments,1786168787891,59.3079,2.66931,100
cond_win_bpc_comments,1786168788189,59.3079,2.67129,100
cond_win_bpc_comments,1786169206571,59.4242,2.6731,100
cond_win_bpc_comments,1786169206888,59.4243,2.67374,100
cond_win_bpc_comments,1786169451851,59.4923,2.67597,100
cond_win_bpc_comments,1786169615210,59.5377,2.67241,100
cond_win_bpc_comments,1786169925699,59.6239,2.67209,100
cond_win_bpc_comments,1786170071678,59.6645,2.67098,100
cond_win_bpc_comments,1786170093228,59.6705,2.66773,100
cond_win_bpc_comments,1786170116576,59.6769,2.67067,100
cond_win_bpc_comments,1786170141202,59.6838,2.67219,100
cond_win_bpc_comments,1786170383836,59.7512,2.67224,100
cond_win_bpc_comments,1786170404599,59.757,2.67439,100
cond_win_bpc_comments,1786170434916,59.7654,2.68099,100
cond_win_bpc_comments,1786170576182,59.8046,2.67406,100
cond_win_bpc_comments,1786170598252,59.8107,2.66947,100
cond_win_bpc_comments,1786170765327,59.8572,2.66896,100
cond_win_bpc_comments,1786171293958,60.004,2.67222,100
cond_win_bpc_comments,1786171295030,60.0043,2.67317,100
cond_win_bpc_comments,1786171296242,60.0046,2.67147,100
cond_win_bpc_comments,1786171297416,60.005,2.67249,100
cond_win_bpc_comments,1786171505273,60.0627,2.6727,100
cond_win_bpc_comments,1786172012040,60.2035,2.67409,100
cond_win_bpc_comments,1786172700467,60.3947,2.68166,100
cond_win_bpc_comments,1786172700965,60.3948,2.68334,100
cond_win_bpc_comments,1786172739609,60.4056,2.68289,100
cond_win_bpc_comments,1786172745387,60.4072,2.68364,100
cond_win_bpc_comments,1786172808840,60.4248,2.68536,100
cond_win_bpc_comments,1786172905656,60.4517,2.6851,100
cond_win_bpc_comments,1786173069648,60.4972,2.68509,100
cond_win_bpc_comments,1786173082652,60.5009,2.68475,100
cond_win_bpc_comments,1786173118000,60.5107,2.6834,100
cond_win_bpc_comments,1786173137087,60.516,2.68328,100
cond_win_bpc_comments,1786173450384,60.603,2.68347,100
cond_win_bpc_comments,1786173477332,60.6105,2.68374,100
cond_win_bpc_comments,1786173477753,60.6106,2.68417,100
cond_win_bpc_comments,1786173478160,60.6107,2.68482,100
cond_win_bpc_comments,1786173478625,60.6108,2.68349,100
cond_win_bpc_comments,1786173479033,60.611,2.68177,100
cond_win_bpc_comments,1786173479433,60.6111,2.68623,100
cond_win_bpc_comments,1786173479833,60.6112,2.68667,100
cond_win_bpc_comments,1786173480234,60.6113,2.68529,100
cond_win_bpc_comments,1786173480634,60.6114,2.68601,100
cond_win_bpc_comments,1786173971927,60.7479,2.68419,100
cond_win_bpc_comments,1786173976886,60.7493,2.68254,100
cond_win_bpc_comments,1786174176877,60.8048,2.67893,100
cond_win_bpc_comments,1786174770900,60.9698,2.68316,100
cond_win_bpc_comments,1786174771248,60.9699,2.68549,100
cond_win_bpc_comments,1786175370517,61.1364,2.68672,100
cond_win_bpc_comments,1786176396459,61.4214,2.68811,100
cond_win_bpc_comments,1786176517188,61.4549,2.68812,100
cond_win_bpc_comments,1786176538963,61.4609,2.68809,100
cond_win_bpc_comments,1786176636046,61.4879,2.69055,100
cond_win_bpc_comments,1786176688395,61.5025,2.69025,100
cond_win_bpc_comments,1786176885517,61.5572,2.69236,100
cond_win_bpc_comments,1786177350039,61.6862,2.6847,100
cond_win_bpc_comments,1786177350530,61.6864,2.6769,100
cond_win_bpc_comments,1786177368955,61.6915,2.67624,100
cond_win_bpc_comments,1786177540631,61.7392,2.67181,100
cond_win_bpc_comments,1786177891935,61.8368,2.6675,100
cond_win_bpc_comments,1786178146241,61.9074,2.67335,100
cond_win_bpc_comments,1786178193395,61.9205,2.67949,100
cond_win_bpc_comments,1786178201722,61.9228,2.68182,100
cond_win_bpc_comments,1786178572149,62.0257,2.67713,100
cond_win_bpc_comments,1786178572703,62.0259,2.67987,100
cond_win_bpc_comments,1786178610716,62.0364,2.68096,100
cond_win_bpc_comments,1786178611298,62.0366,2.67678,100
cond_win_bpc_comments,1786178655077,62.0488,2.67292,100
cond_win_bpc_comments,1786178655674,62.0489,2.66867,100
cond_win_bpc_comments,1786178691652,62.0589,2.67474,100
cond_win_bpc_comments,1786178720573,62.0669,2.68063,100
cond_win_bpc_comments,1786178721140,62.0671,2.68254,100
cond_win_bpc_comments,1786178737999,62.0718,2.69264,100
cond_win_bpc_comments,1786178771182,62.081,2.70695,100
cond_win_bpc_comments,1786178771754,62.0812,2.71188,100
cond_win_bpc_comments,1786178822371,62.0952,2.71242,100
cond_win_bpc_comments,1786179029296,62.1527,2.71145,100
cond_win_bpc_comments,1786179513104,62.2871,2.71233,100
cond_win_bpc_comments,1786179696820,62.3381,2.71775,100
cond_win_bpc_comments,1786179697086,62.3382,2.72072,100
cond_win_bpc_comments,1786179697127,62.3382,2.72377,100
cond_win_bpc_comments,1786179697483,62.3383,2.72551,100
cond_win_bpc_comments,1786179697922,62.3384,2.72218,100
cond_win_bpc_comments,1786179698214,62.3385,2.72221,100
cond_win_bpc_comments,1786179698514,62.3386,2.73192,100
cond_win_bpc_comments,1786179698807,62.3387,2.73221,100
cond_win_bpc_comments,1786179726612,62.3464,2.73141,100
cond_win_bpc_comments,1786179726902,62.3465,2.73072,100
cond_win_bpc_comments,1786179727184,62.3466,2.72958,100
cond_win_bpc_comments,1786179727466,62.3466,2.72969,100
cond_win_bpc_comments,1786179727753,62.3467,2.72935,100
cond_win_bpc_comments,1786179728041,62.3468,2.72606,100
cond_win_bpc_comments,1786179728334,62.3469,2.72591,100
cond_win_bpc_comments,1786179759096,62.3554,2.72319,100
cond_win_bpc_comments,1786179759384,62.3555,2.72333,100
cond_win_bpc_comments,1786179759673,62.3556,2.72671,100
cond_win_bpc_comments,1786179759959,62.3557,2.73372,100
cond_win_bpc_comments,1786179760240,62.3557,2.7336,100
cond_win_bpc_comments,1786179760525,62.3558,2.73636,100
cond_win_bpc_comments,1786180080832,62.4448,2.73773,100
cond_win_bpc_comments,1786180081484,62.445,2.73857,100
cond_win_bpc_comments,1786180081798,62.4451,2.74114,100
cond_win_bpc_comments,1786180219709,62.4834,2.73528,100
cond_win_bpc_comments,1786180297275,62.5049,2.72606,100
cond_win_bpc_comments,1786180318021,62.5107,2.72736,100
cond_win_bpc_comments,1786180450343,62.5474,2.72291,100
cond_win_bpc_comments,1786180485142,62.5571,2.71757,100
cond_win_bpc_comments,1786180521134,62.5671,2.71708,100
cond_win_bpc_comments,1786180552457,62.5758,2.71765,100
cond_win_bpc_comments,1786180568236,62.5802,2.71831,100
cond_win_bpc_comments,1786180603228,62.5899,2.71334,100
cond_win_bpc_comments,1786180628520,62.5969,2.7132,100
cond_win_bpc_comments,1786180634072,62.5985,2.71054,100
cond_win_bpc_comments,1786180866607,62.6631,2.70695,100
cond_win_bpc_comments,1786180888165,62.6691,2.71318,100
cond_win_bpc_comments,1786181560183,62.8557,2.71891,100
cond_win_bpc_comments,1786181574182,62.8596,2.71589,100
cond_win_bpc_comments,1786181721883,62.9006,2.70522,100
cond_win_bpc_comments,1786181990289,62.9752,2.70091,100
cond_win_bpc_comments,1786182090103,63.0029,2.70284,100
cond_win_bpc_comments,1786182798336,63.1997,2.70779,100
cond_win_bpc_comments,1786183029894,63.264,2.7043,100
cond_win_bpc_comments,1786183137351,63.2938,2.69824,100
cond_win_bpc_comments,1786183137909,63.294,2.69417,100
cond_win_bpc_comments,1786183162376,63.3008,2.68913,100
cond_win_bpc_comments,1786183184540,63.3069,2.68495,100
cond_win_bpc_comments,1786183204952,63.3126,2.6815,100
cond_win_bpc_comments,1786183227771,63.3189,2.669,100
cond_win_bpc_comments,1786183261197,63.3282,2.66319,100
cond_win_bpc_comments,1786183261922,63.3284,2.65732,100
cond_win_bpc_comments,1786183305953,63.3407,2.65646,100
cond_win_bpc_comments,1786183306453,63.3408,2.6486,100
cond_win_bpc_comments,1786183307272,63.341,2.6423,100
cond_win_bpc_comments,1786183363267,63.3566,2.63761,100
cond_win_bpc_comments,1786183741055,63.4615,2.63585,100
cond_win_bpc_comments,1786183750306,63.4641,2.63351,100
cond_win_bpc_comments,1786183750988,63.4643,2.63283,100
cond_win_bpc_comments,1786183760084,63.4668,2.63173,100
cond_win_bpc_comments,1786183760368,63.4669,2.63048,100
cond_win_bpc_comments,1786183879624,63.5,2.6298,100
cond_win_bpc_comments,1786184061468,63.5505,2.62893,100
cond_win_bpc_comments,1786184062214,63.5507,2.62282,100
cond_win_bpc_comments,1786184062995,63.551,2.618,100
cond_win_bpc_comments,1786184063740,63.5512,2.61319,100
cond_win_bpc_comments,1786184763250,63.7455,2.60795,100
cond_win_bpc_comments,1786184867564,63.7744,2.61105,100
cond_win_bpc_comments,1786184884232,63.7791,2.61141,100
cond_win_bpc_comments,1786184919558,63.7889,2.60846,100
cond_win_bpc_comments,1786185188098,63.8635,2.6088,100
cond_win_bpc_comments,1786185570669,63.9697,2.60996,100
cond_win_bpc_comments,1786185571172,63.9699,2.6098,100
cond_win_bpc_comments,1786185716091,64.0101,2.60844,100
cond_win_bpc_comments,1786186209886,64.1473,2.61488,100
cond_win_bpc_comments,1786186671865,64.2756,2.60282,100
cond_win_bpc_comments,1786186917113,64.3438,2.60192,100
cond_win_bpc_comments,1786186993266,64.3649,2.60683,100
cond_win_bpc_comments,1786187226398,64.4297,2.61252,100
cond_win_bpc_comments,1786187310777,64.4531,2.61251,100
cond_win_bpc_comments,1786187388844,64.4748,2.62128,100
cond_win_bpc_comments,1786187423667,64.4845,2.62839,100
cond_win_bpc_comments,1786187560378,64.5224,2.6255,100
cond_win_bpc_comments,1786187713923,64.5651,2.62474,100
cond_win_bpc_comments,1786187714258,64.5652,2.62581,100
cond_win_bpc_comments,1786187785338,64.5849,2.63183,100
cond_win_bpc_comments,1786188558789,64.7998,2.63952,100
cond_win_bpc_comments,1786188585586,64.8072,2.64401,100
cond_win_bpc_comments,1786188793609,64.865,2.64835,100
cond_win_bpc_comments,1786189163678,64.9678,2.65208,100
cond_win_bpc_comments,1786189164289,64.968,2.65471,100
cond_win_bpc_comments,1786189164328,64.968,2.65718,100
cond_win_bpc_comments,1786189403060,65.0343,2.65784,100
cond_win_bpc_comments,1786189487215,65.0577,2.65805,100
cond_win_bpc_comments,1786189518548,65.0664,2.66013,100
cond_win_bpc_comments,1786189559236,65.0777,2.66088,100
cond_win_bpc_comments,1786189559595,65.0778,2.66315,100
cond_win_bpc_comments,1786189889836,65.1695,2.68159,100
cond_win_bpc_comments,1786190021055,65.206,2.68689,100
cond_win_bpc_comments,1786190021666,65.2061,2.68812,100
cond_win_bpc_comments,1786190063088,65.2176,2.68863,100
cond_win_bpc_comments,1786190073185,65.2204,2.69089,100
cond_win_bpc_comments,1786190077680,65.2217,2.68822,100
cond_win_bpc_comments,1786190319644,65.2889,2.70606,100
cond_win_bpc_comments,1786190482502,65.3341,2.70738,100
cond_win_bpc_comments,1786190482738,65.3342,2.70852,100
cond_win_bpc_comments,1786190482909,65.3343,2.70935,100
cond_win_bpc_comments,1786190984708,65.4736,2.71188,100
cond_win_bpc_comments,1786191077656,65.4995,2.71095,100
cond_win_bpc_comments,1786191245061,65.546,2.70797,100
cond_win_bpc_comments,1786191338116,65.5718,2.70897,100
cond_win_bpc_comments,1786191404502,65.5903,2.70885,100
cond_win_bpc_comments,1786191977407,65.7494,2.71095,100
cond_win_bpc_comments,1786192324086,65.8457,2.70167,100
cond_win_bpc_comments,1786192565480,65.9128,2.69813,100
cond_win_bpc_comments,1786192566134,65.9129,2.69912,100
cond_win_bpc_comments,1786192822176,65.9841,2.7054,100
cond_win_bpc_comments,1786192823818,65.9845,2.70096,100
cond_win_bpc_comments,1786193232679,66.0981,2.69927,100
cond_win_bpc_comments,1786193232903,66.0981,2.70018,100
cond_win_bpc_comments,1786193445064,66.1571,2.6947,100
cond_win_bpc_comments,1786193534923,66.182,2.68913,100
cond_win_bpc_comments,1786193535153,66.1821,2.68229,100
cond_win_bpc_comments,1786193535336,66.1822,2.67437,100
cond_win_bpc_comments,1786193547090,66.1854,2.67058,100
cond_win_bpc_comments,1786193555412,66.1877,2.67731,100
cond_win_bpc_comments,1786193617827,66.2051,2.67289,100
cond_win_bpc_comments,1786193684375,66.2236,2.67914,100
cond_win_bpc_comments,1786193744536,66.2403,2.68303,100
cond_win_bpc_comments,1786193761304,66.2449,2.686,100
cond_win_bpc_comments,1786193774174,66.2485,2.68819,100
cond_win_bpc_comments,1786193785316,66.2516,2.68797,100
cond_win_bpc_comments,1786193797105,66.2549,2.69552,100
cond_win_bpc_comments,1786194063282,66.3288,2.69395,100
cond_win_bpc_comments,1786194197491,66.3661,2.69663,100
cond_win_bpc_comments,1786194200404,66.3669,2.7002,100
cond_win_bpc_comments,1786194203298,66.3677,2.70056,100
cond_win_bpc_comments,1786194203310,66.3677,2.70411,100
cond_win_bpc_comments,1786194312209,66.398,2.70423,100
cond_win_bpc_comments,1786194357643,66.4106,2.72453,100
cond_win_bpc_comments,1786194410838,66.4254,2.73954,100
cond_win_bpc_comments,1786194438851,66.4331,2.74272,100
cond_win_bpc_comments,1786194638732,66.4887,2.72147,100
cond_win_bpc_comments,1786194707725,66.5078,2.72432,100
cond_win_bpc_comments,1786194709157,66.5082,2.72965,100
cond_win_bpc_comments,1786194763033,66.5232,2.72744,100
cond_win_bpc_comments,1786194889857,66.5584,2.73429,100
cond_win_bpc_comments,1786194890449,66.5586,2.73977,100
cond_win_bpc_comments,1786195283384,66.6677,2.74849,100
cond_win_bpc_comments,1786195500052,66.7279,2.76126,100
cond_win_bpc_comments,1786195527881,66.7356,2.76996,100
cond_win_bpc_comments,1786195545119,66.7404,2.77683,100
cond_win_bpc_comments,1786195600040,66.7557,2.77055,100
cond_win_bpc_comments,1786195723052,66.7899,2.77346,100
cond_win_bpc_comments,1786195756299,66.7991,2.76767,100
cond_win_bpc_comments,1786195789777,66.8084,2.77059,100
cond_win_bpc_comments,1786195905133,66.8404,2.76098,100
cond_win_bpc_comments,1786195906275,66.8408,2.75914,100
cond_win_bpc_comments,1786195985542,66.8628,2.74894,100
cond_win_bpc_comments,1786196282934,66.9454,2.75016,100
cond_win_bpc_comments,1786196297929,66.9495,2.75071,100
cond_win_bpc_comments,1786196318694,66.9553,2.75285,100
cond_win_bpc_comments,1786196395825,66.9767,2.75821,100
cond_win_bpc_comments,1786196613676,67.0373,2.77583,100
cond_win_bpc_comments,1786196884056,67.1124,2.78151,100
cond_win_bpc_comments,1786197262249,67.2174,2.78927,100
cond_win_bpc_comments,1786197265145,67.2182,2.79828,100
cond_win_bpc_comments,1786197724291,67.3458,2.80048,100
cond_win_bpc_comments,1786197742887,67.3509,2.79632,100
cond_win_bpc_comments,1786197770395,67.3586,2.80289,100
cond_win_bpc_comments,1786197770528,67.3586,2.80338,100
cond_win_bpc_comments,1786198226695,67.4853,2.80353,100
cond_win_bpc_comments,1786198252296,67.4924,2.79964,100
cond_win_bpc_comments,1786198255072,67.4932,2.8021,100
cond_win_bpc_comments,1786198257850,67.494,2.79384,100
cond_win_bpc_comments,1786198477187,67.5549,2.80045,100
cond_win_bpc_comments,1786198507522,67.5633,2.79232,100
cond_win_bpc_comments,1786198507990,67.5635,2.78696,100
cond_win_bpc_comments,1786198805249,67.646,2.78897,100
cond_win_bpc_comments,1786199437436,67.8216,2.78583,100
cond_win_bpc_comments,1786199447270,67.8244,2.78223,100
cond_win_bpc_comments,1786199459254,67.8277,2.77977,100
cond_win_bpc_comments,1786199485638,67.835,2.7755,100
cond_win_bpc_comments,1786199506309,67.8408,2.76996,100
cond_win_bpc_comments,1786199547084,67.8521,2.76068,100
cond_win_bpc_comments,1786199584627,67.8625,2.75785,100
cond_win_bpc_comments,1786199608924,67.8693,2.75092,100
cond_win_bpc_comments,1786199643691,67.8789,2.74534,100
cond_win_bpc_comments,1786199745199,67.9071,2.73839,100
cond_win_bpc_comments,1786199882682,67.9453,2.74008,100
cond_win_bpc_comments,1786199882962,67.9454,2.74213,100
cond_win_bpc_comments,1786200589078,68.1415,2.74146,100
cond_win_bpc_comments,1786200675991,68.1657,2.74062,100
cond_win_bpc_comments,1786200689840,68.1695,2.73774,100
cond_win_bpc_comments,1786200877003,68.2215,2.73436,100
cond_win_bpc_comments,1786200915368,68.2322,2.73551,100
cond_win_bpc_comments,1786201231018,68.3198,2.7335,100
cond_win_bpc_comments,1786201384192,68.3624,2.7199,100
cond_win_bpc_comments,1786201384466,68.3625,2.72013,100
cond_win_bpc_comments,1786201856399,68.4936,2.72002,100
cond_win_bpc_comments,1786201900368,68.5058,2.71873,100
cond_win_bpc_comments,1786201910861,68.5087,2.7174,100
cond_win_bpc_comments,1786201940285,68.5169,2.71671,100
cond_win_bpc_comments,1786202389863,68.6417,2.69111,100
cond_win_bpc_comments,1786202777152,68.7493,2.68508,100
cond_win_bpc_comments,1786202975966,68.8046,2.68606,100
cond_win_bpc_comments,1786203400397,68.9225,2.68656,100
cond_win_bpc_comments,1786203494558,68.9486,2.67954,100
cond_win_bpc_comments,1786203553334,68.9649,2.68048,100
cond_win_bpc_comments,1786203553919,68.9651,2.68432,100
cond_win_bpc_comments,1786203660478,68.9947,2.68127,100
cond_win_bpc_comments,1786204159599,69.1333,2.68309,100
cond_win_bpc_comments,1786204473224,69.2205,2.68245,100
cond_win_bpc_comments,1786204622936,69.262,2.68456,100
cond_win_bpc_comments,1786204892935,69.337,2.68808,100
cond_win_bpc_comments,1786204903180,69.3399,2.68862,100
cond_win_bpc_comments,1786205186155,69.4185,2.68131,100
cond_win_bpc_comments,1786205202552,69.4231,2.68076,100
cond_win_bpc_comments,1786205235883,69.4323,2.68052,100
cond_win_bpc_comments,1786205283737,69.4456,2.67524,100
cond_win_bpc_comments,1786205334761,69.4598,2.67828,100
cond_win_bpc_comments,1786205376859,69.4715,2.6736,100
cond_win_bpc_comments,1786205377534,69.4717,2.67434,100
cond_win_bpc_comments,1786205529496,69.5139,2.67518,100
cond_win_bpc_comments,1786205814658,69.5931,2.6757,100
cond_win_bpc_comments,1786206281556,69.7228,2.66868,100
cond_win_bpc_comments,1786206313548,69.7317,2.67336,100
cond_win_bpc_comments,1786206314052,69.7318,2.67231,100
cond_win_bpc_comments,1786206328814,69.7359,2.66895,100
cond_win_bpc_comments,1786206382904,69.7509,2.66421,100
cond_win_bpc_comments,1786206383548,69.7511,2.66024,100
cond_win_bpc_comments,1786206447679,69.7689,2.65609,100
cond_win_bpc_comments,1786206448320,69.7691,2.65267,100
cond_win_bpc_comments,1786206512613,69.787,2.64938,100
cond_win_bpc_comments,1786206535724,69.7934,2.63249,100
cond_win_bpc_comments,1786206574622,69.8042,2.62786,100
cond_win_bpc_comments,1786206782615,69.862,2.6228,100
cond_win_bpc_comments,1786206827822,69.8745,2.61761,100
cond_win_bpc_comments,1786206891002,69.8921,2.62242,100
cond_win_bpc_comments,1786206898403,69.8941,2.60577,100
cond_win_bpc_comments,1786206953608,69.9095,2.59254,100
cond_win_bpc_comments,1786206957734,69.9106,2.59213,100
cond_win_bpc_comments,1786206984535,69.918,2.60233,100
cond_win_bpc_comments,1786206985182,69.9182,2.6002,100
cond_win_bpc_comments,1786207045634,69.935,2.59839,100
cond_win_bpc_comments,1786207046369,69.9352,2.59485,100
cond_win_bpc_comments,1786207155905,69.9656,2.59126,100
cond_win_bpc_comments,1786207156097,69.9657,2.59009,100
cond_win_bpc_comments,1786207713272,70.1205,2.58502,100
cond_win_bpc_comments,1786207713754,70.1206,2.58522,100
cond_win_bpc_comments,1786208053233,70.2149,2.58615,100
cond_win_bpc_comments,1786208053781,70.2151,2.58586,100
cond_win_bpc_comments,1786208054375,70.2152,2.58808,100
cond_win_bpc_comments,1786208555831,70.3545,2.59172,100
cond_win_bpc_comments,1786208827253,70.4299,2.59995,100
cond_win_bpc_comments,1786208829471,70.4305,2.59786,100
cond_win_bpc_comments,1786208830599,70.4308,2.60243,100
cond_win_bpc_comments,1786208839242,70.4332,2.60271,100
cond_win_bpc_comments,1786208905262,70.4516,2.61185,100
cond_win_bpc_comments,1786208910586,70.4531,2.61146,100
cond_win_bpc_comments,1786208911741,70.4534,2.60917,100
cond_win_bpc_comments,1786208913025,70.4537,2.60637,100
cond_win_bpc_comments,1786208914183,70.4541,2.60242,100
cond_win_bpc_comments,1786208915350,70.4544,2.59129,100
cond_win_bpc_comments,1786208916476,70.4547,2.5901,100
cond_win_bpc_comments,1786209008484,70.4803,2.58917,100
cond_win_bpc_comments,1786209041150,70.4893,2.58906,100
cond_win_bpc_comments,1786209314602,70.5653,2.58751,100
cond_win_bpc_comments,1786209468810,70.6081,2.59443,100
cond_win_bpc_comments,1786209499161,70.6166,2.59479,100
cond_win_bpc_comments,1786209586949,70.6409,2.59521,100
cond_win_bpc_comments,1786209587329,70.641,2.59579,100
cond_win_bpc_comments,1786209956030,70.7435,2.59476,100
cond_win_bpc_comments,1786209963831,70.7456,2.59427,100
cond_win_bpc_comments,1786210035743,70.7656,2.58826,100
cond_win_bpc_comments,1786210099054,70.7832,2.59356,100
cond_win_bpc_comments,1786210105342,70.7849,2.58084,100
cond_win_bpc_comments,1786210275842,70.8323,2.57928,100
cond_win_bpc_comments,1786210300134,70.839,2.57831,100
cond_win_bpc_comments,1786210300767,70.8392,2.57722,100
cond_win_bpc_comments,1786210301310,70.8394,2.57599,100
cond_win_bpc_comments,1786210539506,70.9055,2.58167,100
cond_win_bpc_comments,1786210540003,70.9057,2.58408,100
cond_win_bpc_comments,1786210557814,70.9106,2.5823,100
cond_win_bpc_comments,1786210682179,70.9452,2.58545,100
cond_win_bpc_comments,1786210695506,70.9489,2.58601,100
cond_win_bpc_comments,1786210745182,70.9627,2.58715,100
cond_win_bpc_comments,1786210768161,70.9691,2.5893,100
cond_win_bpc_comments,1786210777217,70.9716,2.59166,100
cond_win_bpc_comments,1786210814023,70.9818,2.5942,100
cond_win_bpc_comments,1786210837689,70.9884,2.59278,100
cond_win_bpc_comments,1786210841140,70.9893,2.59188,100
cond_win_bpc_comments,1786210844057,70.9901,2.58446,100
cond_win_bpc_comments,1786210844509,70.9903,2.58727,100
cond_win_bpc_comments,1786210848238,70.9913,2.59095,100
cond_win_bpc_comments,1786210851688,70.9923,2.59058,100
cond_win_bpc_comments,1786211010280,71.0363,2.59003,100
cond_win_bpc_comments,1786211010847,71.0365,2.59009,100
cond_win_bpc_comments,1786211069480,71.0528,2.58953,100
cond_win_bpc_comments,1786211123005,71.0676,2.58982,100
cond_win_bpc_comments,1786211131320,71.0699,2.59407,100
cond_win_bpc_comments,1786211145119,71.0738,2.59367,100
cond_win_bpc_comments,1786211145588,71.0739,2.58675,100
cond_win_bpc_comments,1786211146087,71.074,2.59051,100
cond_win_bpc_comments,1786211146589,71.0742,2.5897,100
cond_win_bpc_comments,1786211147076,71.0743,2.58844,100
cond_win_bpc_comments,1786211165745,71.0795,2.58717,100
cond_win_bpc_comments,1786211170336,71.0808,2.58728,100
cond_win_bpc_comments,1786211235128,71.0988,2.58112,100
cond_win_bpc_comments,1786211275244,71.1099,2.57741,100
cond_win_bpc_comments,1786211380461,71.1391,2.57799,100
cond_win_bpc_comments,1786211558116,71.1885,2.56995,100
cond_win_bpc_comments,1786211597607,71.1995,2.56393,100
cond_win_bpc_comments,1786211638755,71.2109,2.56235,100
cond_win_bpc_comments,1786211651180,71.2143,2.55924,100
cond_win_bpc_comments,1786211729393,71.2361,2.55328,100
cond_win_bpc_comments,1786211765436,71.2461,2.54877,100
cond_win_bpc_comments,1786211819109,71.261,2.55205,100
cond_win_bpc_comments,1786211819581,71.2611,2.55349,100
cond_win_bpc_comments,1786211820064,71.2612,2.55335,100
cond_win_bpc_comments,1786211827380,71.2633,2.55064,100
cond_win_bpc_comments,1786211837060,71.266,2.55562,100
cond_win_bpc_comments,1786211844889,71.2681,2.55822,100
cond_win_bpc_comments,1786211845393,71.2683,2.5589,100
cond_win_bpc_comments,1786211845705,71.2684,2.56144,100
cond_win_bpc_comments,1786211891556,71.2811,2.56665,100
cond_win_bpc_comments,1786211937140,71.2938,2.56172,100
cond_win_bpc_comments,1786211937299,71.2938,2.56077,100
cond_win_bpc_comments,1786211949289,71.2971,2.56278,100
cond_win_bpc_comments,1786211971705,71.3034,2.55968,100
cond_win_bpc_comments,1786212044802,71.3237,2.56413,100
cond_win_bpc_comments,1786212228958,71.3748,2.56952,100
cond_win_bpc_comments,1786212235534,71.3767,2.57154,100
cond_win_bpc_comments,1786212256595,71.3825,2.57507,100
cond_win_bpc_comments,1786212256884,71.3826,2.59491,100
cond_win_bpc_comments,1786212261482,71.3839,2.59688,100
cond_win_bpc_comments,1786212389208,71.4193,2.60335,100
cond_win_bpc_comments,1786212693501,71.5039,2.6055,100
cond_win_bpc_comments,1786212694231,71.5041,2.59739,100
cond_win_bpc_comments,1786212694947,71.5043,2.59995,100
cond_win_bpc_comments,1786212708993,71.5082,2.60634,100
cond_win_bpc_comments,1786212777694,71.5273,2.60375,100
cond_win_bpc_comments,1786213222854,71.6509,2.60081,100
cond_win_bpc_comments,1786213223605,71.6511,2.59777,100
cond_win_bpc_comments,1786213224317,71.6513,2.59854,100
cond_win_bpc_comments,1786213397428,71.6994,2.59844,100
cond_win_bpc_comments,1786213397590,71.6994,2.59635,100
cond_win_bpc_comments,1786213656387,71.7713,2.59235,100
cond_win_bpc_comments,1786213661163,71.7727,2.59568,100
cond_win_bpc_comments,1786213688272,71.7802,2.59528,100
cond_win_bpc_comments,1786213766566,71.8019,2.59582,100
cond_win_bpc_comments,1786214074185,71.8874,2.59732,100
cond_win_bpc_comments,1786214292703,71.9481,2.59702,100
cond_win_bpc_comments,1786214296693,71.9492,2.59826,100
cond_win_bpc_comments,1786214444147,71.9902,2.59629,100
cond_win_bpc_comments,1786214491509,72.0033,2.60275,100
cond_win_bpc_comments,1786214965065,72.1349,2.60155,100
cond_win_bpc_comments,1786215195826,72.199,2.59778,100
cond_win_bpc_comments,1786215203729,72.2012,2.59449,100
cond_win_bpc_comments,1786215672662,72.3314,2.59292,100
cond_win_bpc_comments,1786215816470,72.3714,2.59417,100
cond_win_bpc_comments,1786215843414,72.3788,2.59511,100
cond_win_bpc_comments,1786215868106,72.3857,2.5955,100
cond_win_bpc_comments,1786215869211,72.386,2.59505,100
cond_win_bpc_comments,1786215888751,72.3914,2.5942,100
cond_win_bpc_comments,1786215901855,72.3951,2.59501,100
cond_win_bpc_comments,1786215915055,72.3987,2.59472,100
cond_win_bpc_comments,1786216037715,72.4328,2.59356,100
cond_win_bpc_comments,1786216198403,72.4775,2.58907,100
cond_win_bpc_comments,1786216287565,72.5022,2.58668,100
cond_win_bpc_comments,1786216484533,72.5569,2.58191,100
cond_win_bpc_comments,1786216641007,72.6004,2.583,100
cond_win_bpc_comments,1786216853370,72.6594,2.58941,100
cond_win_bpc_comments,1786217328566,72.7914,2.58893,100
cond_win_bpc_comments,1786217329811,72.7917,2.59468,100
cond_win_bpc_comments,1786217428519,72.8192,2.59773,100
cond_win_bpc_comments,1786217486152,72.8352,2.61572,100
cond_win_bpc_comments,1786217531603,72.8478,2.61939,100
cond_win_bpc_comments,1786217591050,72.8643,2.61741,100
cond_win_bpc_comments,1786217666484,72.8853,2.61844,100
cond_win_bpc_comments,1786217694536,72.893,2.61741,100
cond_win_bpc_comments,1786217747280,72.9077,2.61345,100
cond_win_bpc_comments,1786217747879,72.9079,2.61083,100
cond_win_bpc_comments,1786217771028,72.9143,2.61169,100
cond_win_bpc_comments,1786217829570,72.9306,2.61616,100
cond_win_bpc_comments,1786217868582,72.9414,2.61703,100
cond_win_bpc_comments,1786217881784,72.9451,2.61964,100
cond_win_bpc_comments,1786217888868,72.947,2.62273,100
cond_win_bpc_comments,1786218077770,72.9995,2.62573,100
cond_win_bpc_comments,1786219081771,73.2784,2.622,100
cond_win_bpc_comments,1786219089867,73.2806,2.62181,100
cond_win_bpc_comments,1786219746815,73.4631,2.62025,100
cond_win_bpc_comments,1786219830270,73.4863,2.6285,100
cond_win_bpc_comments,1786219876895,73.4993,2.61984,100
cond_win_bpc_comments,1786219930971,73.5143,2.61772,100
cond_win_bpc_comments,1786219931677,73.5145,2.61666,100
cond_win_bpc_comments,1786220042593,73.5453,2.61356,100
cond_win_bpc_comments,1786220043295,73.5455,2.61222,100
cond_full_bpc_all,1785987302321,8.8952,3.34828,100
cond_full_bpc_all,1785987340519,8.9058,3.32643,100
cond_full_bpc_all,1785987472384,8.9424,3.31792,100
cond_full_bpc_all,1785987481223,8.9449,3.29803,100
cond_full_bpc_all,1785987501612,8.9506,3.28423,100
cond_full_bpc_all,1785987501846,8.9506,3.26772,100
cond_full_bpc_all,1785987681826,9.0006,3.25084,100
cond_full_bpc_all,1785987758636,9.022,3.23812,100
cond_full_bpc_all,1785987778631,9.0275,3.20889,100
cond_full_bpc_all,1785987793764,9.0317,3.17032,100
cond_full_bpc_all,1785987924549,9.068,3.13453,100
cond_full_bpc_all,1785987970371,9.0808,3.11926,100
cond_full_bpc_all,1785988142068,9.1285,3.10763,100
cond_full_bpc_all,1785988315174,9.1766,3.08523,100
cond_full_bpc_all,1785988425117,9.2071,3.06705,100
cond_full_bpc_all,1785988448872,9.2137,3.04653,100
cond_full_bpc_all,1785988773585,9.3039,3.02777,100
cond_full_bpc_all,1785988803466,9.3122,3.01558,100
cond_full_bpc_all,1785988896314,9.338,3.00163,100
cond_full_bpc_all,1785989096450,9.3936,2.9816,100
cond_full_bpc_all,1785989239659,9.4334,2.9678,100
cond_full_bpc_all,1785989294121,9.4485,2.9558,100
cond_full_bpc_all,1785989355909,9.4656,2.94545,100
cond_full_bpc_all,1785989356286,9.4658,2.93183,100
cond_full_bpc_all,1785989356669,9.4659,2.92332,100
cond_full_bpc_all,1785989357061,9.466,2.91795,100
cond_full_bpc_all,1785989357450,9.4661,2.91344,100
cond_full_bpc_all,1785989357844,9.4662,2.91237,100
cond_full_bpc_all,1785989358321,9.4663,2.90702,100
cond_full_bpc_all,1785989358744,9.4664,2.90677,100
cond_full_bpc_all,1785989359153,9.4666,2.90442,100
cond_full_bpc_all,1785989359554,9.4667,2.90223,100
cond_full_bpc_all,1785989359924,9.4668,2.90083,100
cond_full_bpc_all,1785989360365,9.4669,2.89916,100
cond_full_bpc_all,1785989360772,9.467,2.89582,100
cond_full_bpc_all,1785989361205,9.4671,2.88632,100
cond_full_bpc_all,1785989361701,9.4673,2.88434,100
cond_full_bpc_all,1785989362099,9.4674,2.88161,100
cond_full_bpc_all,1785989362472,9.4675,2.88035,100
cond_full_bpc_all,1785989362840,9.4676,2.87929,100
cond_full_bpc_all,1785989363212,9.4677,2.87458,100
cond_full_bpc_all,1785989363658,9.4678,2.87381,100
cond_full_bpc_all,1785989592706,9.5314,2.86657,100
cond_full_bpc_all,1785990211804,9.7034,2.86416,100
cond_full_bpc_all,1785990273835,9.7206,2.85705,100
cond_full_bpc_all,1785990538091,9.794,2.85449,100
cond_full_bpc_all,1785990596643,9.8103,2.84944,100
cond_full_bpc_all,1785990923580,9.9011,2.84562,100
cond_full_bpc_all,1785991082959,9.9454,2.84287,100
cond_full_bpc_all,1785991168677,9.9692,2.84044,100
cond_full_bpc_all,1785991214755,9.982,2.83755,100
cond_full_bpc_all,1785991232003,9.9868,2.82911,100
cond_full_bpc_all,1785991323980,10.0123,2.81963,100
cond_full_bpc_all,1785991363867,10.0234,2.81961,100
cond_full_bpc_all,1785992178024,10.2496,2.82062,100
cond_full_bpc_all,1785992178528,10.2497,2.81794,100
cond_full_bpc_all,1785992298225,10.283,2.81538,100
cond_full_bpc_all,1785992494080,10.3374,2.81508,100
cond_full_bpc_all,1785992517735,10.3439,2.81316,100
cond_full_bpc_all,1785992596814,10.3659,2.81272,100
cond_full_bpc_all,1785992602016,10.3673,2.80526,100
cond_full_bpc_all,1785993095848,10.5045,2.80681,100
cond_full_bpc_all,1785993161734,10.5228,2.80461,100
cond_full_bpc_all,1785993200043,10.5335,2.79587,100
cond_full_bpc_all,1785993631363,10.6533,2.79454,100
cond_full_bpc_all,1785993636934,10.6548,2.79153,100
cond_full_bpc_all,1785993642501,10.6564,2.79436,100
cond_full_bpc_all,1785993705752,10.6739,2.79258,100
cond_full_bpc_all,1785993706038,10.674,2.79236,100
cond_full_bpc_all,1785993711025,10.6754,2.79048,100
cond_full_bpc_all,1785993716245,10.6769,2.77362,100
cond_full_bpc_all,1785993761635,10.6895,2.77238,100
cond_full_bpc_all,1785993761920,10.6895,2.76728,100
cond_full_bpc_all,1785993762203,10.6896,2.76276,100
cond_full_bpc_all,1785993762488,10.6897,2.76213,100
cond_full_bpc_all,1785993762788,10.6898,2.76284,100
cond_full_bpc_all,1785993763080,10.6899,2.76129,100
cond_full_bpc_all,1785993763371,10.6899,2.76119,100
cond_full_bpc_all,1785993763661,10.69,2.76141,100
cond_full_bpc_all,1785993787332,10.6966,2.76295,100
cond_full_bpc_all,1785993787618,10.6967,2.76487,100
cond_full_bpc_all,1785993787913,10.6968,2.76704,100
cond_full_bpc_all,1785993788224,10.6968,2.76838,100
cond_full_bpc_all,1785993788590,10.6969,2.76589,100
cond_full_bpc_all,1785993788894,10.697,2.76643,100
cond_full_bpc_all,1785993789194,10.6971,2.76732,100
cond_full_bpc_all,1785993792241,10.698,2.76314,100
cond_full_bpc_all,1785994324631,10.8459,2.76069,100
cond_full_bpc_all,1785994581353,10.9172,2.75184,100
cond_full_bpc_all,1785994611131,10.9254,2.74725,100
cond_full_bpc_all,1785994681971,10.9451,2.74317,100
cond_full_bpc_all,1785994682478,10.9453,2.74257,100
cond_full_bpc_all,1785994750657,10.9642,2.73603,100
cond_full_bpc_all,1785994864286,10.9958,2.73412,100
cond_full_bpc_all,1785994940921,11.017,2.71983,100
cond_full_bpc_all,1785995099726,11.0612,2.71914,100
cond_full_bpc_all,1785995411053,11.1476,2.71372,100
cond_full_bpc_all,1785995935766,11.2934,2.70868,100
cond_full_bpc_all,1785996019918,11.3168,2.70577,100
cond_full_bpc_all,1785996204733,11.3681,2.70852,100
cond_full_bpc_all,1785996247567,11.38,2.71124,100
cond_full_bpc_all,1785996378092,11.4163,2.70693,100
cond_full_bpc_all,1785996388903,11.4193,2.70571,100
cond_full_bpc_all,1785996392648,11.4203,2.70655,100
cond_full_bpc_all,1785996514760,11.4542,2.70445,100
cond_full_bpc_all,1785996629690,11.4861,2.70373,100
cond_full_bpc_all,1785996634110,11.4874,2.70085,100
cond_full_bpc_all,1785996638475,11.4886,2.69955,100
cond_full_bpc_all,1785996849166,11.5471,2.69702,100
cond_full_bpc_all,1785997001575,11.5894,2.70132,100
cond_full_bpc_all,1785997022155,11.5952,2.7108,100
cond_full_bpc_all,1785997365436,11.6905,2.70655,100
cond_full_bpc_all,1785997430105,11.7085,2.70085,100
cond_full_bpc_all,1785997493775,11.7262,2.70105,100
cond_full_bpc_all,1785997620753,11.7614,2.70512,100
cond_full_bpc_all,1785997801146,11.8115,2.70751,100
cond_full_bpc_all,1785997972837,11.8592,2.7101,100
cond_full_bpc_all,1785998087956,11.8912,2.7012,100
cond_full_bpc_all,1785998202406,11.923,2.69936,100
cond_full_bpc_all,1785998231007,11.931,2.70018,100
cond_full_bpc_all,1785998232472,11.9314,2.69839,100
cond_full_bpc_all,1785998441917,11.9895,2.69225,100
cond_full_bpc_all,1785998467719,11.9967,2.69047,100
cond_full_bpc_all,1785998523827,12.0123,2.67913,100
cond_full_bpc_all,1785998599342,12.0333,2.67492,100
cond_full_bpc_all,1785998600051,12.0335,2.66523,100
cond_full_bpc_all,1785998923333,12.1233,2.6651,100
cond_full_bpc_all,1785999165270,12.1905,2.65283,100
cond_full_bpc_all,1785999350321,12.2419,2.64703,100
cond_full_bpc_all,1785999357460,12.2439,2.64626,100
cond_full_bpc_all,1785999371577,12.2478,2.6418,100
cond_full_bpc_all,1785999382091,12.2507,2.63991,100
cond_full_bpc_all,1785999386892,12.252,2.63978,100
cond_full_bpc_all,1785999458516,12.2719,2.63886,100
cond_full_bpc_all,1785999460745,12.2725,2.63752,100
cond_full_bpc_all,1785999461903,12.2729,2.63386,100
cond_full_bpc_all,1785999484565,12.2792,2.6301,100
cond_full_bpc_all,1785999556180,12.2991,2.63032,100
cond_full_bpc_all,1785999709818,12.3417,2.62865,100
cond_full_bpc_all,1785999741027,12.3504,2.63118,100
cond_full_bpc_all,1785999783763,12.3623,2.63113,100
cond_full_bpc_all,1785999859163,12.3832,2.62944,100
cond_full_bpc_all,1786000125984,12.4573,2.62944,100
cond_full_bpc_all,1786000223267,12.4844,2.62952,100
cond_full_bpc_all,1786000351037,12.5199,2.63695,100
cond_full_bpc_all,1786000351663,12.52,2.63023,100
cond_full_bpc_all,1786000382798,12.5287,2.63113,100
cond_full_bpc_all,1786000404733,12.5348,2.63142,100
cond_full_bpc_all,1786000535806,12.5712,2.63464,100
cond_full_bpc_all,1786000546487,12.5741,2.63339,100
cond_full_bpc_all,1786000680669,12.6114,2.63406,100
cond_full_bpc_all,1786000697722,12.6162,2.6446,100
cond_full_bpc_all,1786000734752,12.6264,2.64271,100
cond_full_bpc_all,1786000782982,12.6398,2.63831,100
cond_full_bpc_all,1786000817163,12.6493,2.62221,100
cond_full_bpc_all,1786000945348,12.6849,2.62334,100
cond_full_bpc_all,1786001116970,12.7326,2.61693,100
cond_full_bpc_all,1786001145124,12.7404,2.61488,100
cond_full_bpc_all,1786001181411,12.7505,2.60783,100
cond_full_bpc_all,1786001209577,12.7583,2.60484,100
cond_full_bpc_all,1786001241877,12.7673,2.60096,100
cond_full_bpc_all,1786001278149,12.7774,2.58572,100
cond_full_bpc_all,1786001317037,12.7882,2.57674,100
cond_full_bpc_all,1786001372212,12.8035,2.57527,100
cond_full_bpc_all,1786001420774,12.817,2.56798,100
cond_full_bpc_all,1786001478373,12.833,2.56691,100
cond_full_bpc_all,1786001550895,12.8531,2.56357,100
cond_full_bpc_all,1786001556120,12.8546,2.55831,100
cond_full_bpc_all,1786001598501,12.8664,2.55815,100
cond_full_bpc_all,1786001612936,12.8704,2.55655,100
cond_full_bpc_all,1786001701932,12.8951,2.5629,100
cond_full_bpc_all,1786001720272,12.9002,2.56038,100
cond_full_bpc_all,1786001781739,12.9173,2.55932,100
cond_full_bpc_all,1786002047673,12.9911,2.56131,100
cond_full_bpc_all,1786002086471,13.0019,2.56153,100
cond_full_bpc_all,1786002198271,13.033,2.56303,100
cond_full_bpc_all,1786002198734,13.0331,2.56188,100
cond_full_bpc_all,1786002199179,13.0332,2.5622,100
cond_full_bpc_all,1786002199625,13.0333,2.56052,100
cond_full_bpc_all,1786002200104,13.0335,2.55986,100
cond_full_bpc_all,1786002200558,13.0336,2.55995,100
cond_full_bpc_all,1786002321852,13.0673,2.55093,100
cond_full_bpc_all,1786002354676,13.0764,2.53761,100
cond_full_bpc_all,1786002427223,13.0966,2.53408,100
cond_full_bpc_all,1786002427734,13.0967,2.53105,100
cond_full_bpc_all,1786002617240,13.1494,2.53127,100
cond_full_bpc_all,1786002798191,13.1996,2.53274,100
cond_full_bpc_all,1786002817694,13.205,2.52914,100
cond_full_bpc_all,1786002818183,13.2052,2.53085,100
cond_full_bpc_all,1786002879380,13.2222,2.53299,100
cond_full_bpc_all,1786002894475,13.2264,2.5364,100
cond_full_bpc_all,1786002914793,13.232,2.53757,100
cond_full_bpc_all,1786003018248,13.2607,2.54032,100
cond_full_bpc_all,1786003195687,13.31,2.5425,100
cond_full_bpc_all,1786003525650,13.4017,2.54405,100
cond_full_bpc_all,1786003526114,13.4018,2.54414,100
cond_full_bpc_all,1786004073219,13.5538,2.5446,100
cond_full_bpc_all,1786004083330,13.5566,2.54595,100
cond_full_bpc_all,1786004151146,13.5754,2.54538,100
cond_full_bpc_all,1786004168014,13.5801,2.53551,100
cond_full_bpc_all,1786004350323,13.6308,2.53189,100
cond_full_bpc_all,1786004351461,13.6311,2.53234,100
cond_full_bpc_all,1786004352571,13.6314,2.53103,100
cond_full_bpc_all,1786004353696,13.6317,2.53148,100
cond_full_bpc_all,1786004372467,13.6369,2.52807,100
cond_full_bpc_all,1786004393736,13.6428,2.52672,100
cond_full_bpc_all,1786004407007,13.6465,2.52729,100
cond_full_bpc_all,1786004415188,13.6488,2.52689,100
cond_full_bpc_all,1786004437426,13.655,2.53168,100
cond_full_bpc_all,1786004475412,13.6655,2.52996,100
cond_full_bpc_all,1786004760195,13.7446,2.52518,100
cond_full_bpc_all,1786004955684,13.7989,2.52762,100
cond_full_bpc_all,1786005328449,13.9025,2.52948,100
cond_full_bpc_all,1786005380884,13.917,2.52728,100
cond_full_bpc_all,1786005523513,13.9567,2.52847,100
cond_full_bpc_all,1786005541839,13.9617,2.5283,100
cond_full_bpc_all,1786005561727,13.9673,2.52999,100
cond_full_bpc_all,1786005824317,14.0402,2.53233,100
cond_full_bpc_all,1786005950648,14.0753,2.53327,100
cond_full_bpc_all,1786005950998,14.0754,2.53321,100
cond_full_bpc_all,1786006339875,14.1834,2.52599,100
cond_full_bpc_all,1786006447193,14.2132,2.52818,100
cond_full_bpc_all,1786006900861,14.3392,2.52837,100
cond_full_bpc_all,1786007109650,14.3972,2.53123,100
cond_full_bpc_all,1786007959361,14.6333,2.53359,100
cond_full_bpc_all,1786008449746,14.7695,2.53791,100
cond_full_bpc_all,1786008601912,14.8118,2.53645,100
cond_full_bpc_all,1786008626919,14.8187,2.54542,100
cond_full_bpc_all,1786008642402,14.823,2.5512,100
cond_full_bpc_all,1786008642942,14.8232,2.55219,100
cond_full_bpc_all,1786008645746,14.8239,2.55377,100
cond_full_bpc_all,1786008650629,14.8253,2.55597,100
cond_full_bpc_all,1786008654780,14.8264,2.55502,100
cond_full_bpc_all,1786008770778,14.8587,2.5602,100
cond_full_bpc_all,1786008842920,14.8787,2.56066,100
cond_full_bpc_all,1786008868054,14.8857,2.56232,100
cond_full_bpc_all,1786008868998,14.886,2.56518,100
cond_full_bpc_all,1786008869714,14.8862,2.56544,100
cond_full_bpc_all,1786008888568,14.8914,2.55995,100
cond_full_bpc_all,1786008931901,14.9034,2.55056,100
cond_full_bpc_all,1786009268389,14.9969,2.55227,100
cond_full_bpc_all,1786009269694,14.9973,2.55488,100
cond_full_bpc_all,1786009396987,15.0326,2.55508,100
cond_full_bpc_all,1786009406169,15.0352,2.55308,100
cond_full_bpc_all,1786009430406,15.0419,2.54351,100
cond_full_bpc_all,1786009444719,15.0459,2.54548,100
cond_full_bpc_all,1786009461660,15.0506,2.54281,100
cond_full_bpc_all,1786009462024,15.0507,2.54311,100
cond_full_bpc_all,1786009498520,15.0608,2.54263,100
cond_full_bpc_all,1786009513733,15.065,2.5448,100
cond_full_bpc_all,1786009524366,15.068,2.54364,100
cond_full_bpc_all,1786009524996,15.0682,2.53746,100
cond_full_bpc_all,1786009576357,15.0824,2.54036,100
cond_full_bpc_all,1786010228578,15.2636,2.54274,100
cond_full_bpc_all,1786010515759,15.3434,2.55667,100
cond_full_bpc_all,1786010643969,15.379,2.55702,100
cond_full_bpc_all,1786010667458,15.3855,2.56444,100
cond_full_bpc_all,1786010671819,15.3867,2.56586,100
cond_full_bpc_all,1786010699035,15.3943,2.5687,100
cond_full_bpc_all,1786010716359,15.3991,2.57206,100
cond_full_bpc_all,1786010740486,15.4058,2.57871,100
cond_full_bpc_all,1786010741068,15.406,2.59152,100
cond_full_bpc_all,1786011112567,15.5092,2.59828,100
cond_full_bpc_all,1786011113022,15.5093,2.60924,100
cond_full_bpc_all,1786011113490,15.5094,2.61531,100
cond_full_bpc_all,1786011113942,15.5095,2.61592,100
cond_full_bpc_all,1786011162904,15.5231,2.62206,100
cond_full_bpc_all,1786011193265,15.5316,2.62851,100
cond_full_bpc_all,1786011555478,15.6322,2.62989,100
cond_full_bpc_all,1786011629048,15.6526,2.63214,100
cond_full_bpc_all,1786011710793,15.6753,2.63606,100
cond_full_bpc_all,1786011778068,15.694,2.64075,100
cond_full_bpc_all,1786012038268,15.7663,2.63814,100
cond_full_bpc_all,1786012220702,15.817,2.63507,100
cond_full_bpc_all,1786012231441,15.82,2.63523,100
cond_full_bpc_all,1786012563976,15.9123,2.62911,100
cond_full_bpc_all,1786012566844,15.9131,2.62981,100
cond_full_bpc_all,1786012569765,15.9139,2.62736,100
cond_full_bpc_all,1786012918956,16.0109,2.63142,100
cond_full_bpc_all,1786013135022,16.071,2.63388,100
cond_full_bpc_all,1786013145659,16.0739,2.63529,100
cond_full_bpc_all,1786013566422,16.1908,2.64864,100
cond_full_bpc_all,1786013569275,16.1916,2.67106,100
cond_full_bpc_all,1786013585541,16.1961,2.67928,100
cond_full_bpc_all,1786013725948,16.2351,2.68734,100
cond_full_bpc_all,1786014044025,16.3235,2.68287,100
cond_full_bpc_all,1786014048346,16.3247,2.68174,100
cond_full_bpc_all,1786014051289,16.3255,2.68551,100
cond_full_bpc_all,1786014054092,16.3263,2.68598,100
cond_full_bpc_all,1786014089891,16.3362,2.68421,100
cond_full_bpc_all,1786014465696,16.4406,2.67629,100
cond_full_bpc_all,1786014492756,16.4481,2.67926,100
cond_full_bpc_all,1786014652839,16.4926,2.66526,100
cond_full_bpc_all,1786014672828,16.4981,2.66152,100
cond_full_bpc_all,1786014673033,16.4982,2.66627,100
cond_full_bpc_all,1786014801891,16.534,2.65895,100
cond_full_bpc_all,1786014817296,16.5383,2.66065,100
cond_full_bpc_all,1786015000344,16.5891,2.65976,100
cond_full_bpc_all,1786015133818,16.6262,2.66441,100
cond_full_bpc_all,1786015142166,16.6285,2.67482,100
cond_full_bpc_all,1786015204126,16.6457,2.67707,100
cond_full_bpc_all,1786015207084,16.6465,2.67816,100
cond_full_bpc_all,1786015210089,16.6474,2.68117,100
cond_full_bpc_all,1786015310636,16.6753,2.67643,100
cond_full_bpc_all,1786015320935,16.6782,2.68066,100
cond_full_bpc_all,1786015410539,16.703,2.67611,100
cond_full_bpc_all,1786015610105,16.7585,2.67471,100
cond_full_bpc_all,1786016110802,16.8976,2.66835,100
cond_full_bpc_all,1786016126848,16.902,2.66017,100
cond_full_bpc_all,1786016194600,16.9208,2.65799,100
cond_full_bpc_all,1786016378349,16.9719,2.66625,100
cond_full_bpc_all,1786016398634,16.9775,2.66463,100
cond_full_bpc_all,1786016399407,16.9777,2.66321,100
cond_full_bpc_all,1786016426330,16.9852,2.66325,100
cond_full_bpc_all,1786016704259,17.0624,2.66357,100
cond_full_bpc_all,1786016717846,17.0662,2.66881,100
cond_full_bpc_all,1786016848152,17.1024,2.6672,100
cond_full_bpc_all,1786016848878,17.1026,2.66902,100
cond_full_bpc_all,1786016850192,17.103,2.67346,100
cond_full_bpc_all,1786017038738,17.1553,2.67094,100
cond_full_bpc_all,1786017038920,17.1554,2.67887,100
cond_full_bpc_all,1786017039110,17.1554,2.67833,100
cond_full_bpc_all,1786017039288,17.1555,2.67747,100
cond_full_bpc_all,1786017039452,17.1555,2.67357,100
cond_full_bpc_all,1786017232410,17.2091,2.68397,100
cond_full_bpc_all,1786017383136,17.251,2.68276,100
cond_full_bpc_all,1786018628658,17.597,2.68208,100
cond_full_bpc_all,1786018661711,17.6062,2.67806,100
cond_full_bpc_all,1786018794513,17.643,2.67125,100
cond_full_bpc_all,1786018803688,17.6456,2.6665,100
cond_full_bpc_all,1786018827012,17.6521,2.6638,100
cond_full_bpc_all,1786018876424,17.6658,2.65599,100
cond_full_bpc_all,1786018907630,17.6745,2.65466,100
cond_full_bpc_all,1786018908541,17.6747,2.65044,100
cond_full_bpc_all,1786018913240,17.676,2.64438,100
cond_full_bpc_all,1786018987643,17.6967,2.62366,100
cond_full_bpc_all,1786019100994,17.7282,2.61434,100
cond_full_bpc_all,1786019101467,17.7283,2.60857,100
cond_full_bpc_all,1786019102062,17.7285,2.61367,100
cond_full_bpc_all,1786019105041,17.7293,2.62319,100
cond_full_bpc_all,1786019107873,17.7301,2.61996,100
cond_full_bpc_all,1786019159674,17.7445,2.61265,100
cond_full_bpc_all,1786019193259,17.7538,2.61419,100
cond_full_bpc_all,1786019204195,17.7568,2.6111,100
cond_full_bpc_all,1786019204541,17.7569,2.61586,100
cond_full_bpc_all,1786019205561,17.7572,2.61312,100
cond_full_bpc_all,1786019213646,17.7595,2.61058,100
cond_full_bpc_all,1786019233768,17.7651,2.60849,100
cond_full_bpc_all,1786019237162,17.766,2.60199,100
cond_full_bpc_all,1786019260689,17.7725,2.60155,100
cond_full_bpc_all,1786019443532,17.8233,2.59747,100
cond_full_bpc_all,1786019460629,17.8281,2.59174,100
cond_full_bpc_all,1786019476936,17.8326,2.59064,100
cond_full_bpc_all,1786019478560,17.8331,2.58536,100
cond_full_bpc_all,1786019516595,17.8436,2.5791,100
cond_full_bpc_all,1786019842343,17.9341,2.57461,100
cond_full_bpc_all,1786019853444,17.9372,2.57308,100
cond_full_bpc_all,1786019853936,17.9373,2.57319,100
cond_full_bpc_all,1786019855231,17.9377,2.5681,100
cond_full_bpc_all,1786020141649,18.0172,2.56747,100
cond_full_bpc_all,1786020187076,18.0299,2.56697,100
cond_full_bpc_all,1786020199583,18.0333,2.56885,100
cond_full_bpc_all,1786020206532,18.0353,2.56995,100
cond_full_bpc_all,1786020210072,18.0363,2.56558,100
cond_full_bpc_all,1786020252743,18.0481,2.56804,100
cond_full_bpc_all,1786020254389,18.0486,2.56931,100
cond_full_bpc_all,1786020267236,18.0521,2.5665,100
cond_full_bpc_all,1786020294682,18.0598,2.56807,100
cond_full_bpc_all,1786020346358,18.0741,2.56636,100
cond_full_bpc_all,1786020355033,18.0765,2.56247,100
cond_full_bpc_all,1786020366836,18.0798,2.55876,100
cond_full_bpc_all,1786020415304,18.0933,2.55533,100
cond_full_bpc_all,1786020534166,18.1263,2.55952,100
cond_full_bpc_all,1786020542102,18.1285,2.55834,100
cond_full_bpc_all,1786020548608,18.1303,2.55889,100
cond_full_bpc_all,1786020556314,18.1324,2.56234,100
cond_full_bpc_all,1786020559239,18.1332,2.56194,100
cond_full_bpc_all,1786020563422,18.1344,2.56687,100
cond_full_bpc_all,1786020607736,18.1467,2.56232,100
cond_full_bpc_all,1786020721970,18.1784,2.56154,100
cond_full_bpc_all,1786020726423,18.1797,2.56027,100
cond_full_bpc_all,1786020731026,18.181,2.56034,100
cond_full_bpc_all,1786020802213,18.2007,2.56207,100
cond_full_bpc_all,1786020805429,18.2016,2.55989,100
cond_full_bpc_all,1786020807623,18.2022,2.55833,100
cond_full_bpc_all,1786020808332,18.2024,2.56021,100
cond_full_bpc_all,1786020811324,18.2033,2.5589,100
cond_full_bpc_all,1786020814274,18.2041,2.55759,100
cond_full_bpc_all,1786020857013,18.216,2.56063,100
cond_full_bpc_all,1786020858540,18.2164,2.55773,100
cond_full_bpc_all,1786020868732,18.2192,2.56075,100
cond_full_bpc_all,1786020887641,18.2245,2.55959,100
cond_full_bpc_all,1786020916220,18.2324,2.5652,100
cond_full_bpc_all,1786020949145,18.2415,2.56609,100
cond_full_bpc_all,1786020951430,18.2422,2.55865,100
cond_full_bpc_all,1786020951879,18.2423,2.56244,100
cond_full_bpc_all,1786021007321,18.2577,2.56794,100
cond_full_bpc_all,1786021103033,18.2843,2.56627,100
cond_full_bpc_all,1786021199398,18.3111,2.5593,100
cond_full_bpc_all,1786021205518,18.3128,2.55849,100
cond_full_bpc_all,1786021303577,18.34,2.55816,100
cond_full_bpc_all,1786021347602,18.3522,2.56094,100
cond_full_bpc_all,1786021347842,18.3523,2.56142,100
cond_full_bpc_all,1786021348006,18.3523,2.56496,100
cond_full_bpc_all,1786021535050,18.4043,2.56795,100
cond_full_bpc_all,1786021788112,18.4746,2.57091,100
cond_full_bpc_all,1786021794178,18.4763,2.57362,100
cond_full_bpc_all,1786021802585,18.4786,2.57935,100
cond_full_bpc_all,1786021855624,18.4933,2.58383,100
cond_full_bpc_all,1786021874534,18.4986,2.58663,100
cond_full_bpc_all,1786021940829,18.517,2.58863,100
cond_full_bpc_all,1786022067554,18.5522,2.58688,100
cond_full_bpc_all,1786022115597,18.5656,2.59142,100
cond_full_bpc_all,1786022116228,18.5657,2.5982,100
cond_full_bpc_all,1786022364208,18.6346,2.59597,100
cond_full_bpc_all,1786022388459,18.6414,2.59915,100
cond_full_bpc_all,1786022390124,18.6418,2.5998,100
cond_full_bpc_all,1786022410256,18.6474,2.58983,100
cond_full_bpc_all,1786022422769,18.6509,2.58801,100
cond_full_bpc_all,1786022458907,18.6609,2.59338,100
cond_full_bpc_all,1786022471637,18.6645,2.60033,100
cond_full_bpc_all,1786022520063,18.6779,2.60507,100
cond_full_bpc_all,1786022554475,18.6875,2.60802,100
cond_full_bpc_all,1786022559774,18.6889,2.61236,100
cond_full_bpc_all,1786022575686,18.6934,2.60452,100
cond_full_bpc_all,1786022689958,18.7251,2.60386,100
cond_full_bpc_all,1786022690363,18.7252,2.60487,100
cond_full_bpc_all,1786022690783,18.7253,2.60684,100
cond_full_bpc_all,1786022691230,18.7255,2.60736,100
cond_full_bpc_all,1786022712199,18.7313,2.60974,100
cond_full_bpc_all,1786022989068,18.8082,2.61168,100
cond_full_bpc_all,1786023338584,18.9053,2.60773,100
cond_full_bpc_all,1786023396255,18.9213,2.60647,100
cond_full_bpc_all,1786023515786,18.9545,2.60882,100
cond_full_bpc_all,1786023522664,18.9564,2.60938,100
cond_full_bpc_all,1786023524395,18.9569,2.62519,100
cond_full_bpc_all,1786023535683,18.96,2.63646,100
cond_full_bpc_all,1786023560243,18.9669,2.64923,100
cond_full_bpc_all,1786023581970,18.9729,2.65323,100
cond_full_bpc_all,1786023594950,18.9765,2.65547,100
cond_full_bpc_all,1786023731508,19.0144,2.65553,100
cond_full_bpc_all,1786023920280,19.0669,2.66212,100
cond_full_bpc_all,1786023920866,19.067,2.66124,100
cond_full_bpc_all,1786024004792,19.0903,2.66211,100
cond_full_bpc_all,1786024067664,19.1078,2.66371,100
cond_full_bpc_all,1786024100595,19.117,2.66433,100
cond_full_bpc_all,1786024225085,19.1515,2.66389,100
cond_full_bpc_all,1786024225507,19.1516,2.66491,100
cond_full_bpc_all,1786024225887,19.1518,2.66611,100
cond_full_bpc_all,1786024226284,19.1519,2.66513,100
cond_full_bpc_all,1786024226690,19.152,2.66944,100
cond_full_bpc_all,1786024411048,19.2032,2.67712,100
cond_full_bpc_all,1786024647902,19.269,2.68256,100
cond_full_bpc_all,1786024672485,19.2758,2.68774,100
cond_full_bpc_all,1786024672652,19.2759,2.69221,100
cond_full_bpc_all,1786024672835,19.2759,2.69817,100
cond_full_bpc_all,1786024721738,19.2895,2.6945,100
cond_full_bpc_all,1786024925414,19.3461,2.69445,100
cond_full_bpc_all,1786025114142,19.3985,2.69407,100
cond_full_bpc_all,1786025214539,19.4264,2.69798,100
cond_full_bpc_all,1786025405183,19.4793,2.69787,100
cond_full_bpc_all,1786025408709,19.4803,2.69601,100
cond_full_bpc_all,1786025412083,19.4813,2.69561,100
cond_full_bpc_all,1786025413586,19.4817,2.7013,100
cond_full_bpc_all,1786025498761,19.5053,2.69806,100
cond_full_bpc_all,1786025721627,19.5672,2.69938,100
cond_full_bpc_all,1786025984190,19.6402,2.70312,100
cond_full_bpc_all,1786026790135,19.864,2.69978,100
cond_full_bpc_all,1786027081930,19.9451,2.70055,100
cond_full_bpc_all,1786027082514,19.9453,2.69996,100
cond_full_bpc_all,1786027083125,19.9454,2.70175,100
cond_full_bpc_all,1786027329966,20.014,2.68893,100
cond_full_bpc_all,1786027355716,20.0212,2.68365,100
cond_full_bpc_all,1786027367729,20.0245,2.68179,100
cond_full_bpc_all,1786027435063,20.0432,2.67145,100
cond_full_bpc_all,1786027480392,20.0558,2.65737,100
cond_full_bpc_all,1786027490772,20.0587,2.66028,100
cond_full_bpc_all,1786027497752,20.0606,2.65691,100
cond_full_bpc_all,1786027540434,20.0725,2.65803,100
cond_full_bpc_all,1786027694905,20.1154,2.65509,100
cond_full_bpc_all,1786027732344,20.1258,2.65313,100
cond_full_bpc_all,1786027793323,20.1427,2.6405,100
cond_full_bpc_all,1786027826305,20.1519,2.6407,100
cond_full_bpc_all,1786028156619,20.2436,2.64122,100
cond_full_bpc_all,1786028156807,20.2437,2.64167,100
cond_full_bpc_all,1786028156975,20.2437,2.64207,100
cond_full_bpc_all,1786028222840,20.262,2.64329,100
cond_full_bpc_all,1786028223054,20.2621,2.6443,100
cond_full_bpc_all,1786028506669,20.3409,2.64357,100
cond_full_bpc_all,1786028659086,20.3832,2.64327,100
cond_full_bpc_all,1786028699168,20.3943,2.63799,100
cond_full_bpc_all,1786028893777,20.4484,2.63837,100
cond_full_bpc_all,1786029000397,20.478,2.64555,100
cond_full_bpc_all,1786029027742,20.4856,2.64608,100
cond_full_bpc_all,1786029074371,20.4986,2.65522,100
cond_full_bpc_all,1786029160291,20.5224,2.64518,100
cond_full_bpc_all,1786029216070,20.5379,2.63878,100
cond_full_bpc_all,1786029216521,20.538,2.63964,100
cond_full_bpc_all,1786029216910,20.5382,2.64306,100
cond_full_bpc_all,1786029225082,20.5404,2.64395,100
cond_full_bpc_all,1786030176617,20.8047,2.64163,100
cond_full_bpc_all,1786030284428,20.8347,2.63126,100
cond_full_bpc_all,1786030307283,20.841,2.63036,100
cond_full_bpc_all,1786030309698,20.8417,2.62193,100
cond_full_bpc_all,1786030364229,20.8568,2.61856,100
cond_full_bpc_all,1786030390263,20.8641,2.61821,100
cond_full_bpc_all,1786030390593,20.8642,2.61758,100
cond_full_bpc_all,1786030390727,20.8642,2.61396,100
cond_full_bpc_all,1786030519173,20.8999,2.61182,100
cond_full_bpc_all,1786030590360,20.9197,2.61151,100
cond_full_bpc_all,1786030619448,20.9277,2.61083,100
cond_full_bpc_all,1786030708344,20.9524,2.61589,100
cond_full_bpc_all,1786030713418,20.9538,2.60549,100
cond_full_bpc_all,1786030726207,20.9574,2.5989,100
cond_full_bpc_all,1786030818895,20.9831,2.59939,100
cond_full_bpc_all,1786030856978,20.9937,2.59414,100
cond_full_bpc_all,1786030925084,21.0126,2.58847,100
cond_full_bpc_all,1786030999254,21.0332,2.60081,100
cond_full_bpc_all,1786031172477,21.0814,2.59241,100
cond_full_bpc_all,1786031374834,21.1376,2.58356,100
cond_full_bpc_all,1786031390559,21.1419,2.58038,100
cond_full_bpc_all,1786031395470,21.1433,2.57819,100
cond_full_bpc_all,1786031402443,21.1452,2.57563,100
cond_full_bpc_all,1786031427697,21.1523,2.57626,100
cond_full_bpc_all,1786031428083,21.1524,2.57725,100
cond_full_bpc_all,1786031428470,21.1525,2.5774,100
cond_full_bpc_all,1786031540889,21.1837,2.57492,100
cond_full_bpc_all,1786031622654,21.2064,2.57067,100
cond_full_bpc_all,1786031634200,21.2096,2.56334,100
cond_full_bpc_all,1786031951944,21.2979,2.56504,100
cond_full_bpc_all,1786032108193,21.3413,2.56193,100
cond_full_bpc_all,1786032116160,21.3435,2.56602,100
cond_full_bpc_all,1786032163778,21.3567,2.5682,100
cond_full_bpc_all,1786032315163,21.3988,2.56665,100
cond_full_bpc_all,1786032332839,21.4037,2.56954,100
cond_full_bpc_all,1786032444464,21.4347,2.57306,100
cond_full_bpc_all,1786032576415,21.4713,2.57009,100
cond_full_bpc_all,1786032576924,21.4715,2.5656,100
cond_full_bpc_all,1786032649808,21.4917,2.56494,100
cond_full_bpc_all,1786032650052,21.4918,2.5646,100
cond_full_bpc_all,1786032677474,21.4994,2.56416,100
cond_full_bpc_all,1786032687718,21.5023,2.56218,100
cond_full_bpc_all,1786032730250,21.5141,2.56038,100
cond_full_bpc_all,1786032873585,21.5539,2.56236,100
cond_full_bpc_all,1786032895016,21.5598,2.56113,100
cond_full_bpc_all,1786033003421,21.59,2.56009,100
cond_full_bpc_all,1786033096527,21.6158,2.56282,100
cond_full_bpc_all,1786033222133,21.6507,2.55958,100
cond_full_bpc_all,1786033222667,21.6509,2.56114,100
cond_full_bpc_all,1786033305260,21.6738,2.55711,100
cond_full_bpc_all,1786033349351,21.6861,2.55139,100
cond_full_bpc_all,1786033349671,21.6861,2.54572,100
cond_full_bpc_all,1786033350021,21.6862,2.54026,100
cond_full_bpc_all,1786033350455,21.6864,2.53326,100
cond_full_bpc_all,1786033350765,21.6864,2.52763,100
cond_full_bpc_all,1786033351051,21.6865,2.51935,100
cond_full_bpc_all,1786033351320,21.6866,2.51462,100
cond_full_bpc_all,1786033351659,21.6867,2.50621,100
cond_full_bpc_all,1786033351957,21.6868,2.5012,100
cond_full_bpc_all,1786033352214,21.6868,2.48862,100
cond_full_bpc_all,1786033379810,21.6945,2.48868,100
cond_full_bpc_all,1786033399393,21.7,2.48363,100
cond_full_bpc_all,1786033414808,21.7042,2.48424,100
cond_full_bpc_all,1786033440843,21.7115,2.47443,100
cond_full_bpc_all,1786033463533,21.7178,2.47499,100
cond_full_bpc_all,1786033465895,21.7184,2.4743,100
cond_full_bpc_all,1786033466517,21.7186,2.47443,100
cond_full_bpc_all,1786033590843,21.7531,2.47382,100
cond_full_bpc_all,1786033606155,21.7574,2.47387,100
cond_full_bpc_all,1786033611648,21.7589,2.47598,100
cond_full_bpc_all,1786033617108,21.7604,2.47566,100
cond_full_bpc_all,1786033710792,21.7865,2.48318,100
cond_full_bpc_all,1786033768879,21.8026,2.48432,100
cond_full_bpc_all,1786033796794,21.8103,2.48586,100
cond_full_bpc_all,1786033854367,21.8263,2.49387,100
cond_full_bpc_all,1786033859641,21.8278,2.50015,100
cond_full_bpc_all,1786034322145,21.9563,2.49954,100
cond_full_bpc_all,1786034438285,21.9885,2.4978,100
cond_full_bpc_all,1786034496622,22.0047,2.50004,100
cond_full_bpc_all,1786034539635,22.0167,2.50128,100
cond_full_bpc_all,1786034643798,22.0456,2.5029,100
cond_full_bpc_all,1786034723534,22.0678,2.50762,100
cond_full_bpc_all,1786034807133,22.091,2.5038,100
cond_full_bpc_all,1786034819384,22.0944,2.50345,100
cond_full_bpc_all,1786034915554,22.1211,2.50364,100
cond_full_bpc_all,1786035283778,22.2234,2.50336,100
cond_full_bpc_all,1786035317247,22.2327,2.49988,100
cond_full_bpc_all,1786035449240,22.2694,2.49497,100
cond_full_bpc_all,1786035701705,22.3395,2.4952,100
cond_full_bpc_all,1786035779642,22.3611,2.50158,100
cond_full_bpc_all,1786035962929,22.412,2.50137,100
cond_full_bpc_all,1786036053590,22.4372,2.50014,100
cond_full_bpc_all,1786036146415,22.463,2.50195,100
cond_full_bpc_all,1786036147566,22.4633,2.50315,100
cond_full_bpc_all,1786036251426,22.4922,2.50236,100
cond_full_bpc_all,1786036318361,22.5108,2.50984,100
cond_full_bpc_all,1786036319488,22.5111,2.51274,100
cond_full_bpc_all,1786036320621,22.5114,2.51365,100
cond_full_bpc_all,1786036321757,22.5117,2.51524,100
cond_full_bpc_all,1786036401087,22.5338,2.5152,100
cond_full_bpc_all,1786036464844,22.5515,2.51595,100
cond_full_bpc_all,1786036554370,22.5763,2.51862,100
cond_full_bpc_all,1786036654947,22.6043,2.51602,100
cond_full_bpc_all,1786036749235,22.6305,2.52386,100
cond_full_bpc_all,1786036800551,22.6447,2.52063,100
cond_full_bpc_all,1786036803628,22.6456,2.51853,100
cond_full_bpc_all,1786036804371,22.6458,2.51559,100
cond_full_bpc_all,1786036840882,22.6559,2.51034,100
cond_full_bpc_all,1786036957564,22.6883,2.51386,100
cond_full_bpc_all,1786036958790,22.6887,2.5155,100
cond_full_bpc_all,1786037009840,22.7029,2.5141,100
cond_full_bpc_all,1786037021694,22.7061,2.51023,100
cond_full_bpc_all,1786037028518,22.708,2.51507,100
cond_full_bpc_all,1786037050570,22.7142,2.51715,100
cond_full_bpc_all,1786037235231,22.7655,2.51655,100
cond_full_bpc_all,1786037414258,22.8152,2.51866,100
cond_full_bpc_all,1786037449044,22.8249,2.52444,100
cond_full_bpc_all,1786037514356,22.843,2.5236,100
cond_full_bpc_all,1786037551322,22.8533,2.52977,100
cond_full_bpc_all,1786037573315,22.8594,2.52985,100
cond_full_bpc_all,1786037573984,22.8596,2.52406,100
cond_full_bpc_all,1786037623763,22.8734,2.52479,100
cond_full_bpc_all,1786037696332,22.8935,2.51298,100
cond_full_bpc_all,1786037814148,22.9263,2.51001,100
cond_full_bpc_all,1786037911105,22.9532,2.50852,100
cond_full_bpc_all,1786038156906,23.0215,2.50884,100
cond_full_bpc_all,1786038157447,23.0216,2.51213,100
cond_full_bpc_all,1786038157945,23.0218,2.51404,100
cond_full_bpc_all,1786038158445,23.0219,2.52095,100
cond_full_bpc_all,1786038158939,23.022,2.52021,100
cond_full_bpc_all,1786038286738,23.0575,2.51001,100
cond_full_bpc_all,1786038338476,23.0719,2.5131,100
cond_full_bpc_all,1786038339172,23.0721,2.50993,100
cond_full_bpc_all,1786038339880,23.0723,2.50677,100
cond_full_bpc_all,1786038340609,23.0725,2.50734,100
cond_full_bpc_all,1786038371100,23.081,2.49591,100
cond_full_bpc_all,1786038371459,23.0811,2.49305,100
cond_full_bpc_all,1786038483689,23.1123,2.48917,100
cond_full_bpc_all,1786038572570,23.1369,2.49233,100
cond_full_bpc_all,1786038584607,23.1403,2.49197,100
cond_full_bpc_all,1786038600342,23.1447,2.49274,100
cond_full_bpc_all,1786038730072,23.1807,2.49046,100
cond_full_bpc_all,1786038730544,23.1808,2.48014,100
cond_full_bpc_all,1786038730996,23.181,2.47927,100
cond_full_bpc_all,1786038731448,23.1811,2.47691,100
cond_full_bpc_all,1786038731902,23.1812,2.47413,100
cond_full_bpc_all,1786038740507,23.1836,2.46974,100
cond_full_bpc_all,1786038741005,23.1837,2.46485,100
cond_full_bpc_all,1786038741470,23.1839,2.46297,100
cond_full_bpc_all,1786038741963,23.184,2.46513,100
cond_full_bpc_all,1786038742433,23.1841,2.46632,100
cond_full_bpc_all,1786038845072,23.2126,2.46458,100
cond_full_bpc_all,1786038921857,23.234,2.46793,100
cond_full_bpc_all,1786039058390,23.2719,2.47025,100
cond_full_bpc_all,1786039122731,23.2898,2.47784,100
cond_full_bpc_all,1786039166386,23.3019,2.48852,100
cond_full_bpc_all,1786039201214,23.3116,2.49485,100
cond_full_bpc_all,1786039235811,23.3212,2.50403,100
cond_full_bpc_all,1786039241319,23.3227,2.51336,100
cond_full_bpc_all,1786039259731,23.3278,2.52138,100
cond_full_bpc_all,1786039276804,23.3326,2.52394,100
cond_full_bpc_all,1786039280272,23.3335,2.52905,100
cond_full_bpc_all,1786039371002,23.3587,2.52721,100
cond_full_bpc_all,1786039385135,23.3627,2.5343,100
cond_full_bpc_all,1786039410174,23.3696,2.53201,100
cond_full_bpc_all,1786039442226,23.3785,2.52995,100
cond_full_bpc_all,1786039459419,23.3833,2.52683,100
cond_full_bpc_all,1786039581527,23.4172,2.52503,100
cond_full_bpc_all,1786039620411,23.428,2.52506,100
cond_full_bpc_all,1786039635476,23.4322,2.52733,100
cond_full_bpc_all,1786039663308,23.4399,2.53045,100
cond_full_bpc_all,1786039686513,23.4464,2.5311,100
cond_full_bpc_all,1786039687021,23.4465,2.53443,100
cond_full_bpc_all,1786039687502,23.4466,2.53805,100
cond_full_bpc_all,1786039688011,23.4468,2.53625,100
cond_full_bpc_all,1786039688466,23.4469,2.54059,100
cond_full_bpc_all,1786039942925,23.5176,2.5288,100
cond_full_bpc_all,1786039943171,23.5177,2.5307,100
cond_full_bpc_all,1786040223088,23.5954,2.53438,100
cond_full_bpc_all,1786040369611,23.6361,2.53363,100
cond_full_bpc_all,1786040476085,23.6657,2.52819,100
cond_full_bpc_all,1786040639998,23.7112,2.51704,100
cond_full_bpc_all,1786040709014,23.7304,2.51745,100
cond_full_bpc_all,1786040738409,23.7386,2.51493,100
cond_full_bpc_all,1786040790563,23.7531,2.51879,100
cond_full_bpc_all,1786040844369,23.768,2.52082,100
cond_full_bpc_all,1786040844978,23.7682,2.52415,100
cond_full_bpc_all,1786040857939,23.7718,2.52995,100
cond_full_bpc_all,1786040961753,23.8006,2.5294,100
cond_full_bpc_all,1786040986456,23.8075,2.52209,100
cond_full_bpc_all,1786041071389,23.8311,2.52503,100
cond_full_bpc_all,1786041081683,23.8339,2.52519,100
cond_full_bpc_all,1786041082348,23.8341,2.52294,100
cond_full_bpc_all,1786041082725,23.8342,2.52058,100
cond_full_bpc_all,1786041105361,23.8405,2.52108,100
cond_full_bpc_all,1786041282141,23.8896,2.51717,100
cond_full_bpc_all,1786041340473,23.9058,2.51343,100
cond_full_bpc_all,1786041376165,23.9157,2.50432,100
cond_full_bpc_all,1786041428303,23.9302,2.50249,100
cond_full_bpc_all,1786041428745,23.9303,2.50196,100
cond_full_bpc_all,1786041429217,23.9305,2.50106,100
cond_full_bpc_all,1786041524713,23.957,2.49985,100
cond_full_bpc_all,1786041695621,24.0045,2.50164,100
cond_full_bpc_all,1786041875445,24.0544,2.498,100
cond_full_bpc_all,1786042099119,24.1165,2.50195,100
cond_full_bpc_all,1786042403177,24.201,2.50515,100
cond_full_bpc_all,1786042409519,24.2028,2.50165,100
cond_full_bpc_all,1786042440095,24.2113,2.5086,100
cond_full_bpc_all,1786042447320,24.2133,2.50676,100
cond_full_bpc_all,1786042447655,24.2134,2.50481,100
cond_full_bpc_all,1786042447988,24.2134,2.50614,100
cond_full_bpc_all,1786042448330,24.2135,2.50834,100
cond_full_bpc_all,1786042448676,24.2136,2.50841,100
cond_full_bpc_all,1786042608609,24.2581,2.50662,100
cond_full_bpc_all,1786042609319,24.2583,2.50423,100
cond_full_bpc_all,1786042610048,24.2585,2.50404,100
cond_full_bpc_all,1786042709077,24.286,2.50038,100
cond_full_bpc_all,1786042924538,24.3458,2.49944,100
cond_full_bpc_all,1786043314525,24.4542,2.60762,100
cond_full_bpc_all,1786043551607,24.52,2.61124,100
cond_full_bpc_all,1786043581748,24.5284,2.6166,100
cond_full_bpc_all,1786043605702,24.535,2.61569,100
cond_full_bpc_all,1786043605980,24.5351,2.62967,100
cond_full_bpc_all,1786043606251,24.5352,2.63076,100
cond_full_bpc_all,1786043606567,24.5353,2.63008,100
cond_full_bpc_all,1786043668894,24.5526,2.63023,100
cond_full_bpc_all,1786043762649,24.5786,2.62989,100
cond_full_bpc_all,1786043854787,24.6042,2.62527,100
cond_full_bpc_all,1786044020026,24.6501,2.62317,100
cond_full_bpc_all,1786044260842,24.717,2.61975,100
cond_full_bpc_all,1786044277169,24.7216,2.62841,100
cond_full_bpc_all,1786044306608,24.7297,2.62866,100
cond_full_bpc_all,1786044608618,24.8136,2.62617,100
cond_full_bpc_all,1786044608856,24.8137,2.62644,100
cond_full_bpc_all,1786044609043,24.8137,2.62411,100
cond_full_bpc_all,1786044609238,24.8138,2.63163,100
cond_full_bpc_all,1786044609414,24.8138,2.63548,100
cond_full_bpc_all,1786044609600,24.8139,2.6367,100
cond_full_bpc_all,1786044609789,24.8139,2.63115,100
cond_full_bpc_all,1786044609960,24.814,2.62725,100
cond_full_bpc_all,1786044610151,24.8141,2.62275,100
cond_full_bpc_all,1786044610340,24.8141,2.62237,100
cond_full_bpc_all,1786044620119,24.8168,2.63201,100
cond_full_bpc_all,1786044620237,24.8169,2.6348,100
cond_full_bpc_all,1786044620358,24.8169,2.63862,100
cond_full_bpc_all,1786044620507,24.8169,2.64201,100
cond_full_bpc_all,1786044769688,24.8584,2.64712,100
cond_full_bpc_all,1786045035188,24.9321,2.65437,100
cond_full_bpc_all,1786045191993,24.9757,2.65811,100
cond_full_bpc_all,1786045267312,24.9966,2.6552,100
cond_full_bpc_all,1786045303249,25.0066,2.65471,100
cond_full_bpc_all,1786045319272,25.011,2.65527,100
cond_full_bpc_all,1786045507116,25.0632,2.65649,100
cond_full_bpc_all,1786045562381,25.0786,2.66392,100
cond_full_bpc_all,1786045694305,25.1152,2.65917,100
cond_full_bpc_all,1786045722365,25.123,2.65659,100
cond_full_bpc_all,1786045788881,25.1415,2.65629,100
cond_full_bpc_all,1786045797602,25.1439,2.65884,100
cond_full_bpc_all,1786045823368,25.1511,2.64974,100
cond_full_bpc_all,1786045840839,25.1559,2.65526,100
cond_full_bpc_all,1786045879326,25.1666,2.64922,100
cond_full_bpc_all,1786045879866,25.1667,2.64226,100
cond_full_bpc_all,1786045900020,25.1723,2.6448,100
cond_full_bpc_all,1786045940422,25.1836,2.64042,100
cond_full_bpc_all,1786045986531,25.1964,2.64411,100
cond_full_bpc_all,1786045987006,25.1965,2.64757,100
cond_full_bpc_all,1786045987518,25.1967,2.651,100
cond_full_bpc_all,1786045988091,25.1968,2.65815,100
cond_full_bpc_all,1786046057078,25.216,2.65198,100
cond_full_bpc_all,1786046057558,25.2161,2.63814,100
cond_full_bpc_all,1786046102823,25.2287,2.63405,100
cond_full_bpc_all,1786046114974,25.2321,2.62741,100
cond_full_bpc_all,1786046195115,25.2543,2.62375,100
cond_full_bpc_all,1786046460456,25.328,2.61417,100
cond_full_bpc_all,1786046460675,25.3281,2.6117,100
cond_full_bpc_all,1786046460868,25.3281,2.6054,100
cond_full_bpc_all,1786046461068,25.3282,2.60806,100
cond_full_bpc_all,1786046461263,25.3282,2.60434,100
cond_full_bpc_all,1786046461458,25.3283,2.60035,100
cond_full_bpc_all,1786046461633,25.3284,2.60105,100
cond_full_bpc_all,1786046542593,25.3508,2.5964,100
cond_full_bpc_all,1786046598794,25.3665,2.60812,100
cond_full_bpc_all,1786046741190,25.406,2.60368,100
cond_full_bpc_all,1786046802470,25.423,2.60685,100
cond_full_bpc_all,1786046846117,25.4352,2.60505,100
cond_full_bpc_all,1786046960372,25.4669,2.59062,100
cond_full_bpc_all,1786046965417,25.4683,2.59017,100
cond_full_bpc_all,1786046984691,25.4736,2.58934,100
cond_full_bpc_all,1786046985008,25.4737,2.58871,100
cond_full_bpc_all,1786046997037,25.4771,2.59365,100
cond_full_bpc_all,1786047004237,25.4791,2.58919,100
cond_full_bpc_all,1786047065674,25.4961,2.58915,100
cond_full_bpc_all,1786047164340,25.5235,2.58667,100
cond_full_bpc_all,1786047210936,25.5365,2.58677,100
cond_full_bpc_all,1786047355110,25.5765,2.58689,100
cond_full_bpc_all,1786047355426,25.5766,2.58764,100
cond_full_bpc_all,1786047355727,25.5767,2.58828,100
cond_full_bpc_all,1786047356276,25.5769,2.59804,100
cond_full_bpc_all,1786047356574,25.5769,2.59853,100
cond_full_bpc_all,1786047391957,25.5868,2.59879,100
cond_full_bpc_all,1786047392436,25.5869,2.60056,100
cond_full_bpc_all,1786047424515,25.5958,2.60474,100
cond_full_bpc_all,1786047481376,25.6116,2.60179,100
cond_full_bpc_all,1786047488245,25.6135,2.6083,100
cond_full_bpc_all,1786047525780,25.6239,2.60672,100
cond_full_bpc_all,1786047526177,25.6241,2.6086,100
cond_full_bpc_all,1786047526601,25.6242,2.61657,100
cond_full_bpc_all,1786047526998,25.6243,2.61672,100
cond_full_bpc_all,1786047527389,25.6244,2.61646,100
cond_full_bpc_all,1786047527846,25.6245,2.61638,100
cond_full_bpc_all,1786047528248,25.6246,2.61527,100
cond_full_bpc_all,1786047528640,25.6247,2.61627,100
cond_full_bpc_all,1786047529076,25.6249,2.61743,100
cond_full_bpc_all,1786047691485,25.67,2.61469,100
cond_full_bpc_all,1786047718256,25.6774,2.61251,100
cond_full_bpc_all,1786047731530,25.6811,2.60848,100
cond_full_bpc_all,1786047891542,25.7255,2.60847,100
cond_full_bpc_all,1786047894649,25.7264,2.60738,100
cond_full_bpc_all,1786047913868,25.7317,2.48723,100
cond_full_bpc_all,1786047914507,25.7319,2.4874,100
cond_full_bpc_all,1786047915151,25.7321,2.48749,100
cond_full_bpc_all,1786048016538,25.7603,2.48634,100
cond_full_bpc_all,1786048038631,25.7664,2.48403,100
cond_full_bpc_all,1786048038933,25.7665,2.48442,100
cond_full_bpc_all,1786048052128,25.7702,2.48354,100
cond_full_bpc_all,1786048052674,25.7703,2.48216,100
cond_full_bpc_all,1786048053258,25.7705,2.48161,100
cond_full_bpc_all,1786048053795,25.7706,2.48368,100
cond_full_bpc_all,1786048056377,25.7713,2.48704,100
cond_full_bpc_all,1786048102993,25.7843,2.48557,100
cond_full_bpc_all,1786048190902,25.8087,2.48468,100
cond_full_bpc_all,1786048194534,25.8097,2.47977,100
cond_full_bpc_all,1786048218091,25.8163,2.4808,100
cond_full_bpc_all,1786048219484,25.8166,2.48228,100
cond_full_bpc_all,1786048272544,25.8314,2.48192,100
cond_full_bpc_all,1786048310136,25.8418,2.48089,100
cond_full_bpc_all,1786048331592,25.8478,2.48033,100
cond_full_bpc_all,1786048386624,25.8631,2.47225,100
cond_full_bpc_all,1786048386784,25.8631,2.46646,100
cond_full_bpc_all,1786048408545,25.8692,2.46924,100
cond_full_bpc_all,1786048409197,25.8693,2.47329,100
cond_full_bpc_all,1786048409906,25.8695,2.47521,100
cond_full_bpc_all,1786048410541,25.8697,2.47594,100
cond_full_bpc_all,1786048520906,25.9004,2.47047,100
cond_full_bpc_all,1786048652343,25.9369,2.47204,100
cond_full_bpc_all,1786048695336,25.9488,2.46733,100
cond_full_bpc_all,1786048697846,25.9495,2.46295,100
cond_full_bpc_all,1786048741735,25.9617,2.46203,100
cond_full_bpc_all,1786048779433,25.9722,2.4603,100
cond_full_bpc_all,1786048780440,25.9725,2.46099,100
cond_full_bpc_all,1786048781316,25.9727,2.4654,100
cond_full_bpc_all,1786048782319,25.973,2.47312,100
cond_full_bpc_all,1786048783400,25.9733,2.47141,100
cond_full_bpc_all,1786049115164,26.0654,2.47038,100
cond_full_bpc_all,1786049139404,26.0722,2.4731,100
cond_full_bpc_all,1786049197455,26.0883,2.47347,100
cond_full_bpc_all,1786049197845,26.0884,2.47381,100
cond_full_bpc_all,1786049198244,26.0885,2.47244,100
cond_full_bpc_all,1786049198646,26.0886,2.47983,100
cond_full_bpc_all,1786049218449,26.0941,2.47657,100
cond_full_bpc_all,1786049430940,26.1532,2.47561,100
cond_full_bpc_all,1786049470419,26.1641,2.48212,100
cond_full_bpc_all,1786049491117,26.1699,2.48378,100
cond_full_bpc_all,1786049549279,26.186,2.48493,100
cond_full_bpc_all,1786049550617,26.1864,2.48494,100
cond_full_bpc_all,1786049553227,26.1871,2.48806,100
cond_full_bpc_all,1786049587795,26.1967,2.49018,100
cond_full_bpc_all,1786049588034,26.1968,2.48984,100
cond_full_bpc_all,1786049611038,26.2032,2.49508,100
cond_full_bpc_all,1786049618042,26.2051,2.50533,100
cond_full_bpc_all,1786049752491,26.2425,2.50781,100
cond_full_bpc_all,1786049778158,26.2496,2.51022,100
cond_full_bpc_all,1786049870899,26.2754,2.51179,100
cond_full_bpc_all,1786049883503,26.2789,2.51593,100
cond_full_bpc_all,1786049884056,26.279,2.51481,100
cond_full_bpc_all,1786049964266,26.3013,2.51765,100
cond_full_bpc_all,1786049964450,26.3014,2.52491,100
cond_full_bpc_all,1786050338374,26.4052,2.5311,100
cond_full_bpc_all,1786050338576,26.4053,2.52306,100
cond_full_bpc_all,1786050354534,26.4097,2.5201,100
cond_full_bpc_all,1786050355321,26.4099,2.5336,100
cond_full_bpc_all,1786050540913,26.4615,2.53302,100
cond_full_bpc_all,1786050541555,26.4617,2.54343,100
cond_full_bpc_all,1786050587350,26.4744,2.54583,100
cond_full_bpc_all,1786050615043,26.4821,2.54527,100
cond_full_bpc_all,1786050694466,26.5041,2.56703,100
cond_full_bpc_all,1786050731107,26.5143,2.56945,100
cond_full_bpc_all,1786050760634,26.5225,2.57163,100
cond_full_bpc_all,1786050798975,26.5332,2.57199,100
cond_full_bpc_all,1786050839005,26.5443,2.56918,100
cond_full_bpc_all,1786050839535,26.5444,2.56963,100
cond_full_bpc_all,1786051092001,26.6146,2.57218,100
cond_full_bpc_all,1786051144939,26.6293,2.57425,100
cond_full_bpc_all,1786051212348,26.648,2.56637,100
cond_full_bpc_all,1786051212505,26.648,2.56188,100
cond_full_bpc_all,1786051357297,26.6883,2.56263,100
cond_full_bpc_all,1786051359825,26.689,2.563,100
cond_full_bpc_all,1786051444120,26.7124,2.56465,100
cond_full_bpc_all,1786051451401,26.7144,2.56444,100
cond_full_bpc_all,1786051451617,26.7145,2.56359,100
cond_full_bpc_all,1786051451947,26.7145,2.56262,100
cond_full_bpc_all,1786051647515,26.7689,2.56329,100
cond_full_bpc_all,1786051689872,26.7806,2.56527,100
cond_full_bpc_all,1786051735163,26.7932,2.56116,100
cond_full_bpc_all,1786051749204,26.7971,2.56245,100
cond_full_bpc_all,1786051904505,26.8403,2.56103,100
cond_full_bpc_all,1786052358551,26.9664,2.5655,100
cond_full_bpc_all,1786052414428,26.9819,2.56291,100
cond_full_bpc_all,1786052414965,26.9821,2.56195,100
cond_full_bpc_all,1786052495199,27.0043,2.56349,100
cond_full_bpc_all,1786052643473,27.0455,2.56022,100
cond_full_bpc_all,1786052852218,27.1035,2.55036,100
cond_full_bpc_all,1786052858842,27.1054,2.54652,100
cond_full_bpc_all,1786052930895,27.1254,2.55064,100
cond_full_bpc_all,1786053006550,27.1464,2.55711,100
cond_full_bpc_all,1786053010467,27.1475,2.56353,100
cond_full_bpc_all,1786053229776,27.2084,2.56565,100
cond_full_bpc_all,1786053231878,27.209,2.56395,100
cond_full_bpc_all,1786053299683,27.2278,2.56503,100
cond_full_bpc_all,1786053441945,27.2673,2.56465,100
cond_full_bpc_all,1786053662394,27.3286,2.56613,100
cond_full_bpc_all,1786053662785,27.3287,2.57061,100
cond_full_bpc_all,1786053663160,27.3288,2.57395,100
cond_full_bpc_all,1786053663525,27.3289,2.57469,100
cond_full_bpc_all,1786053663895,27.329,2.5742,100
cond_full_bpc_all,1786053704633,27.3403,2.57188,100
cond_full_bpc_all,1786053727789,27.3467,2.56914,100
cond_full_bpc_all,1786053735639,27.3489,2.56732,100
cond_full_bpc_all,1786053813540,27.3705,2.56752,100
cond_full_bpc_all,1786053822542,27.373,2.57329,100
cond_full_bpc_all,1786053828669,27.3747,2.58171,100
cond_full_bpc_all,1786053936534,27.4047,2.58738,100
cond_full_bpc_all,1786053941628,27.4061,2.58823,100
cond_full_bpc_all,1786053944007,27.4068,2.59339,100
cond_full_bpc_all,1786053944125,27.4068,2.59633,100
cond_full_bpc_all,1786053992838,27.4204,2.60119,100
cond_full_bpc_all,1786054005883,27.424,2.58778,100
cond_full_bpc_all,1786054069225,27.4416,2.60669,100
cond_full_bpc_all,1786054069486,27.4416,2.61784,100
cond_full_bpc_all,1786054069756,27.4417,2.61482,100
cond_full_bpc_all,1786054081781,27.4451,2.6033,100
cond_full_bpc_all,1786054262615,27.4953,2.59844,100
cond_full_bpc_all,1786054262906,27.4954,2.59514,100
cond_full_bpc_all,1786054291181,27.5032,2.60318,100
cond_full_bpc_all,1786054300516,27.5058,2.59791,100
cond_full_bpc_all,1786054354237,27.5207,2.60744,100
cond_full_bpc_all,1786054433999,27.5429,2.61211,100
cond_full_bpc_all,1786054511221,27.5643,2.61214,100
cond_full_bpc_all,1786054717794,27.6217,2.61404,100
cond_full_bpc_all,1786054763134,27.6343,2.61567,100
cond_full_bpc_all,1786054790221,27.6418,2.61394,100
cond_full_bpc_all,1786054825338,27.6516,2.61478,100
cond_full_bpc_all,1786054840759,27.6559,2.61482,100
cond_full_bpc_all,1786054846701,27.6575,2.61499,100
cond_full_bpc_all,1786054900715,27.6725,2.61683,100
cond_full_bpc_all,1786055171097,27.7476,2.61125,100
cond_full_bpc_all,1786055173655,27.7484,2.60995,100
cond_full_bpc_all,1786055299670,27.7834,2.60999,100
cond_full_bpc_all,1786055299984,27.7834,2.61097,100
cond_full_bpc_all,1786055300275,27.7835,2.61228,100
cond_full_bpc_all,1786055305675,27.785,2.61504,100
cond_full_bpc_all,1786055328542,27.7914,2.62124,100
cond_full_bpc_all,1786055368878,27.8026,2.61673,100
cond_full_bpc_all,1786055370764,27.8031,2.61902,100
cond_full_bpc_all,1786055387831,27.8079,2.62108,100
cond_full_bpc_all,1786055490641,27.8364,2.61687,100
cond_full_bpc_all,1786055525996,27.8462,2.61569,100
cond_full_bpc_all,1786055695150,27.8932,2.61257,100
cond_full_bpc_all,1786055764861,27.9126,2.61204,100
cond_full_bpc_all,1786056059891,27.9945,2.6157,100
cond_full_bpc_all,1786056099623,28.0056,2.61498,100
cond_full_bpc_all,1786056246260,28.0463,2.61523,100
cond_full_bpc_all,1786056280303,28.0558,2.6159,100
cond_full_bpc_all,1786056394604,28.0875,2.6181,100
cond_full_bpc_all,1786056423638,28.0956,2.62282,100
cond_full_bpc_all,1786056638251,28.1552,2.61033,100
cond_full_bpc_all,1786056639137,28.1554,2.61064,100
cond_full_bpc_all,1786056639942,28.1557,2.60709,100
cond_full_bpc_all,1786056640722,28.1559,2.61311,100
cond_full_bpc_all,1786056666211,28.163,2.61577,100
cond_full_bpc_all,1786056667507,28.1633,2.61444,100
cond_full_bpc_all,1786056668825,28.1637,2.61803,100
cond_full_bpc_all,1786056670111,28.164,2.61834,100
cond_full_bpc_all,1786056671399,28.1644,2.61714,100
cond_full_bpc_all,1786056672722,28.1648,2.61804,100
cond_full_bpc_all,1786056673992,28.1651,2.61377,100
cond_full_bpc_all,1786056675310,28.1655,2.61259,100
cond_full_bpc_all,1786056676595,28.1658,2.61325,100
cond_full_bpc_all,1786056677980,28.1662,2.61435,100
cond_full_bpc_all,1786056679276,28.1666,2.61552,100
cond_full_bpc_all,1786056680559,28.1669,2.62058,100
cond_full_bpc_all,1786056681848,28.1673,2.61997,100
cond_full_bpc_all,1786056683180,28.1677,2.62013,100
cond_full_bpc_all,1786056684503,28.168,2.63053,100
cond_full_bpc_all,1786056685790,28.1684,2.63766,100
cond_full_bpc_all,1786056687203,28.1688,2.63818,100
cond_full_bpc_all,1786056688518,28.1692,2.63845,100
cond_full_bpc_all,1786056879296,28.2221,2.6394,100
cond_full_bpc_all,1786056892531,28.2258,2.64038,100
cond_full_bpc_all,1786056906787,28.2298,2.63514,100
cond_full_bpc_all,1786057271491,28.3311,2.63791,100
cond_full_bpc_all,1786057398756,28.3664,2.63755,100
cond_full_bpc_all,1786057475432,28.3877,2.63636,100
cond_full_bpc_all,1786057652585,28.4369,2.62991,100
cond_full_bpc_all,1786057813022,28.4815,2.62951,100
cond_full_bpc_all,1786057887989,28.5023,2.6334,100
cond_full_bpc_all,1786057991095,28.531,2.63229,100
cond_full_bpc_all,1786058000520,28.5336,2.63648,100
cond_full_bpc_all,1786058147770,28.5745,2.63983,100
cond_full_bpc_all,1786058148322,28.5747,2.63982,100
cond_full_bpc_all,1786058148925,28.5748,2.64899,100
cond_full_bpc_all,1786058149519,28.575,2.66728,100
cond_full_bpc_all,1786058264060,28.6068,2.67459,100
cond_full_bpc_all,1786058500328,28.6724,2.67463,100
cond_full_bpc_all,1786058656401,28.7158,2.67545,100
cond_full_bpc_all,1786058841230,28.7671,2.67268,100
cond_full_bpc_all,1786058890526,28.7808,2.66831,100
cond_full_bpc_all,1786058930697,28.792,2.6752,100
cond_full_bpc_all,1786059067317,28.8299,2.67993,100
cond_full_bpc_all,1786059067661,28.83,2.6847,100
cond_full_bpc_all,1786059068014,28.8301,2.68345,100
cond_full_bpc_all,1786059068359,28.8302,2.68002,100
cond_full_bpc_all,1786059068701,28.8303,2.68074,100
cond_full_bpc_all,1786059069067,28.8304,2.68066,100
cond_full_bpc_all,1786059069426,28.8305,2.68172,100
cond_full_bpc_all,1786059069772,28.8306,2.68759,100
cond_full_bpc_all,1786059070119,28.8307,2.69304,100
cond_full_bpc_all,1786059070463,28.8308,2.69968,100
cond_full_bpc_all,1786059070816,28.8309,2.69702,100
cond_full_bpc_all,1786059071178,28.831,2.69767,100
cond_full_bpc_all,1786059071535,28.8311,2.69514,100
cond_full_bpc_all,1786059119123,28.8443,2.69676,100
cond_full_bpc_all,1786059214657,28.8709,2.70197,100
cond_full_bpc_all,1786059681699,29.0006,2.69043,100
cond_full_bpc_all,1786059682493,29.0008,2.68224,100
cond_full_bpc_all,1786060047103,29.1021,2.68113,100
cond_full_bpc_all,1786060421778,29.2062,2.70647,100
cond_full_bpc_all,1786060443504,29.2122,2.70408,100
cond_full_bpc_all,1786060463995,29.2179,2.7124,100
cond_full_bpc_all,1786060579986,29.2501,2.71754,100
cond_full_bpc_all,1786060584274,29.2513,2.7178,100
cond_full_bpc_all,1786060584318,29.2513,2.72291,100
cond_full_bpc_all,1786060592858,29.2537,2.72737,100
cond_full_bpc_all,1786060604503,29.2569,2.71817,100
cond_full_bpc_all,1786060690205,29.2807,2.72291,100
cond_full_bpc_all,1786060705666,29.285,2.72031,100
cond_full_bpc_all,1786060765769,29.3017,2.70255,100
cond_full_bpc_all,1786060853292,29.326,2.7026,100
cond_full_bpc_all,1786060853505,29.3261,2.69695,100
cond_full_bpc_all,1786060853722,29.3262,2.69574,100
cond_full_bpc_all,1786060861068,29.3282,2.70137,100
cond_full_bpc_all,1786060888803,29.3359,2.70177,100
cond_full_bpc_all,1786060927738,29.3467,2.6961,100
cond_full_bpc_all,1786060932258,29.348,2.67609,100
cond_full_bpc_all,1786061013815,29.3706,2.67655,100
cond_full_bpc_all,1786061014885,29.3709,2.68635,100
cond_full_bpc_all,1786061015978,29.3712,2.68896,100
cond_full_bpc_all,1786061073591,29.3872,2.68184,100
cond_full_bpc_all,1786061092726,29.3925,2.68219,100
cond_full_bpc_all,1786061112722,29.3981,2.68225,100
cond_full_bpc_all,1786061113618,29.3983,2.68902,100
cond_full_bpc_all,1786061201186,29.4227,2.68285,100
cond_full_bpc_all,1786061218864,29.4276,2.68835,100
cond_full_bpc_all,1786061246300,29.4352,2.69398,100
cond_full_bpc_all,1786061246353,29.4352,2.69149,100
cond_full_bpc_all,1786061247370,29.4355,2.69495,100
cond_full_bpc_all,1786061410755,29.4809,2.6901,100
cond_full_bpc_all,1786061528448,29.5136,2.69644,100
cond_full_bpc_all,1786061529132,29.5138,2.69711,100
cond_full_bpc_all,1786061529714,29.5139,2.69019,100
cond_full_bpc_all,1786061530312,29.5141,2.68744,100
cond_full_bpc_all,1786061530891,29.5143,2.68533,100
cond_full_bpc_all,1786061531458,29.5144,2.68376,100
cond_full_bpc_all,1786061991699,29.6423,2.65941,100
cond_full_bpc_all,1786062184308,29.6958,2.66012,100
cond_full_bpc_all,1786062185410,29.6961,2.68503,100
cond_full_bpc_all,1786062226799,29.7076,2.67242,100
cond_full_bpc_all,1786062226985,29.7076,2.66589,100
cond_full_bpc_all,1786062227144,29.7077,2.65975,100
cond_full_bpc_all,1786062227305,29.7077,2.63674,100
cond_full_bpc_all,1786062227462,29.7077,2.62786,100
cond_full_bpc_all,1786062227646,29.7078,2.62165,100
cond_full_bpc_all,1786062227806,29.7078,2.61836,100
cond_full_bpc_all,1786062255354,29.7155,2.60956,100
cond_full_bpc_all,1786062285250,29.7238,2.60694,100
cond_full_bpc_all,1786062286831,29.7242,2.60595,100
cond_full_bpc_all,1786062288397,29.7247,2.60582,100
cond_full_bpc_all,1786062289963,29.7251,2.6042,100
cond_full_bpc_all,1786062291575,29.7256,2.6004,100
cond_full_bpc_all,1786062293176,29.726,2.59958,100
cond_full_bpc_all,1786062294778,29.7264,2.59875,100
cond_full_bpc_all,1786062296372,29.7269,2.59584,100
cond_full_bpc_all,1786062297956,29.7273,2.59673,100
cond_full_bpc_all,1786062299520,29.7278,2.59323,100
cond_full_bpc_all,1786062301074,29.7282,2.59247,100
cond_full_bpc_all,1786062302660,29.7286,2.59162,100
cond_full_bpc_all,1786062304264,29.7291,2.59007,100
cond_full_bpc_all,1786062334119,29.7374,2.57695,100
cond_full_bpc_all,1786062452834,29.7704,2.57528,100
cond_full_bpc_all,1786062481328,29.7783,2.54795,100
cond_full_bpc_all,1786062593377,29.8094,2.54771,100
cond_full_bpc_all,1786062642621,29.8231,2.54237,100
cond_full_bpc_all,1786062709800,29.8417,2.54481,100
cond_full_bpc_all,1786062788588,29.8636,2.54332,100
cond_full_bpc_all,1786062832084,29.8757,2.54487,100
cond_full_bpc_all,1786062916623,29.8992,2.54266,100
cond_full_bpc_all,1786062975503,29.9155,2.53845,100
cond_full_bpc_all,1786063202666,29.9786,2.53812,100
cond_full_bpc_all,1786063258449,29.9941,2.53744,100
cond_full_bpc_all,1786063263013,29.9954,2.53767,100
cond_full_bpc_all,1786063270834,29.9976,2.53728,100
cond_full_bpc_all,1786063274512,29.9986,2.53597,100
cond_full_bpc_all,1786063299383,30.0055,2.5281,100
cond_full_bpc_all,1786063340858,30.017,2.52869,100
cond_full_bpc_all,1786063348256,30.0191,2.52649,100
cond_full_bpc_all,1786063360781,30.0226,2.52473,100
cond_full_bpc_all,1786063398287,30.033,2.52262,100
cond_full_bpc_all,1786063753134,30.1315,2.52165,100
cond_full_bpc_all,1786063759615,30.1333,2.51331,100
cond_full_bpc_all,1786063883943,30.1679,2.50806,100
cond_full_bpc_all,1786063900861,30.1726,2.50663,100
cond_full_bpc_all,1786064265445,30.2739,2.50689,100
cond_full_bpc_all,1786064286748,30.2798,2.50578,100
cond_full_bpc_all,1786064327635,30.2911,2.50726,100
cond_full_bpc_all,1786064337388,30.2938,2.50738,100
cond_full_bpc_all,1786064344011,30.2957,2.50637,100
cond_full_bpc_all,1786064351861,30.2979,2.50693,100
cond_full_bpc_all,1786064376550,30.3047,2.50446,100
cond_full_bpc_all,1786064386908,30.3076,2.49208,100
cond_full_bpc_all,1786064536271,30.3491,2.49367,100
cond_full_bpc_all,1786064642159,30.3785,2.49701,100
cond_full_bpc_all,1786064659456,30.3833,2.49661,100
cond_full_bpc_all,1786064667997,30.3857,2.479,100
cond_full_bpc_all,1786064669056,30.386,2.48389,100
cond_full_bpc_all,1786064669121,30.386,2.48426,100
cond_full_bpc_all,1786064670097,30.3863,2.47481,100
cond_full_bpc_all,1786064823381,30.4288,2.47332,100
cond_full_bpc_all,1786064968556,30.4692,2.47285,100
cond_full_bpc_all,1786064971813,30.4701,2.47343,100
cond_full_bpc_all,1786064986498,30.4741,2.47347,100
cond_full_bpc_all,1786065056336,30.4935,2.47577,100
cond_full_bpc_all,1786065064636,30.4959,2.47641,100
cond_full_bpc_all,1786065119094,30.511,2.47454,100
cond_full_bpc_all,1786065121023,30.5115,2.47512,100
cond_full_bpc_all,1786065142586,30.5175,2.47239,100
cond_full_bpc_all,1786065145456,30.5183,2.47191,100
cond_full_bpc_all,1786065146621,30.5186,2.48155,100
cond_full_bpc_all,1786065168763,30.5248,2.47314,100
cond_full_bpc_all,1786065175263,30.5266,2.47671,100
cond_full_bpc_all,1786065191185,30.531,2.47323,100
cond_full_bpc_all,1786065206033,30.5351,2.46623,100
cond_full_bpc_all,1786065302065,30.5618,2.46042,100
cond_full_bpc_all,1786065359120,30.5777,2.46148,100
cond_full_bpc_all,1786065480138,30.6113,2.46504,100
cond_full_bpc_all,1786065485909,30.6129,2.46402,100
cond_full_bpc_all,1786065518364,30.6219,2.45949,100
cond_full_bpc_all,1786065528377,30.6247,2.45462,100
cond_full_bpc_all,1786065610262,30.6474,2.44114,100
cond_full_bpc_all,1786065610451,30.6475,2.43246,100
cond_full_bpc_all,1786065610714,30.6475,2.42354,100
cond_full_bpc_all,1786065633372,30.6538,2.43899,100
cond_full_bpc_all,1786065673388,30.6649,2.43724,100
cond_full_bpc_all,1786065674015,30.6651,2.43594,100
cond_full_bpc_all,1786065675781,30.6656,2.42807,100
cond_full_bpc_all,1786065710276,30.6752,2.42802,100
cond_full_bpc_all,1786065829889,30.7084,2.42671,100
cond_full_bpc_all,1786065841976,30.7118,2.4242,100
cond_full_bpc_all,1786065852044,30.7146,2.42553,100
cond_full_bpc_all,1786065927593,30.7356,2.42853,100
cond_full_bpc_all,1786066058443,30.7719,2.4309,100
cond_full_bpc_all,1786066149812,30.7973,2.43232,100
cond_full_bpc_all,1786066230195,30.8196,2.43569,100
cond_full_bpc_all,1786066230813,30.8198,2.43723,100
cond_full_bpc_all,1786066231430,30.82,2.4482,100
cond_full_bpc_all,1786066232051,30.8201,2.4469,100
cond_full_bpc_all,1786066391148,30.8643,2.43974,100
cond_full_bpc_all,1786066515662,30.8989,2.44903,100
cond_full_bpc_all,1786066576807,30.9159,2.44888,100
cond_full_bpc_all,1786066637762,30.9328,2.45436,100
cond_full_bpc_all,1786066644440,30.9347,2.46588,100
cond_full_bpc_all,1786066703133,30.951,2.46468,100
cond_full_bpc_all,1786066732399,30.9591,2.46726,100
cond_full_bpc_all,1786066908371,31.008,2.46832,100
cond_full_bpc_all,1786066908888,31.0081,2.47593,100
cond_full_bpc_all,1786066909382,31.0083,2.47817,100
cond_full_bpc_all,1786066909776,31.0084,2.47753,100
cond_full_bpc_all,1786066910152,31.0085,2.47665,100
cond_full_bpc_all,1786066923431,31.0122,2.47853,100
cond_full_bpc_all,1786067184741,31.0848,2.48227,100
cond_full_bpc_all,1786067185236,31.0849,2.48293,100
cond_full_bpc_all,1786067205079,31.0904,2.47579,100
cond_full_bpc_all,1786067272707,31.1092,2.47463,100
cond_full_bpc_all,1786067279532,31.1111,2.4696,100
cond_full_bpc_all,1786067285885,31.1129,2.46804,100
cond_full_bpc_all,1786067288881,31.1137,2.46908,100
cond_full_bpc_all,1786067305173,31.1182,2.46865,100
cond_full_bpc_all,1786067325929,31.124,2.47177,100
cond_full_bpc_all,1786067449929,31.1584,2.47182,100
cond_full_bpc_all,1786067566211,31.1907,2.46524,100
cond_full_bpc_all,1786067606792,31.202,2.48302,100
cond_full_bpc_all,1786067668762,31.2192,2.47459,100
cond_full_bpc_all,1786067702913,31.2287,2.46911,100
cond_full_bpc_all,1786067707357,31.2299,2.46345,100
cond_full_bpc_all,1786067750523,31.2419,2.45728,100
cond_full_bpc_all,1786067773977,31.2484,2.44758,100
cond_full_bpc_all,1786067828363,31.2636,2.44919,100
cond_full_bpc_all,1786067873830,31.2762,2.43754,100
cond_full_bpc_all,1786067921551,31.2894,2.44163,100
cond_full_bpc_all,1786068016916,31.3159,2.44317,100
cond_full_bpc_all,1786068130586,31.3475,2.44091,100
cond_full_bpc_all,1786068168374,31.358,2.44089,100
cond_full_bpc_all,1786068169587,31.3583,2.44187,100
cond_full_bpc_all,1786068170745,31.3587,2.44523,100
cond_full_bpc_all,1786068217010,31.3715,2.44042,100
cond_full_bpc_all,1786068357155,31.4104,2.44219,100
cond_full_bpc_all,1786068426902,31.4298,2.43973,100
cond_full_bpc_all,1786068446416,31.4352,2.43948,100
cond_full_bpc_all,1786068498777,31.4498,2.43606,100
cond_full_bpc_all,1786068513801,31.454,2.43277,100
cond_full_bpc_all,1786068540119,31.4613,2.42799,100
cond_full_bpc_all,1786068568219,31.4691,2.42382,100
cond_full_bpc_all,1786068654967,31.4932,2.42078,100
cond_full_bpc_all,1786068659900,31.4945,2.41698,100
cond_full_bpc_all,1786068666741,31.4964,2.41519,100
cond_full_bpc_all,1786068673384,31.4983,2.4151,100
cond_full_bpc_all,1786068691390,31.5033,2.4123,100
cond_full_bpc_all,1786068712936,31.5093,2.40857,100
cond_full_bpc_all,1786068730082,31.514,2.40435,100
cond_full_bpc_all,1786068731588,31.5144,2.40726,100
cond_full_bpc_all,1786068839005,31.5443,2.40356,100
cond_full_bpc_all,1786068928719,31.5692,2.40126,100
cond_full_bpc_all,1786068928891,31.5693,2.39981,100
cond_full_bpc_all,1786068929058,31.5693,2.40587,100
cond_full_bpc_all,1786068950012,31.5751,2.40275,100
cond_full_bpc_all,1786068950184,31.5752,2.40365,100
cond_full_bpc_all,1786068950356,31.5752,2.40697,100
cond_full_bpc_all,1786068963974,31.579,2.40521,100
cond_full_bpc_all,1786068964143,31.579,2.40409,100
cond_full_bpc_all,1786068964311,31.5791,2.40207,100
cond_full_bpc_all,1786068978104,31.5829,2.3996,100
cond_full_bpc_all,1786068978266,31.583,2.39868,100
cond_full_bpc_all,1786068978435,31.583,2.39749,100
cond_full_bpc_all,1786068978614,31.5831,2.39749,100
cond_full_bpc_all,1786068982052,31.584,2.39488,100
cond_full_bpc_all,1786069014700,31.5931,2.39858,100
cond_full_bpc_all,1786069017771,31.5939,2.39589,100
cond_full_bpc_all,1786069017941,31.594,2.39479,100
cond_full_bpc_all,1786069018105,31.594,2.39824,100
cond_full_bpc_all,1786069018271,31.5941,2.39537,100
cond_full_bpc_all,1786069117199,31.6216,2.38973,100
cond_full_bpc_all,1786069119902,31.6223,2.39546,100
cond_full_bpc_all,1786069120473,31.6225,2.39372,100
cond_full_bpc_all,1786069215176,31.6488,2.38857,100
cond_full_bpc_all,1786069360702,31.6892,2.39006,100
cond_full_bpc_all,1786069371880,31.6923,2.38937,100
cond_full_bpc_all,1786069407634,31.7022,2.39122,100
cond_full_bpc_all,1786069611746,31.7589,2.39265,100
cond_full_bpc_all,1786069631003,31.7643,2.3945,100
cond_full_bpc_all,1786069781844,31.8062,2.39862,100
cond_full_bpc_all,1786069858955,31.8276,2.40279,100
cond_full_bpc_all,1786069897991,31.8385,2.38792,100
cond_full_bpc_all,1786069917534,31.8439,2.38723,100
cond_full_bpc_all,1786069937975,31.8496,2.38642,100
cond_full_bpc_all,1786069950188,31.8529,2.39086,100
cond_full_bpc_all,1786069953287,31.8538,2.38929,100
cond_full_bpc_all,1786069959334,31.8555,2.39004,100
cond_full_bpc_all,1786069969637,31.8584,2.39259,100
cond_full_bpc_all,1786069981203,31.8616,2.39168,100
cond_full_bpc_all,1786069993256,31.8649,2.39146,100
cond_full_bpc_all,1786070001347,31.8672,2.39057,100
cond_full_bpc_all,1786070015362,31.8711,2.39101,100
cond_full_bpc_all,1786070137035,31.9049,2.39087,100
cond_full_bpc_all,1786070213960,31.9262,2.38834,100
cond_full_bpc_all,1786070214593,31.9264,2.38499,100
cond_full_bpc_all,1786070215179,31.9266,2.3764,100
cond_full_bpc_all,1786070215755,31.9267,2.3726,100
cond_full_bpc_all,1786070329813,31.9584,2.36934,100
cond_full_bpc_all,1786070377281,31.9716,2.37299,100
cond_full_bpc_all,1786070456865,31.9937,2.37208,100
cond_full_bpc_all,1786070670210,32.053,2.37483,100
cond_full_bpc_all,1786070757407,32.0772,2.37676,100
cond_full_bpc_all,1786070763811,32.079,2.37752,100
cond_full_bpc_all,1786070789874,32.0862,2.37936,100
cond_full_bpc_all,1786070799061,32.0887,2.37952,100
cond_full_bpc_all,1786070803033,32.0899,2.3787,100
cond_full_bpc_all,1786070949220,32.1305,2.38071,100
cond_full_bpc_all,1786070949928,32.1307,2.38159,100
cond_full_bpc_all,1786071246134,32.2129,2.38164,100
cond_full_bpc_all,1786071402135,32.2563,2.38236,100
cond_full_bpc_all,1786071849606,32.3806,2.38262,100
cond_full_bpc_all,1786071850107,32.3807,2.38565,100
cond_full_bpc_all,1786071850541,32.3808,2.38648,100
cond_full_bpc_all,1786071850972,32.3809,2.38931,100
cond_full_bpc_all,1786071851456,32.3811,2.39148,100
cond_full_bpc_all,1786071851923,32.3812,2.38953,100
cond_full_bpc_all,1786071852351,32.3813,2.38975,100
cond_full_bpc_all,1786071852820,32.3815,2.3879,100
cond_full_bpc_all,1786071853278,32.3816,2.39297,100
cond_full_bpc_all,1786071853300,32.3816,2.3978,100
cond_full_bpc_all,1786071853720,32.3817,2.40085,100
cond_full_bpc_all,1786072091960,32.4479,2.40393,100
cond_full_bpc_all,1786072187270,32.4744,2.40928,100
cond_full_bpc_all,1786072239745,32.4889,2.4092,100
cond_full_bpc_all,1786072240515,32.4892,2.41439,100
cond_full_bpc_all,1786072241233,32.4894,2.4209,100
cond_full_bpc_all,1786072277144,32.4993,2.41962,100
cond_full_bpc_all,1786072323292,32.5121,2.42862,100
cond_full_bpc_all,1786072324245,32.5124,2.42345,100
cond_full_bpc_all,1786072333721,32.515,2.42043,100
cond_full_bpc_all,1786072334117,32.5152,2.41932,100
cond_full_bpc_all,1786072334498,32.5153,2.41814,100
cond_full_bpc_all,1786072334899,32.5154,2.41629,100
cond_full_bpc_all,1786072335289,32.5155,2.41646,100
cond_full_bpc_all,1786072365838,32.524,2.42009,100
cond_full_bpc_all,1786072366053,32.524,2.41914,100
cond_full_bpc_all,1786072366269,32.5241,2.42194,100
cond_full_bpc_all,1786072366492,32.5241,2.42382,100
cond_full_bpc_all,1786072366701,32.5242,2.42654,100
cond_full_bpc_all,1786072400657,32.5336,2.43061,100
cond_full_bpc_all,1786072410513,32.5364,2.43495,100
cond_full_bpc_all,1786072454386,32.5486,2.43923,100
cond_full_bpc_all,1786072455319,32.5488,2.44394,100
cond_full_bpc_all,1786072547559,32.5744,2.44813,100
cond_full_bpc_all,1786072548244,32.5746,2.44855,100
cond_full_bpc_all,1786072548906,32.5748,2.44916,100
cond_full_bpc_all,1786072549580,32.575,2.4524,100
cond_full_bpc_all,1786072656385,32.6047,2.45564,100
cond_full_bpc_all,1786072656785,32.6048,2.46293,100
cond_full_bpc_all,1786072691018,32.6143,2.46814,100
cond_full_bpc_all,1786072881574,32.6672,2.47196,100
cond_full_bpc_all,1786072989164,32.6971,2.47103,100
cond_full_bpc_all,1786072989409,32.6972,2.47231,100
cond_full_bpc_all,1786072989619,32.6972,2.4744,100
cond_full_bpc_all,1786072989811,32.6973,2.47656,100
cond_full_bpc_all,1786072990282,32.6974,2.47864,100
cond_full_bpc_all,1786073180774,32.7503,2.47827,100
cond_full_bpc_all,1786073181710,32.7506,2.47763,100
cond_full_bpc_all,1786073182639,32.7509,2.47693,100
cond_full_bpc_all,1786073183572,32.7511,2.47841,100
cond_full_bpc_all,1786073184502,32.7514,2.47975,100
cond_full_bpc_all,1786073221268,32.7616,2.48215,100
cond_full_bpc_all,1786073226264,32.763,2.49091,100
cond_full_bpc_all,1786073316861,32.7881,2.49252,100
cond_full_bpc_all,1786073326335,32.7908,2.50178,100
cond_full_bpc_all,1786073335015,32.7932,2.49965,100
cond_full_bpc_all,1786073448848,32.8248,2.49957,100
cond_full_bpc_all,1786073457903,32.8273,2.49968,100
cond_full_bpc_all,1786073531267,32.8477,2.49962,100
cond_full_bpc_all,1786073662436,32.8841,2.49255,100
cond_full_bpc_all,1786073691835,32.8923,2.49288,100
cond_full_bpc_all,1786073721159,32.9004,2.48382,100
cond_full_bpc_all,1786073728689,32.9025,2.48717,100
cond_full_bpc_all,1786073763041,32.9121,2.4892,100
cond_full_bpc_all,1786073765068,32.9126,2.47774,100
cond_full_bpc_all,1786073855085,32.9376,2.46997,100
cond_full_bpc_all,1786073894105,32.9485,2.46848,100
cond_full_bpc_all,1786073913351,32.9538,2.46221,100
cond_full_bpc_all,1786073928539,32.958,2.46104,100
cond_full_bpc_all,1786073962524,32.9675,2.46254,100
cond_full_bpc_all,1786073980678,32.9725,2.45385,100
cond_full_bpc_all,1786073984831,32.9737,2.44605,100
cond_full_bpc_all,1786074041396,32.9894,2.44499,100
cond_full_bpc_all,1786074049745,32.9917,2.44058,100
cond_full_bpc_all,1786074115245,33.0099,2.43294,100
cond_full_bpc_all,1786074137703,33.0161,2.42118,100
cond_full_bpc_all,1786074220192,33.0391,2.41252,100
cond_full_bpc_all,1786074270991,33.0532,2.41048,100
cond_full_bpc_all,1786074281073,33.056,2.40618,100
cond_full_bpc_all,1786074293392,33.0594,2.39706,100
cond_full_bpc_all,1786074362652,33.0786,2.39482,100
cond_full_bpc_all,1786074378982,33.0832,2.39393,100
cond_full_bpc_all,1786074456101,33.1046,2.39085,100
cond_full_bpc_all,1786074495261,33.1155,2.39409,100
cond_full_bpc_all,1786074521699,33.1228,2.39488,100
cond_full_bpc_all,1786074538768,33.1276,2.40296,100
cond_full_bpc_all,1786074555420,33.1322,2.41123,100
cond_full_bpc_all,1786074617845,33.1495,2.41374,100
cond_full_bpc_all,1786074827189,33.2077,2.40569,100
cond_full_bpc_all,1786074958477,33.2441,2.40416,100
cond_full_bpc_all,1786075138609,33.2942,2.40254,100
cond_full_bpc_all,1786075150581,33.2975,2.40158,100
cond_full_bpc_all,1786075194071,33.3096,2.40171,100
cond_full_bpc_all,1786075221085,33.3171,2.39827,100
cond_full_bpc_all,1786075236339,33.3213,2.39326,100
cond_full_bpc_all,1786075249405,33.325,2.3909,100
cond_full_bpc_all,1786075272110,33.3313,2.38862,100
cond_full_bpc_all,1786075272284,33.3313,2.38777,100
cond_full_bpc_all,1786075482906,33.3898,2.38597,100
cond_full_bpc_all,1786075800432,33.478,2.38462,100
cond_full_bpc_all,1786075993139,33.5315,2.38198,100
cond_full_bpc_all,1786076209032,33.5915,2.38012,100
cond_full_bpc_all,1786076209455,33.5916,2.38103,100
cond_full_bpc_all,1786076317917,33.6218,2.38108,100
cond_full_bpc_all,1786076536351,33.6824,2.38288,100
cond_full_bpc_all,1786076835576,33.7656,2.38489,100
cond_full_bpc_all,1786077033196,33.8205,2.3845,100
cond_full_bpc_all,1786077173721,33.8595,2.38465,100
cond_full_bpc_all,1786077174780,33.8598,2.38382,100
cond_full_bpc_all,1786077223762,33.8734,2.38222,100
cond_full_bpc_all,1786077583935,33.9734,2.37854,100
cond_full_bpc_all,1786077618884,33.9831,2.37515,100
cond_full_bpc_all,1786077789782,34.0306,2.37371,100
cond_full_bpc_all,1786077865545,34.0517,2.36961,100
cond_full_bpc_all,1786077938738,34.072,2.37004,100
cond_full_bpc_all,1786078151219,34.131,2.36676,100
cond_full_bpc_all,1786078170129,34.1363,2.36659,100
cond_full_bpc_all,1786078190172,34.1418,2.36754,100
cond_full_bpc_all,1786078191397,34.1422,2.36849,100
cond_full_bpc_all,1786078444917,34.2126,2.36983,100
cond_full_bpc_all,1786078610784,34.2587,2.37295,100
cond_full_bpc_all,1786078880143,34.3335,2.37966,100
cond_full_bpc_all,1786078933115,34.3482,2.38041,100
cond_full_bpc_all,1786079867719,34.6078,2.37877,100
cond_full_bpc_all,1786080048862,34.6581,2.37882,100
cond_full_bpc_all,1786080049170,34.6582,2.37944,100
cond_full_bpc_all,1786080049471,34.6583,2.38081,100
cond_full_bpc_all,1786080429582,34.7639,2.38221,100
cond_full_bpc_all,1786080633926,34.8207,2.38248,100
cond_full_bpc_all,1786080770276,34.8585,2.38344,100
cond_full_bpc_all,1786080770570,34.8586,2.38683,100
cond_full_bpc_all,1786080939068,34.9054,2.39284,100
cond_full_bpc_all,1786081389068,35.0304,2.39051,100
cond_full_bpc_all,1786081391360,35.0311,2.38727,100
cond_full_bpc_all,1786081393727,35.0317,2.38656,100
cond_full_bpc_all,1786081569593,35.0806,2.38817,100
cond_full_bpc_all,1786081636560,35.0992,2.39041,100
cond_full_bpc_all,1786081636972,35.0993,2.3921,100
cond_full_bpc_all,1786081637467,35.0994,2.39397,100
cond_full_bpc_all,1786081642092,35.1007,2.39283,100
cond_full_bpc_all,1786081778202,35.1385,2.38923,100
cond_full_bpc_all,1786081837280,35.1549,2.38989,100
cond_full_bpc_all,1786081903028,35.1732,2.38993,100
cond_full_bpc_all,1786082208902,35.2581,2.38985,100
cond_full_bpc_all,1786082209403,35.2583,2.39037,100
cond_full_bpc_all,1786082343482,35.2955,2.38945,100
cond_full_bpc_all,1786082466750,35.3298,2.3942,100
cond_full_bpc_all,1786082490653,35.3364,2.39614,100
cond_full_bpc_all,1786082661343,35.3838,2.39647,100
cond_full_bpc_all,1786082675622,35.3878,2.39593,100
cond_full_bpc_all,1786082961463,35.4672,2.39345,100
cond_full_bpc_all,1786083044505,35.4903,2.39237,100
cond_full_bpc_all,1786083194850,35.532,2.38431,100
cond_full_bpc_all,1786083347745,35.5745,2.38438,100
cond_full_bpc_all,1786083372295,35.5813,2.37974,100
cond_full_bpc_all,1786083704160,35.6735,2.37726,100
cond_full_bpc_all,1786084033643,35.765,2.38093,100
cond_full_bpc_all,1786084285608,35.835,2.38247,100
cond_full_bpc_all,1786084376743,35.8603,2.38149,100
cond_full_bpc_all,1786084394588,35.8653,2.38427,100
cond_full_bpc_all,1786084419120,35.8721,2.38955,100
cond_full_bpc_all,1786084537855,35.9051,2.39158,100
cond_full_bpc_all,1786084539143,35.9054,2.39024,100
cond_full_bpc_all,1786084540386,35.9058,2.39332,100
cond_full_bpc_all,1786084727401,35.9577,2.39938,100
cond_full_bpc_all,1786084764259,35.968,2.40451,100
cond_full_bpc_all,1786084764734,35.9681,2.40607,100
cond_full_bpc_all,1786084765332,35.9683,2.41106,100
cond_full_bpc_all,1786084801696,35.9784,2.41417,100
cond_full_bpc_all,1786084804029,35.979,2.41379,100
cond_full_bpc_all,1786084806393,35.9797,2.42131,100
cond_full_bpc_all,1786084808751,35.9803,2.42949,100
cond_full_bpc_all,1786084846240,35.9907,2.43166,100
cond_full_bpc_all,1786084865638,35.9961,2.43793,100
cond_full_bpc_all,1786084866097,35.9963,2.44384,100
cond_full_bpc_all,1786085178829,36.0831,2.45128,100
cond_full_bpc_all,1786085259752,36.1056,2.46009,100
cond_full_bpc_all,1786085564082,36.1901,2.46211,100
cond_full_bpc_all,1786086104955,36.3404,2.46694,100
cond_full_bpc_all,1786086186931,36.3632,2.47244,100
cond_full_bpc_all,1786086258627,36.3831,2.4753,100
cond_full_bpc_all,1786086277427,36.3883,2.47421,100
cond_full_bpc_all,1786086801292,36.5338,2.47656,100
cond_full_bpc_all,1786086803360,36.5344,2.47268,100
cond_full_bpc_all,1786087279154,36.6666,2.47936,100
cond_full_bpc_all,1786087287826,36.669,2.48119,100
cond_full_bpc_all,1786087294617,36.6708,2.48182,100
cond_full_bpc_all,1786087348239,36.6857,2.48095,100
cond_full_bpc_all,1786087353168,36.6871,2.48789,100
cond_full_bpc_all,1786087505241,36.7294,2.49032,100
cond_full_bpc_all,1786087576660,36.7492,2.49065,100
cond_full_bpc_all,1786087597463,36.755,2.48701,100
cond_full_bpc_all,1786087598248,36.7552,2.48115,100
cond_full_bpc_all,1786087599108,36.7554,2.47792,100
cond_full_bpc_all,1786087653573,36.7706,2.48077,100
cond_full_bpc_all,1786087658685,36.772,2.4839,100
cond_full_bpc_all,1786087718644,36.7886,2.48393,100
cond_full_bpc_all,1786087761199,36.8005,2.48339,100
cond_full_bpc_all,1786087781504,36.8061,2.48369,100
cond_full_bpc_all,1786087812195,36.8146,2.48573,100
cond_full_bpc_all,1786087824153,36.8179,2.48905,100
cond_full_bpc_all,1786087836300,36.8213,2.49212,100
cond_full_bpc_all,1786087847420,36.8244,2.49234,100
cond_full_bpc_all,1786088039453,36.8777,2.49172,100
cond_full_bpc_all,1786088040719,36.8781,2.49116,100
cond_full_bpc_all,1786088041864,36.8784,2.48672,100
cond_full_bpc_all,1786088043071,36.8788,2.48645,100
cond_full_bpc_all,1786088407407,36.98,2.48469,100
cond_full_bpc_all,1786088409778,36.9806,2.48484,100
cond_full_bpc_all,1786088573427,37.0261,2.48496,100
cond_full_bpc_all,1786088594103,37.0318,2.49144,100
cond_full_bpc_all,1786088600856,37.0337,2.49786,100
cond_full_bpc_all,1786088874261,37.1096,2.49785,100
cond_full_bpc_all,1786088908261,37.1191,2.50857,100
cond_full_bpc_all,1786089122658,37.1786,2.50607,100
cond_full_bpc_all,1786089140272,37.1835,2.51014,100
cond_full_bpc_all,1786089202135,37.2007,2.50733,100
cond_full_bpc_all,1786089323441,37.2344,2.5053,100
cond_full_bpc_all,1786089352709,37.2425,2.50125,100
cond_full_bpc_all,1786089421931,37.2618,2.49543,100
cond_full_bpc_all,1786089532179,37.2924,2.49064,100
cond_full_bpc_all,1786089573479,37.3039,2.4826,100
cond_full_bpc_all,1786090355983,37.5212,2.48166,100
cond_full_bpc_all,1786090421891,37.5395,2.48458,100
cond_full_bpc_all,1786090450001,37.5473,2.48204,100
cond_full_bpc_all,1786090478220,37.5552,2.48137,100
cond_full_bpc_all,1786090517375,37.5661,2.4823,100
cond_full_bpc_all,1786090528364,37.5691,2.48253,100
cond_full_bpc_all,1786090541500,37.5728,2.48375,100
cond_full_bpc_all,1786090560460,37.578,2.48192,100
cond_full_bpc_all,1786090736018,37.6268,2.47986,100
cond_full_bpc_all,1786090756725,37.6325,2.47233,100
cond_full_bpc_all,1786090826056,37.6518,2.46759,100
cond_full_bpc_all,1786090859945,37.6612,2.47032,100
cond_full_bpc_all,1786090907716,37.6745,2.47365,100
cond_full_bpc_all,1786090923961,37.679,2.47267,100
cond_full_bpc_all,1786091211894,37.759,2.46916,100
cond_full_bpc_all,1786091221447,37.7616,2.46782,100
cond_full_bpc_all,1786091222990,37.7621,2.46231,100
cond_full_bpc_all,1786091223473,37.7622,2.45837,100
cond_full_bpc_all,1786091230422,37.7641,2.46431,100
cond_full_bpc_all,1786091269131,37.7749,2.46148,100
cond_full_bpc_all,1786091294900,37.782,2.45914,100
cond_full_bpc_all,1786091307437,37.7855,2.46047,100
cond_full_bpc_all,1786091368816,37.8026,2.45791,100
cond_full_bpc_all,1786091459392,37.8277,2.45759,100
cond_full_bpc_all,1786091474517,37.8319,2.45278,100
cond_full_bpc_all,1786091479250,37.8332,2.4523,100
cond_full_bpc_all,1786091485438,37.835,2.45,100
cond_full_bpc_all,1786091487337,37.8355,2.44794,100
cond_full_bpc_all,1786091540103,37.8501,2.44628,100
cond_full_bpc_all,1786091557506,37.855,2.44445,100
cond_full_bpc_all,1786091583601,37.8622,2.44655,100
cond_full_bpc_all,1786091627950,37.8745,2.44557,100
cond_full_bpc_all,1786091657484,37.8828,2.44893,100
cond_full_bpc_all,1786091672570,37.8869,2.44834,100
cond_full_bpc_all,1786092944643,38.2403,2.44266,100
cond_full_bpc_all,1786092945870,38.2406,2.44084,100
cond_full_bpc_all,1786092947088,38.241,2.44115,100
cond_full_bpc_all,1786093558655,38.4109,2.44386,100
cond_full_bpc_all,1786093593477,38.4205,2.44296,100
cond_full_bpc_all,1786093599433,38.4222,2.44508,100
cond_full_bpc_all,1786093606025,38.424,2.4477,100
cond_full_bpc_all,1786093680684,38.4448,2.44723,100
cond_full_bpc_all,1786094639787,38.7112,2.43372,100
cond_full_bpc_all,1786094959915,38.8001,2.43428,100
cond_full_bpc_all,1786095039136,38.8221,2.43224,100
cond_full_bpc_all,1786095099716,38.8389,2.42907,100
cond_full_bpc_all,1786095227892,38.8745,2.42625,100
cond_full_bpc_all,1786095311697,38.8978,2.42563,100
cond_full_bpc_all,1786095312088,38.8979,2.42702,100
cond_full_bpc_all,1786095404048,38.9235,2.42612,100
cond_full_bpc_all,1786095604469,38.9791,2.42563,100
cond_full_bpc_all,1786096304672,39.1736,2.42296,100
cond_full_bpc_all,1786096403696,39.2011,2.42209,100
cond_full_bpc_all,1786096930302,39.3474,2.42412,100
cond_full_bpc_all,1786097226474,39.4297,2.42174,100
cond_full_bpc_all,1786097258787,39.4387,2.42199,100
cond_full_bpc_all,1786097438987,39.4887,2.42234,100
cond_full_bpc_all,1786097441623,39.4895,2.42591,100
cond_full_bpc_all,1786097442943,39.4898,2.42751,100
cond_full_bpc_all,1786097444269,39.4902,2.42849,100
cond_full_bpc_all,1786097445648,39.4906,2.42803,100
cond_full_bpc_all,1786097449667,39.4917,2.43064,100
cond_full_bpc_all,1786097469270,39.4971,2.42558,100
cond_full_bpc_all,1786097707046,39.5632,2.4271,100
cond_full_bpc_all,1786097728413,39.5691,2.42616,100
cond_full_bpc_all,1786097959297,39.6333,2.42782,100
cond_full_bpc_all,1786098185052,39.696,2.42837,100
cond_full_bpc_all,1786098630087,39.8196,2.4271,100
cond_full_bpc_all,1786098645720,39.8239,2.42787,100
cond_full_bpc_all,1786098749003,39.8526,2.43314,100
cond_full_bpc_all,1786099207488,39.98,2.43914,100
cond_full_bpc_all,1786099267205,39.9966,2.44226,100
cond_full_bpc_all,1786099398842,40.0331,2.44253,100
cond_full_bpc_all,1786099924520,40.1792,2.44423,100
cond_full_bpc_all,1786100764434,40.4125,2.44361,100
cond_full_bpc_all,1786100909127,40.4527,2.44676,100
cond_full_bpc_all,1786100963072,40.4676,2.44704,100
cond_full_bpc_all,1786101043796,40.4901,2.44317,100
cond_full_bpc_all,1786102198763,40.8109,2.44387,100
cond_full_bpc_all,1786102474308,40.8874,2.44566,100
cond_full_bpc_all,1786102677406,40.9438,2.44723,100
cond_full_bpc_all,1786102810686,40.9809,2.44663,100
cond_full_bpc_all,1786102863770,40.9956,2.44959,100
cond_full_bpc_all,1786102872448,40.998,2.45464,100
cond_full_bpc_all,1786102943161,41.0177,2.457,100
cond_full_bpc_all,1786103178395,41.083,2.45199,100
cond_full_bpc_all,1786103365804,41.1351,2.44616,100
cond_full_bpc_all,1786103542551,41.1842,2.44584,100
cond_full_bpc_all,1786103570340,41.1919,2.44223,100
cond_full_bpc_all,1786103901746,41.2839,2.44203,100
cond_full_bpc_all,1786104172385,41.3591,2.44127,100
cond_full_bpc_all,1786104179227,41.361,2.44156,100
cond_full_bpc_all,1786104186422,41.363,2.44557,100
cond_full_bpc_all,1786104190692,41.3642,2.44932,100
cond_full_bpc_all,1786104206966,41.3687,2.45193,100
cond_full_bpc_all,1786104431151,41.431,2.45059,100
cond_full_bpc_all,1786104676382,41.4991,2.45471,100
cond_full_bpc_all,1786104677271,41.4994,2.45884,100
cond_full_bpc_all,1786104715604,41.51,2.47602,100
cond_full_bpc_all,1786104759102,41.5221,2.47781,100
cond_full_bpc_all,1786104846153,41.5463,2.47864,100
cond_full_bpc_all,1786104846330,41.5463,2.47817,100
cond_full_bpc_all,1786104846503,41.5464,2.48029,100
cond_full_bpc_all,1786104944191,41.5735,2.4786,100
cond_full_bpc_all,1786104944614,41.5736,2.475,100
cond_full_bpc_all,1786104945012,41.5737,2.47108,100
cond_full_bpc_all,1786104945444,41.5739,2.46799,100
cond_full_bpc_all,1786105216345,41.6491,2.46984,100
cond_full_bpc_all,1786105714133,41.7874,2.48069,100
cond_full_bpc_all,1786105758871,41.7998,2.48673,100
cond_full_bpc_all,1786105792952,41.8093,2.49211,100
cond_full_bpc_all,1786106291442,41.9477,2.49398,100
cond_full_bpc_all,1786106319090,41.9554,2.49303,100
cond_full_bpc_all,1786106409482,41.9805,2.49218,100
cond_full_bpc_all,1786106441306,41.9894,2.49354,100
cond_full_bpc_all,1786106584969,42.0293,2.49918,100
cond_full_bpc_all,1786106603026,42.0343,2.50757,100
cond_full_bpc_all,1786106603319,42.0344,2.51617,100
cond_full_bpc_all,1786106603595,42.0345,2.51677,100
cond_full_bpc_all,1786106603878,42.0345,2.52237,100
cond_full_bpc_all,1786106706663,42.0631,2.5265,100
cond_full_bpc_all,1786106707568,42.0633,2.5258,100
cond_full_bpc_all,1786106852793,42.1037,2.5191,100
cond_full_bpc_all,1786106872492,42.1091,2.51288,100
cond_full_bpc_all,1786106954097,42.1318,2.5054,100
cond_full_bpc_all,1786107026491,42.1519,2.50515,100
cond_full_bpc_all,1786107052344,42.1591,2.50952,100
cond_full_bpc_all,1786107117033,42.1771,2.51079,100
cond_full_bpc_all,1786107122639,42.1786,2.5208,100
cond_full_bpc_all,1786107233105,42.2093,2.52537,100
cond_full_bpc_all,1786107234405,42.2097,2.53011,100
cond_full_bpc_all,1786107286571,42.2242,2.53425,100
cond_full_bpc_all,1786107319003,42.2332,2.53782,100
cond_full_bpc_all,1786107393565,42.2539,2.52998,100
cond_full_bpc_all,1786107469259,42.2749,2.52009,100
cond_full_bpc_all,1786107516882,42.2881,2.52219,100
cond_full_bpc_all,1786107546607,42.2964,2.52088,100
cond_full_bpc_all,1786107562649,42.3009,2.51983,100
cond_full_bpc_all,1786107565593,42.3017,2.52031,100
cond_full_bpc_all,1786107573743,42.3039,2.52008,100
cond_full_bpc_all,1786107574389,42.3041,2.51953,100
cond_full_bpc_all,1786107580591,42.3058,2.51899,100
cond_full_bpc_all,1786107590594,42.3086,2.53964,100
cond_full_bpc_all,1786107678621,42.3331,2.54012,100
cond_full_bpc_all,1786107836567,42.3769,2.54262,100
cond_full_bpc_all,1786107858551,42.3831,2.5495,100
cond_full_bpc_all,1786108076343,42.4435,2.55264,100
cond_full_bpc_all,1786108092079,42.4479,2.55463,100
cond_full_bpc_all,1786108192209,42.4757,2.55383,100
cond_full_bpc_all,1786108296605,42.5047,2.55905,100
cond_full_bpc_all,1786108711115,42.6199,2.55906,100
cond_full_bpc_all,1786109073868,42.7206,2.55643,100
cond_full_bpc_all,1786109109875,42.7306,2.55794,100
cond_full_bpc_all,1786109115736,42.7323,2.5579,100
cond_full_bpc_all,1786109119607,42.7333,2.56052,100
cond_full_bpc_all,1786109123352,42.7344,2.56047,100
cond_full_bpc_all,1786109138442,42.7386,2.56143,100
cond_full_bpc_all,1786109143236,42.7399,2.56212,100
cond_full_bpc_all,1786109150289,42.7419,2.56179,100
cond_full_bpc_all,1786109154400,42.743,2.56314,100
cond_full_bpc_all,1786109195809,42.7545,2.55461,100
cond_full_bpc_all,1786109197071,42.7549,2.54827,100
cond_full_bpc_all,1786109197343,42.7549,2.54179,100
cond_full_bpc_all,1786109259638,42.7722,2.54241,100
cond_full_bpc_all,1786109278375,42.7774,2.5473,100
cond_full_bpc_all,1786109299809,42.7834,2.53793,100
cond_full_bpc_all,1786109300071,42.7835,2.54123,100
cond_full_bpc_all,1786109400350,42.8113,2.54451,100
cond_full_bpc_all,1786109540326,42.8502,2.53716,100
cond_full_bpc_all,1786109541095,42.8504,2.53805,100
cond_full_bpc_all,1786109541943,42.8507,2.52851,100
cond_full_bpc_all,1786109695812,42.8934,2.52978,100
cond_full_bpc_all,1786109834865,42.932,2.53362,100
cond_full_bpc_all,1786109840361,42.9336,2.52838,100
cond_full_bpc_all,1786109841235,42.9338,2.52684,100
cond_full_bpc_all,1786109842184,42.9341,2.51968,100
cond_full_bpc_all,1786109950491,42.9641,2.5123,100
cond_full_bpc_all,1786110052161,42.9924,2.51896,100
cond_full_bpc_all,1786110133828,43.0151,2.52206,100
cond_full_bpc_all,1786110147055,43.0187,2.53307,100
cond_full_bpc_all,1786110218949,43.0387,2.53688,100
cond_full_bpc_all,1786110247996,43.0468,2.54314,100
cond_full_bpc_all,1786110248526,43.0469,2.54294,100
cond_full_bpc_all,1786110249048,43.0471,2.54141,100
cond_full_bpc_all,1786110249615,43.0472,2.5421,100
cond_full_bpc_all,1786110382309,43.0841,2.5535,100
cond_full_bpc_all,1786110383625,43.0845,2.56809,100
cond_full_bpc_all,1786110384180,43.0846,2.57512,100
cond_full_bpc_all,1786110384718,43.0848,2.5796,100
cond_full_bpc_all,1786110385234,43.0849,2.57886,100
cond_full_bpc_all,1786110385805,43.0851,2.58338,100
cond_full_bpc_all,1786110386335,43.0852,2.58473,100
cond_full_bpc_all,1786110386888,43.0854,2.58491,100
cond_full_bpc_all,1786110387432,43.0855,2.58467,100
cond_full_bpc_all,1786110387963,43.0857,2.58703,100
cond_full_bpc_all,1786110525301,43.1238,2.5919,100
cond_full_bpc_all,1786110525613,43.1239,2.5931,100
cond_full_bpc_all,1786110545600,43.1295,2.59351,100
cond_full_bpc_all,1786110650618,43.1586,2.5777,100
cond_full_bpc_all,1786110660206,43.1613,2.57341,100
cond_full_bpc_all,1786110660500,43.1614,2.57205,100
cond_full_bpc_all,1786110660818,43.1615,2.57125,100
cond_full_bpc_all,1786110729649,43.1806,2.57203,100
cond_full_bpc_all,1786110730161,43.1807,2.57694,100
cond_full_bpc_all,1786110730806,43.1809,2.5816,100
cond_full_bpc_all,1786110731298,43.181,2.59033,100
cond_full_bpc_all,1786110851931,43.2145,2.59296,100
cond_full_bpc_all,1786110886338,43.2241,2.58704,100
cond_full_bpc_all,1786110886639,43.2242,2.57036,100
cond_full_bpc_all,1786110886958,43.2243,2.55892,100
cond_full_bpc_all,1786111069803,43.2751,2.5637,100
cond_full_bpc_all,1786111152539,43.298,2.55918,100
cond_full_bpc_all,1786111228367,43.3191,2.55729,100
cond_full_bpc_all,1786111247910,43.3245,2.55955,100
cond_full_bpc_all,1786111337097,43.3493,2.55765,100
cond_full_bpc_all,1786111346629,43.352,2.54972,100
cond_full_bpc_all,1786111350915,43.3532,2.54704,100
cond_full_bpc_all,1786111436163,43.3768,2.54797,100
cond_full_bpc_all,1786111451220,43.381,2.54289,100
cond_full_bpc_all,1786111461781,43.3839,2.54332,100
cond_full_bpc_all,1786111489177,43.3916,2.5453,100
cond_full_bpc_all,1786111600067,43.4224,2.54421,100
cond_full_bpc_all,1786111843188,43.4899,2.55669,100
cond_full_bpc_all,1786111902908,43.5065,2.57219,100
cond_full_bpc_all,1786112127719,43.5689,2.58994,100
cond_full_bpc_all,1786112127992,43.569,2.5915,100
cond_full_bpc_all,1786112131901,43.5701,2.59198,100
cond_full_bpc_all,1786112141171,43.5727,2.59256,100
cond_full_bpc_all,1786112193174,43.5871,2.58546,100
cond_full_bpc_all,1786112540060,43.6835,2.5853,100
cond_full_bpc_all,1786112571050,43.6921,2.58532,100
cond_full_bpc_all,1786112887394,43.78,2.58207,100
cond_full_bpc_all,1786112894665,43.782,2.58214,100
cond_full_bpc_all,1786113176272,43.8602,2.59542,100
cond_full_bpc_all,1786113177032,43.8604,2.60872,100
cond_full_bpc_all,1786113177572,43.8606,2.5945,100
cond_full_bpc_all,1786113186329,43.863,2.58694,100
cond_full_bpc_all,1786113192177,43.8646,2.56991,100
cond_full_bpc_all,1786113335465,43.9044,2.55325,100
cond_full_bpc_all,1786113728535,44.0136,2.55375,100
cond_full_bpc_all,1786114159293,44.1333,2.5522,100
cond_full_bpc_all,1786114475446,44.2211,2.55375,100
cond_full_bpc_all,1786114699656,44.2834,2.54947,100
cond_full_bpc_all,1786114964821,44.357,2.54909,100
cond_full_bpc_all,1786115079330,44.3888,2.54901,100
cond_full_bpc_all,1786115079905,44.389,2.55425,100
cond_full_bpc_all,1786115532289,44.5146,2.55585,100
cond_full_bpc_all,1786115532897,44.5148,2.55131,100
cond_full_bpc_all,1786115550310,44.5196,2.55012,100
cond_full_bpc_all,1786115579762,44.5278,2.54779,100
cond_full_bpc_all,1786115669443,44.5527,2.54884,100
cond_full_bpc_all,1786115696367,44.5602,2.55581,100
cond_full_bpc_all,1786115784949,44.5848,2.5542,100
cond_full_bpc_all,1786115785139,44.5849,2.55193,100
cond_full_bpc_all,1786115785326,44.5849,2.54583,100
cond_full_bpc_all,1786115785511,44.585,2.54126,100
cond_full_bpc_all,1786115867209,44.6077,2.53878,100
cond_full_bpc_all,1786115984047,44.6401,2.52215,100
cond_full_bpc_all,1786115987611,44.6411,2.51192,100
cond_full_bpc_all,1786115991138,44.6421,2.49975,100
cond_full_bpc_all,1786115992266,44.6424,2.50755,100
cond_full_bpc_all,1786115992573,44.6425,2.51557,100
cond_full_bpc_all,1786116063948,44.6623,2.52495,100
cond_full_bpc_all,1786116236320,44.7102,2.51422,100
cond_full_bpc_all,1786116376509,44.7491,2.51505,100
cond_full_bpc_all,1786116758855,44.8554,2.52227,100
cond_full_bpc_all,1786116806820,44.8687,2.52313,100
cond_full_bpc_all,1786116814879,44.8709,2.52704,100
cond_full_bpc_all,1786116822972,44.8732,2.5371,100
cond_full_bpc_all,1786116830514,44.8753,2.54123,100
cond_full_bpc_all,1786116837014,44.8771,2.55137,100
cond_full_bpc_all,1786117510404,45.0641,2.5571,100
cond_full_bpc_all,1786117603732,45.09,2.55448,100
cond_full_bpc_all,1786117603962,45.0901,2.56139,100
cond_full_bpc_all,1786117604131,45.0902,2.5663,100
cond_full_bpc_all,1786117604303,45.0902,2.57194,100
cond_full_bpc_all,1786117604466,45.0902,2.58542,100
cond_full_bpc_all,1786117914378,45.1763,2.56708,100
cond_full_bpc_all,1786117915241,45.1766,2.54395,100
cond_full_bpc_all,1786118250472,45.2697,2.51752,100
cond_full_bpc_all,1786118393776,45.3095,2.49808,100
cond_full_bpc_all,1786118742121,45.4063,2.496,100
cond_full_bpc_all,1786119012751,45.4814,2.4941,100
cond_full_bpc_all,1786119025651,45.485,2.49385,100
cond_full_bpc_all,1786119026106,45.4851,2.49071,100
cond_full_bpc_all,1786119301256,45.5616,2.47944,100
cond_full_bpc_all,1786119648758,45.6581,2.47524,100
cond_full_bpc_all,1786119698109,45.6718,2.47204,100
cond_full_bpc_all,1786119742488,45.6841,2.46978,100
cond_full_bpc_all,1786119745641,45.685,2.46604,100
cond_full_bpc_all,1786119748845,45.6859,2.46318,100
cond_full_bpc_all,1786119751984,45.6868,2.45956,100
cond_full_bpc_all,1786120068122,45.7746,2.45684,100
cond_full_bpc_all,1786120069058,45.7749,2.45358,100
cond_full_bpc_all,1786120069935,45.7751,2.45154,100
cond_full_bpc_all,1786120070674,45.7753,2.44999,100
cond_full_bpc_all,1786120267267,45.8299,2.44784,100
cond_full_bpc_all,1786120267298,45.8299,2.44914,100
cond_full_bpc_all,1786120267306,45.8299,2.44793,100
cond_full_bpc_all,1786120654535,45.9375,2.44902,100
cond_full_bpc_all,1786120661573,45.9394,2.4499,100
cond_full_bpc_all,1786120717773,45.9551,2.44881,100
cond_full_bpc_all,1786120938418,46.0163,2.44503,100
cond_full_bpc_all,1786120951951,46.0201,2.44004,100
cond_full_bpc_all,1786120981360,46.0283,2.4458,100
cond_full_bpc_all,1786121019067,46.0387,2.44568,100
cond_full_bpc_all,1786121037718,46.0439,2.44406,100
cond_full_bpc_all,1786121042202,46.0452,2.44253,100
cond_full_bpc_all,1786121046713,46.0464,2.4395,100
cond_full_bpc_all,1786121051242,46.0477,2.43481,100
cond_full_bpc_all,1786121055725,46.0489,2.42987,100
cond_full_bpc_all,1786121288891,46.1137,2.42729,100
cond_full_bpc_all,1786121289272,46.1138,2.42908,100
cond_full_bpc_all,1786121289468,46.1139,2.42793,100
cond_full_bpc_all,1786121292846,46.1148,2.42609,100
cond_full_bpc_all,1786121371017,46.1365,2.42586,100
cond_full_bpc_all,1786121622888,46.2065,2.42159,100
cond_full_bpc_all,1786121623163,46.2066,2.42019,100
cond_full_bpc_all,1786121636327,46.2102,2.41899,100
cond_full_bpc_all,1786121657860,46.2162,2.41646,100
cond_full_bpc_all,1786121658691,46.2164,2.41585,100
cond_full_bpc_all,1786121689213,46.2249,2.41366,100
cond_full_bpc_all,1786121849404,46.2694,2.41612,100
cond_full_bpc_all,1786121969899,46.3029,2.41566,100
cond_full_bpc_all,1786122197273,46.366,2.41504,100
cond_full_bpc_all,1786122224355,46.3736,2.41459,100
cond_full_bpc_all,1786122405758,46.4239,2.41467,100
cond_full_bpc_all,1786122406127,46.424,2.41693,100
cond_full_bpc_all,1786122445173,46.4349,2.41693,100
cond_full_bpc_all,1786122471145,46.4421,2.41712,100
cond_full_bpc_all,1786122471469,46.4422,2.41753,100
cond_full_bpc_all,1786122521107,46.456,2.4171,100
cond_full_bpc_all,1786122676140,46.499,2.40995,100
cond_full_bpc_all,1786123045688,46.6017,2.41293,100
cond_full_bpc_all,1786123056918,46.6048,2.41914,100
cond_full_bpc_all,1786123065722,46.6073,2.42483,100
cond_full_bpc_all,1786123089660,46.6139,2.42423,100
cond_full_bpc_all,1786123089771,46.6139,2.42871,100
cond_full_bpc_all,1786123306949,46.6743,2.43408,100
cond_full_bpc_all,1786123352663,46.687,2.43537,100
cond_full_bpc_all,1786123367218,46.691,2.43312,100
cond_full_bpc_all,1786123467125,46.7188,2.43052,100
cond_full_bpc_all,1786123533610,46.7372,2.4317,100
cond_full_bpc_all,1786123569714,46.7473,2.42191,100
cond_full_bpc_all,1786124344597,46.9625,2.42048,100
cond_full_bpc_all,1786124352515,46.9647,2.41609,100
cond_full_bpc_all,1786124601155,47.0338,2.41457,100
cond_full_bpc_all,1786124693660,47.0595,2.41628,100
cond_full_bpc_all,1786124783890,47.0845,2.4128,100
cond_full_bpc_all,1786124784484,47.0847,2.41014,100
cond_full_bpc_all,1786124785076,47.0849,2.40843,100
cond_full_bpc_all,1786124824842,47.0959,2.40802,100
cond_full_bpc_all,1786125288304,47.2246,2.40979,100
cond_full_bpc_all,1786125403893,47.2568,2.4075,100
cond_full_bpc_all,1786125593284,47.3094,2.4085,100
cond_full_bpc_all,1786125597156,47.3104,2.40977,100
cond_full_bpc_all,1786125662805,47.3287,2.40584,100
cond_full_bpc_all,1786126211588,47.4811,2.41092,100
cond_full_bpc_all,1786126371849,47.5256,2.4185,100
cond_full_bpc_all,1786126510054,47.564,2.41917,100
cond_full_bpc_all,1786127033045,47.7093,2.41932,100
cond_full_bpc_all,1786127138805,47.7387,2.41941,100
cond_full_bpc_all,1786127215985,47.7601,2.42014,100
cond_full_bpc_all,1786127222206,47.7618,2.4257,100
cond_full_bpc_all,1786127441392,47.8227,2.42373,100
cond_full_bpc_all,1786127532168,47.8479,2.42583,100
cond_full_bpc_all,1786127731398,47.9033,2.4218,100
cond_full_bpc_all,1786127755318,47.9099,2.42359,100
cond_full_bpc_all,1786127777528,47.9161,2.42103,100
cond_full_bpc_all,1786127957798,47.9662,2.4152,100
cond_full_bpc_all,1786128110848,48.0087,2.40508,100
cond_full_bpc_all,1786128160737,48.0225,2.39728,100
cond_full_bpc_all,1786128182749,48.0287,2.39249,100
cond_full_bpc_all,1786128540929,48.1282,2.3863,100
cond_full_bpc_all,1786128726484,48.1797,2.38581,100
cond_full_bpc_all,1786128813912,48.204,2.3855,100
cond_full_bpc_all,1786128839920,48.2112,2.38441,100
cond_full_bpc_all,1786128906394,48.2297,2.39151,100
cond_full_bpc_all,1786128906585,48.2297,2.40013,100
cond_full_bpc_all,1786128906776,48.2298,2.40759,100
cond_full_bpc_all,1786128906981,48.2298,2.4129,100
cond_full_bpc_all,1786129000752,48.2559,2.41223,100
cond_full_bpc_all,1786129006831,48.2576,2.41326,100
cond_full_bpc_all,1786129240151,48.3224,2.41468,100
cond_full_bpc_all,1786129272245,48.3313,2.41527,100
cond_full_bpc_all,1786129272726,48.3314,2.42153,100
cond_full_bpc_all,1786129282664,48.3342,2.41827,100
cond_full_bpc_all,1786129287366,48.3355,2.42197,100
cond_full_bpc_all,1786129329137,48.3471,2.42,100
cond_full_bpc_all,1786129357780,48.3551,2.42104,100
cond_full_bpc_all,1786129361742,48.3562,2.41967,100
cond_full_bpc_all,1786129393769,48.3651,2.42098,100
cond_full_bpc_all,1786129407651,48.3689,2.42258,100
cond_full_bpc_all,1786129466052,48.3851,2.42158,100
cond_full_bpc_all,1786129674933,48.4432,2.42163,100
cond_full_bpc_all,1786129794653,48.4764,2.4132,100
cond_full_bpc_all,1786129977106,48.5271,2.41177,100
cond_full_bpc_all,1786129977730,48.5273,2.41054,100
cond_full_bpc_all,1786129978298,48.5274,2.40865,100
cond_full_bpc_all,1786130140306,48.5724,2.4023,100
cond_full_bpc_all,1786130173421,48.5816,2.39939,100
cond_full_bpc_all,1786130553842,48.6873,2.39974,100
cond_full_bpc_all,1786130584857,48.6959,2.39986,100
cond_full_bpc_all,1786130670699,48.7198,2.40082,100
cond_full_bpc_all,1786130862646,48.7731,2.39273,100
cond_full_bpc_all,1786131020827,48.817,2.39015,100
cond_full_bpc_all,1786131021096,48.8171,2.39216,100
cond_full_bpc_all,1786131021360,48.8172,2.39536,100
cond_full_bpc_all,1786131053408,48.8261,2.39483,100
cond_full_bpc_all,1786131129001,48.8471,2.4011,100
cond_full_bpc_all,1786131333171,48.9038,2.40591,100
cond_full_bpc_all,1786131333675,48.9039,2.40973,100
cond_full_bpc_all,1786131517067,48.9549,2.40717,100
cond_full_bpc_all,1786131517557,48.955,2.40653,100
cond_full_bpc_all,1786131885633,49.0572,2.4076,100
cond_full_bpc_all,1786131999854,49.089,2.40903,100
cond_full_bpc_all,1786132100587,49.1169,2.40583,100
cond_full_bpc_all,1786132105097,49.1182,2.41258,100
cond_full_bpc_all,1786132302036,49.1729,2.41912,100
cond_full_bpc_all,1786132361068,49.1893,2.41543,100
cond_full_bpc_all,1786132742018,49.2951,2.41682,100
cond_full_bpc_all,1786132742541,49.2953,2.42106,100
cond_full_bpc_all,1786132743036,49.2954,2.4223,100
cond_full_bpc_all,1786132743538,49.2955,2.42293,100
cond_full_bpc_all,1786132744042,49.2957,2.42569,100
cond_full_bpc_all,1786132788601,49.3081,2.42339,100
cond_full_bpc_all,1786132789002,49.3082,2.4196,100
cond_full_bpc_all,1786133167825,49.4134,2.41853,100
cond_full_bpc_all,1786133241561,49.4339,2.4182,100
cond_full_bpc_all,1786133253423,49.4372,2.41625,100
cond_full_bpc_all,1786133677468,49.555,2.41692,100
cond_full_bpc_all,1786133944478,49.6291,2.41625,100
cond_full_bpc_all,1786133956843,49.6326,2.4225,100
cond_full_bpc_all,1786133970361,49.6363,2.4218,100
cond_full_bpc_all,1786134028724,49.6525,2.42121,100
cond_full_bpc_all,1786134048266,49.658,2.42049,100
cond_full_bpc_all,1786134076718,49.6659,2.42058,100
cond_full_bpc_all,1786134571127,49.8032,2.42145,100
cond_full_bpc_all,1786134665856,49.8295,2.42431,100
cond_full_bpc_all,1786135034472,49.9319,2.41826,100
cond_full_bpc_all,1786135096060,49.949,2.41791,100
cond_full_bpc_all,1786135227038,49.9854,2.41489,100
cond_full_bpc_all,1786136045381,50.2127,2.40759,100
cond_full_bpc_all,1786136046972,50.2132,2.4156,100
cond_full_bpc_all,1786136508098,50.3413,2.41777,100
cond_full_bpc_all,1786136508733,50.3414,2.42197,100
cond_full_bpc_all,1786136558805,50.3553,2.42233,100
cond_full_bpc_all,1786136844086,50.4346,2.42261,100
cond_full_bpc_all,1786137572856,50.637,2.42431,100
cond_full_bpc_all,1786137573197,50.6371,2.4275,100
cond_full_bpc_all,1786137573468,50.6372,2.42935,100
cond_full_bpc_all,1786137573754,50.6373,2.4281,100
cond_full_bpc_all,1786137583639,50.64,2.4297,100
cond_full_bpc_all,1786137761178,50.6893,2.43421,100
cond_full_bpc_all,1786137813737,50.7039,2.4356,100
cond_full_bpc_all,1786137984131,50.7513,2.44053,100
cond_full_bpc_all,1786138174736,50.8042,2.44399,100
cond_full_bpc_all,1786138175191,50.8043,2.44886,100
cond_full_bpc_all,1786138175700,50.8045,2.44685,100
cond_full_bpc_all,1786138461966,50.884,2.45138,100
cond_full_bpc_all,1786138462189,50.8841,2.4512,100
cond_full_bpc_all,1786138505834,50.8962,2.45467,100
cond_full_bpc_all,1786138617163,50.9271,2.44881,100
cond_full_bpc_all,1786138887447,51.0022,2.44453,100
cond_full_bpc_all,1786138928449,51.0136,2.44472,100
cond_full_bpc_all,1786138928845,51.0137,2.44519,100
cond_full_bpc_all,1786138929307,51.0138,2.44791,100
cond_full_bpc_all,1786139060023,51.0501,2.44727,100
cond_full_bpc_all,1786139060528,51.0503,2.45192,100
cond_full_bpc_all,1786139060953,51.0504,2.45879,100
cond_full_bpc_all,1786139434877,51.1543,2.47169,100
cond_full_bpc_all,1786139435032,51.1543,2.47829,100
cond_full_bpc_all,1786139518178,51.1774,2.48462,100
cond_full_bpc_all,1786139617339,51.2049,2.47424,100
cond_full_bpc_all,1786139732626,51.237,2.47671,100
cond_full_bpc_all,1786139733112,51.2371,2.47866,100
cond_full_bpc_all,1786139851999,51.2701,2.47736,100
cond_full_bpc_all,1786140203912,51.3679,2.47499,100
cond_full_bpc_all,1786140368108,51.4135,2.46526,100
cond_full_bpc_all,1786140885683,51.5573,2.45461,100
cond_full_bpc_all,1786141134677,51.6264,2.44981,100
cond_full_bpc_all,1786141835609,51.8211,2.45143,100
cond_full_bpc_all,1786142677265,52.0549,2.45071,100
cond_full_bpc_all,1786142743798,52.0734,2.44884,100
cond_full_bpc_all,1786142958891,52.1331,2.4498,100
cond_full_bpc_all,1786143697833,52.3384,2.4493,100
cond_full_bpc_all,1786143742063,52.3507,2.45394,100
cond_full_bpc_all,1786143742785,52.3509,2.45161,100
cond_full_bpc_all,1786143743554,52.3511,2.45424,100
cond_full_bpc_all,1786143777999,52.3607,2.45374,100
cond_full_bpc_all,1786143778814,52.3609,2.45657,100
cond_full_bpc_all,1786143779491,52.3611,2.45819,100
cond_full_bpc_all,1786143977718,52.4162,2.45695,100
cond_full_bpc_all,1786144034097,52.4318,2.45679,100
cond_full_bpc_all,1786144039177,52.4332,2.45747,100
cond_full_bpc_all,1786145335821,52.7934,2.46825,100
cond_full_bpc_all,1786145336227,52.7935,2.47132,100
cond_full_bpc_all,1786145336632,52.7936,2.47304,100
cond_full_bpc_all,1786145409904,52.814,2.47727,100
cond_full_bpc_all,1786145683466,52.89,2.48611,100
cond_full_bpc_all,1786145751173,52.9088,2.48733,100
cond_full_bpc_all,1786145752428,52.9091,2.48776,100
cond_full_bpc_all,1786145784189,52.9179,2.4877,100
cond_full_bpc_all,1786145993325,52.976,2.48927,100
cond_full_bpc_all,1786146112082,53.009,2.49246,100
cond_full_bpc_all,1786147025473,53.2628,2.49365,100
cond_full_bpc_all,1786147209705,53.3139,2.48722,100
cond_full_bpc_all,1786147262198,53.3285,2.49133,100
cond_full_bpc_all,1786147265518,53.3294,2.49689,100
cond_full_bpc_all,1786147266665,53.3297,2.49813,100
cond_full_bpc_all,1786147267806,53.3301,2.49766,100
cond_full_bpc_all,1786147324069,53.3457,2.49688,100
cond_full_bpc_all,1786147367074,53.3576,2.49579,100
cond_full_bpc_all,1786147406864,53.3687,2.49369,100
cond_full_bpc_all,1786147445854,53.3795,2.49114,100
cond_full_bpc_all,1786147462373,53.3841,2.48984,100
cond_full_bpc_all,1786147477407,53.3883,2.49868,100
cond_full_bpc_all,1786147545328,53.4072,2.49583,100
cond_full_bpc_all,1786147570859,53.4142,2.49437,100
cond_full_bpc_all,1786147586619,53.4186,2.49925,100
cond_full_bpc_all,1786147887427,53.5022,2.49887,100
cond_full_bpc_all,1786147924577,53.5125,2.49537,100
cond_full_bpc_all,1786147955446,53.5211,2.49561,100
cond_full_bpc_all,1786147976281,53.5269,2.49399,100
cond_full_bpc_all,1786147977200,53.5271,2.49143,100
cond_full_bpc_all,1786148228422,53.5969,2.4958,100
cond_full_bpc_all,1786148407273,53.6466,2.50065,100
cond_full_bpc_all,1786148411261,53.6477,2.50208,100
cond_full_bpc_all,1786148479071,53.6665,2.50692,100
cond_full_bpc_all,1786148490568,53.6697,2.51048,100
cond_full_bpc_all,1786148967058,53.8021,2.49757,100
cond_full_bpc_all,1786149122446,53.8452,2.50358,100
cond_full_bpc_all,1786149203240,53.8677,2.49961,100
cond_full_bpc_all,1786149236412,53.8769,2.49431,100
cond_full_bpc_all,1786149274281,53.8874,2.48683,100
cond_full_bpc_all,1786149285450,53.8905,2.48134,100
cond_full_bpc_all,1786149286156,53.8907,2.47778,100
cond_full_bpc_all,1786149286848,53.8909,2.47109,100
cond_full_bpc_all,1786149287546,53.8911,2.46325,100
cond_full_bpc_all,1786149288284,53.8913,2.46204,100
cond_full_bpc_all,1786149288964,53.8915,2.45909,100
cond_full_bpc_all,1786149289588,53.8917,2.4581,100
cond_full_bpc_all,1786149290260,53.8919,2.46089,100
cond_full_bpc_all,1786149291132,53.8921,2.45267,100
cond_full_bpc_all,1786149291871,53.8923,2.44352,100
cond_full_bpc_all,1786149293135,53.8927,2.4341,100
cond_full_bpc_all,1786149293820,53.8928,2.42699,100
cond_full_bpc_all,1786149294561,53.8931,2.41741,100
cond_full_bpc_all,1786149295215,53.8932,2.41105,100
cond_full_bpc_all,1786149295934,53.8934,2.40393,100
cond_full_bpc_all,1786149296619,53.8936,2.39594,100
cond_full_bpc_all,1786149297356,53.8938,2.38781,100
cond_full_bpc_all,1786149297988,53.894,2.37573,100
cond_full_bpc_all,1786149298661,53.8942,2.36454,100
cond_full_bpc_all,1786149299385,53.8944,2.35495,100
cond_full_bpc_all,1786149320430,53.9002,2.3493,100
cond_full_bpc_all,1786149329396,53.9027,2.34348,100
cond_full_bpc_all,1786149378424,53.9163,2.34505,100
cond_full_bpc_all,1786149420789,53.9281,2.3441,100
cond_full_bpc_all,1786149425521,53.9294,2.34814,100
cond_full_bpc_all,1786149462269,53.9396,2.35016,100
cond_full_bpc_all,1786149579876,53.9723,2.34683,100
cond_full_bpc_all,1786149680885,54.0004,2.34974,100
cond_full_bpc_all,1786149702457,54.0064,2.35117,100
cond_full_bpc_all,1786149765541,54.0239,2.34863,100
cond_full_bpc_all,1786149774023,54.0262,2.34567,100
cond_full_bpc_all,1786149783564,54.0289,2.34308,100
cond_full_bpc_all,1786149852792,54.0481,2.34088,100
cond_full_bpc_all,1786149856419,54.0491,2.33604,100
cond_full_bpc_all,1786149901069,54.0615,2.33567,100
cond_full_bpc_all,1786149930318,54.0697,2.33411,100
cond_full_bpc_all,1786149939563,54.0722,2.33336,100
cond_full_bpc_all,1786149965065,54.0793,2.32997,100
cond_full_bpc_all,1786149973932,54.0818,2.34644,100
cond_full_bpc_all,1786149982457,54.0841,2.33954,100
cond_full_bpc_all,1786150032362,54.098,2.34016,100
cond_full_bpc_all,1786150066575,54.1075,2.33617,100
cond_full_bpc_all,1786150067336,54.1077,2.33451,100
cond_full_bpc_all,1786150068072,54.1079,2.34254,100
cond_full_bpc_all,1786150068811,54.1081,2.34946,100
cond_full_bpc_all,1786150101254,54.1171,2.35513,100
cond_full_bpc_all,1786150108243,54.1191,2.37022,100
cond_full_bpc_all,1786150109272,54.1194,2.36957,100
cond_full_bpc_all,1786150120438,54.1225,2.37061,100
cond_full_bpc_all,1786150127642,54.1245,2.36976,100
cond_full_bpc_all,1786150150450,54.1308,2.37201,100
cond_full_bpc_all,1786150159604,54.1333,2.37271,100
cond_full_bpc_all,1786150208892,54.147,2.36966,100
cond_full_bpc_all,1786150287350,54.1688,2.37482,100
cond_full_bpc_all,1786150461898,54.2173,2.36632,100
cond_full_bpc_all,1786150500982,54.2282,2.34873,100
cond_full_bpc_all,1786150501725,54.2284,2.34677,100
cond_full_bpc_all,1786150502333,54.2285,2.34892,100
cond_full_bpc_all,1786150530291,54.2363,2.35228,100
cond_full_bpc_all,1786150676876,54.277,2.35422,100
cond_full_bpc_all,1786150839177,54.3221,2.34861,100
cond_full_bpc_all,1786150893473,54.3372,2.34707,100
cond_full_bpc_all,1786150936906,54.3493,2.34521,100
cond_full_bpc_all,1786150967291,54.3577,2.34289,100
cond_full_bpc_all,1786150970747,54.3587,2.3386,100
cond_full_bpc_all,1786151115783,54.3989,2.33945,100
cond_full_bpc_all,1786151116392,54.3991,2.33698,100
cond_full_bpc_all,1786151498926,54.5054,2.32518,100
cond_full_bpc_all,1786151614217,54.5374,2.32518,100
cond_full_bpc_all,1786151615762,54.5378,2.32229,100
cond_full_bpc_all,1786151647637,54.5467,2.32256,100
cond_full_bpc_all,1786151689340,54.5583,2.32803,100
cond_full_bpc_all,1786151691956,54.559,2.31422,100
cond_full_bpc_all,1786151741061,54.5726,2.31582,100
cond_full_bpc_all,1786151945843,54.6295,2.31552,100
cond_full_bpc_all,1786152058923,54.6609,2.31601,100
cond_full_bpc_all,1786152095432,54.6711,2.31943,100
cond_full_bpc_all,1786152646624,54.8242,2.31895,100
cond_full_bpc_all,1786152686543,54.8353,2.32091,100
cond_full_bpc_all,1786152727101,54.8465,2.34551,100
cond_full_bpc_all,1786152769024,54.8582,2.34462,100
cond_full_bpc_all,1786152822231,54.873,2.34314,100
cond_full_bpc_all,1786152844541,54.8792,2.3421,100
cond_full_bpc_all,1786152845386,54.8794,2.33315,100
cond_full_bpc_all,1786153036242,54.9324,2.33486,100
cond_full_bpc_all,1786153391267,55.031,2.33481,100
cond_full_bpc_all,1786153400749,55.0337,2.33548,100
cond_full_bpc_all,1786153417302,55.0383,2.33415,100
cond_full_bpc_all,1786153609061,55.0915,2.32998,100
cond_full_bpc_all,1786153609693,55.0917,2.32893,100
cond_full_bpc_all,1786153625686,55.0961,2.32775,100
cond_full_bpc_all,1786153641819,55.1006,2.32523,100
cond_full_bpc_all,1786153704289,55.118,2.32269,100
cond_full_bpc_all,1786153704941,55.1182,2.31616,100
cond_full_bpc_all,1786154035997,55.2101,2.31456,100
cond_full_bpc_all,1786154121893,55.234,2.324,100
cond_full_bpc_all,1786154413238,55.3149,2.31594,100
cond_full_bpc_all,1786154413451,55.315,2.31749,100
cond_full_bpc_all,1786154413624,55.315,2.32258,100
cond_full_bpc_all,1786154466402,55.3297,2.32839,100
cond_full_bpc_all,1786154476215,55.3324,2.33944,100
cond_full_bpc_all,1786154476536,55.3325,2.35067,100
cond_full_bpc_all,1786154476827,55.3326,2.36042,100
cond_full_bpc_all,1786154477218,55.3327,2.36739,100
cond_full_bpc_all,1786154541025,55.3504,2.37491,100
cond_full_bpc_all,1786154700522,55.3947,2.38084,100
cond_full_bpc_all,1786154732921,55.4037,2.38679,100
cond_full_bpc_all,1786154796251,55.4213,2.39509,100
cond_full_bpc_all,1786154831997,55.4312,2.40087,100
cond_full_bpc_all,1786155029719,55.4862,2.40415,100
cond_full_bpc_all,1786155031823,55.4867,2.41276,100
cond_full_bpc_all,1786155101438,55.5061,2.41871,100
cond_full_bpc_all,1786155195298,55.5321,2.42727,100
cond_full_bpc_all,1786155441054,55.6004,2.433,100
cond_full_bpc_all,1786156223057,55.8176,2.43824,100
cond_full_bpc_all,1786156277660,55.8328,2.44292,100
cond_full_bpc_all,1786156297092,55.8382,2.44935,100
cond_full_bpc_all,1786156730076,55.9585,2.45659,100
cond_full_bpc_all,1786156816374,55.9824,2.46376,100
cond_full_bpc_all,1786156867116,55.9965,2.47064,100
cond_full_bpc_all,1786157076344,56.0547,2.46928,100
cond_full_bpc_all,1786157090831,56.0587,2.46774,100
cond_full_bpc_all,1786157101514,56.0617,2.46365,100
cond_full_bpc_all,1786157101792,56.0617,2.46366,100
cond_full_bpc_all,1786157102119,56.0618,2.45987,100
cond_full_bpc_all,1786157148141,56.0746,2.46624,100
cond_full_bpc_all,1786157277765,56.1106,2.46474,100
cond_full_bpc_all,1786157297758,56.1162,2.46443,100
cond_full_bpc_all,1786157329493,56.125,2.46412,100
cond_full_bpc_all,1786157395068,56.1432,2.46534,100
cond_full_bpc_all,1786157412581,56.1481,2.46637,100
cond_full_bpc_all,1786157420924,56.1504,2.46868,100
cond_full_bpc_all,1786157502893,56.1731,2.46881,100
cond_full_bpc_all,1786157595941,56.199,2.47136,100
cond_full_bpc_all,1786157770617,56.2475,2.47337,100
cond_full_bpc_all,1786157770948,56.2476,2.47552,100
cond_full_bpc_all,1786157802514,56.2564,2.47597,100
cond_full_bpc_all,1786157875893,56.2768,2.48163,100
cond_full_bpc_all,1786157894491,56.2819,2.48551,100
cond_full_bpc_all,1786158269561,56.3861,2.49124,100
cond_full_bpc_all,1786158283943,56.3901,2.48658,100
cond_full_bpc_all,1786158371482,56.4144,2.4806,100
cond_full_bpc_all,1786158394976,56.4209,2.48177,100
cond_full_bpc_all,1786158397013,56.4215,2.48599,100
cond_full_bpc_all,1786158403103,56.4232,2.48913,100
cond_full_bpc_all,1786158420832,56.4281,2.48566,100
cond_full_bpc_all,1786158423116,56.4288,2.47731,100
cond_full_bpc_all,1786158425387,56.4294,2.47901,100
cond_full_bpc_all,1786158427690,56.43,2.47519,100
cond_full_bpc_all,1786158429954,56.4307,2.47182,100
cond_full_bpc_all,1786158485154,56.446,2.46779,100
cond_full_bpc_all,1786158485725,56.4462,2.46352,100
cond_full_bpc_all,1786158486050,56.4462,2.46361,100
cond_full_bpc_all,1786158518706,56.4553,2.46076,100
cond_full_bpc_all,1786158521032,56.456,2.47364,100
cond_full_bpc_all,1786158523296,56.4566,2.48996,100
cond_full_bpc_all,1786158590325,56.4752,2.49278,100
cond_full_bpc_all,1786158697491,56.505,2.49292,100
cond_full_bpc_all,1786158758507,56.5219,2.49162,100
cond_full_bpc_all,1786158759151,56.5221,2.49108,100
cond_full_bpc_all,1786158759978,56.5223,2.49892,100
cond_full_bpc_all,1786158774480,56.5264,2.49942,100
cond_full_bpc_all,1786158792777,56.5314,2.50342,100
cond_full_bpc_all,1786158822726,56.5398,2.50252,100
cond_full_bpc_all,1786159145674,56.6295,2.49959,100
cond_full_bpc_all,1786159146235,56.6296,2.49674,100
cond_full_bpc_all,1786159477301,56.7216,2.5018,100
cond_full_bpc_all,1786159547414,56.7411,2.51655,100
cond_full_bpc_all,1786159547753,56.7412,2.51355,100
cond_full_bpc_all,1786159870735,56.8309,2.50821,100
cond_full_bpc_all,1786159883283,56.8344,2.50563,100
cond_full_bpc_all,1786160100466,56.8947,2.50547,100
cond_full_bpc_all,1786160120763,56.9003,2.50309,100
cond_full_bpc_all,1786160178060,56.9162,2.50382,100
cond_full_bpc_all,1786160986152,57.1407,2.50636,100
cond_full_bpc_all,1786161804632,57.3681,2.50638,100
cond_full_bpc_all,1786162127128,57.4577,2.49704,100
cond_full_bpc_all,1786162138847,57.4609,2.476,100
cond_full_bpc_all,1786162152990,57.4648,2.47365,100
cond_full_bpc_all,1786162190191,57.4752,2.45597,100
cond_full_bpc_all,1786162213875,57.4818,2.45031,100
cond_full_bpc_all,1786162242718,57.4898,2.44202,100
cond_full_bpc_all,1786162255213,57.4932,2.43394,100
cond_full_bpc_all,1786162426039,57.5407,2.44233,100
cond_full_bpc_all,1786162428295,57.5413,2.43874,100
cond_full_bpc_all,1786162459426,57.55,2.43726,100
cond_full_bpc_all,1786163511017,57.8421,2.43554,100
cond_full_bpc_all,1786163543578,57.8511,2.43338,100
cond_full_bpc_all,1786163643745,57.8789,2.43644,100
cond_full_bpc_all,1786163832506,57.9314,2.4349,100
cond_full_bpc_all,1786163871726,57.9423,2.43699,100
cond_full_bpc_all,1786163937157,57.9604,2.443,100
cond_full_bpc_all,1786164002390,57.9786,2.43887,100
cond_full_bpc_all,1786164099633,58.0056,2.44277,100
cond_full_bpc_all,1786164597041,58.1437,2.44562,100
cond_full_bpc_all,1786164997445,58.255,2.4467,100
cond_full_bpc_all,1786164998447,58.2552,2.44673,100
cond_full_bpc_all,1786165124094,58.2901,2.44843,100
cond_full_bpc_all,1786165274206,58.3318,2.44907,100
cond_full_bpc_all,1786165274815,58.332,2.44975,100
cond_full_bpc_all,1786165327030,58.3465,2.45058,100
cond_full_bpc_all,1786165508534,58.3969,2.45065,100
cond_full_bpc_all,1786166021047,58.5393,2.45021,100
cond_full_bpc_all,1786166623844,58.7067,2.45821,100
cond_full_bpc_all,1786166653224,58.7149,2.45939,100
cond_full_bpc_all,1786167012955,58.8148,2.46015,100
cond_full_bpc_all,1786167039652,58.8222,2.46206,100
cond_full_bpc_all,1786168141076,59.1282,2.46425,100
cond_full_bpc_all,1786168204616,59.1458,2.46209,100
cond_full_bpc_all,1786168598155,59.2552,2.46371,100
cond_full_bpc_all,1786168763221,59.301,2.46181,100
cond_full_bpc_all,1786168763437,59.3011,2.46371,100
cond_full_bpc_all,1786168763636,59.3011,2.46271,100
cond_full_bpc_all,1786168763836,59.3012,2.46279,100
cond_full_bpc_all,1786168787891,59.3079,2.46539,100
cond_full_bpc_all,1786168788189,59.3079,2.46977,100
cond_full_bpc_all,1786169064849,59.3848,2.46823,100
cond_full_bpc_all,1786169206571,59.4242,2.46851,100
cond_full_bpc_all,1786169206888,59.4243,2.46986,100
cond_full_bpc_all,1786169451851,59.4923,2.47361,100
cond_full_bpc_all,1786169563233,59.5232,2.47605,100
cond_full_bpc_all,1786169615210,59.5377,2.47785,100
cond_full_bpc_all,1786169769561,59.5806,2.47246,100
cond_full_bpc_all,1786169925699,59.6239,2.47243,100
cond_full_bpc_all,1786170046265,59.6574,2.47321,100
cond_full_bpc_all,1786170071678,59.6645,2.46864,100
cond_full_bpc_all,1786170093228,59.6705,2.46674,100
cond_full_bpc_all,1786170116576,59.6769,2.46829,100
cond_full_bpc_all,1786170141202,59.6838,2.46597,100
cond_full_bpc_all,1786170178240,59.6941,2.46973,100
cond_full_bpc_all,1786170383836,59.7512,2.46993,100
cond_full_bpc_all,1786170404599,59.757,2.46967,100
cond_full_bpc_all,1786170434916,59.7654,2.4693,100
cond_full_bpc_all,1786170576182,59.8046,2.4664,100
cond_full_bpc_all,1786170598252,59.8107,2.46264,100
cond_full_bpc_all,1786170765327,59.8572,2.46245,100
cond_full_bpc_all,1786171292594,60.0036,2.45205,100
cond_full_bpc_all,1786171293958,60.004,2.44892,100
cond_full_bpc_all,1786171295030,60.0043,2.44663,100
cond_full_bpc_all,1786171296242,60.0046,2.4411,100
cond_full_bpc_all,1786171297416,60.005,2.44164,100
cond_full_bpc_all,1786171505273,60.0627,2.44804,100
cond_full_bpc_all,1786172012040,60.2035,2.44953,100
cond_full_bpc_all,1786172700467,60.3947,2.44959,100
cond_full_bpc_all,1786172700965,60.3948,2.45169,100
cond_full_bpc_all,1786172739609,60.4056,2.45436,100
cond_full_bpc_all,1786172745387,60.4072,2.45401,100
cond_full_bpc_all,1786172808840,60.4248,2.45712,100
cond_full_bpc_all,1786172841706,60.4339,2.46075,100
cond_full_bpc_all,1786172905656,60.4517,2.46193,100
cond_full_bpc_all,1786173069648,60.4972,2.46453,100
cond_full_bpc_all,1786173082652,60.5009,2.46843,100
cond_full_bpc_all,1786173118000,60.5107,2.47382,100
cond_full_bpc_all,1786173137087,60.516,2.47477,100
cond_full_bpc_all,1786173336323,60.5713,2.47608,100
cond_full_bpc_all,1786173450384,60.603,2.47871,100
cond_full_bpc_all,1786173477332,60.6105,2.47774,100
cond_full_bpc_all,1786173477753,60.6106,2.47878,100
cond_full_bpc_all,1786173478160,60.6107,2.48095,100
cond_full_bpc_all,1786173478625,60.6108,2.4822,100
cond_full_bpc_all,1786173479033,60.611,2.48306,100
cond_full_bpc_all,1786173479433,60.6111,2.48285,100
cond_full_bpc_all,1786173479833,60.6112,2.48237,100
cond_full_bpc_all,1786173480234,60.6113,2.48273,100
cond_full_bpc_all,1786173480634,60.6114,2.48576,100
cond_full_bpc_all,1786173971927,60.7479,2.48835,100
cond_full_bpc_all,1786173976886,60.7493,2.48427,100
cond_full_bpc_all,1786174176877,60.8048,2.48486,100
cond_full_bpc_all,1786174770900,60.9698,2.48655,100
cond_full_bpc_all,1786174771248,60.9699,2.49126,100
cond_full_bpc_all,1786175370517,61.1364,2.49291,100
cond_full_bpc_all,1786176396459,61.4214,2.48895,100
cond_full_bpc_all,1786176517188,61.4549,2.48922,100
cond_full_bpc_all,1786176538963,61.4609,2.49164,100
cond_full_bpc_all,1786176636046,61.4879,2.48896,100
cond_full_bpc_all,1786176688395,61.5025,2.48849,100
cond_full_bpc_all,1786176885517,61.5572,2.49573,100
cond_full_bpc_all,1786177287256,61.6688,2.5139,100
cond_full_bpc_all,1786177350039,61.6862,2.5128,100
cond_full_bpc_all,1786177350530,61.6864,2.51067,100
cond_full_bpc_all,1786177368955,61.6915,2.5208,100
cond_full_bpc_all,1786177411964,61.7034,2.53499,100
cond_full_bpc_all,1786177540631,61.7392,2.54062,100
cond_full_bpc_all,1786177891935,61.8368,2.53643,100
cond_full_bpc_all,1786178146241,61.9074,2.54173,100
cond_full_bpc_all,1786178193395,61.9205,2.54471,100
cond_full_bpc_all,1786178201722,61.9228,2.54826,100
cond_full_bpc_all,1786178572149,62.0257,2.5429,100
cond_full_bpc_all,1786178572703,62.0259,2.53644,100
cond_full_bpc_all,1786178610716,62.0364,2.5346,100
cond_full_bpc_all,1786178611298,62.0366,2.52524,100
cond_full_bpc_all,1786178655077,62.0488,2.51814,100
cond_full_bpc_all,1786178655674,62.0489,2.51943,100
cond_full_bpc_all,1786178691652,62.0589,2.51523,100
cond_full_bpc_all,1786178720573,62.0669,2.51355,100
cond_full_bpc_all,1786178721140,62.0671,2.50842,100
cond_full_bpc_all,1786178737999,62.0718,2.50573,100
cond_full_bpc_all,1786178771182,62.081,2.50229,100
cond_full_bpc_all,1786178771754,62.0812,2.49676,100
cond_full_bpc_all,1786178822371,62.0952,2.4946,100
cond_full_bpc_all,1786179029296,62.1527,2.48846,100
cond_full_bpc_all,1786179513104,62.2871,2.48465,100
cond_full_bpc_all,1786179563618,62.3011,2.47288,100
cond_full_bpc_all,1786179660017,62.3279,2.4629,100
cond_full_bpc_all,1786179696820,62.3381,2.46175,100
cond_full_bpc_all,1786179697086,62.3382,2.46351,100
cond_full_bpc_all,1786179697127,62.3382,2.46522,100
cond_full_bpc_all,1786179697483,62.3383,2.46399,100
cond_full_bpc_all,1786179697922,62.3384,2.46923,100
cond_full_bpc_all,1786179698214,62.3385,2.47322,100
cond_full_bpc_all,1786179698514,62.3386,2.47419,100
cond_full_bpc_all,1786179698807,62.3387,2.47339,100
cond_full_bpc_all,1786179726612,62.3464,2.47347,100
cond_full_bpc_all,1786179726902,62.3465,2.47298,100
cond_full_bpc_all,1786179727184,62.3466,2.4722,100
cond_full_bpc_all,1786179727466,62.3466,2.46952,100
cond_full_bpc_all,1786179727753,62.3467,2.47318,100
cond_full_bpc_all,1786179728041,62.3468,2.47194,100
cond_full_bpc_all,1786179728334,62.3469,2.47033,100
cond_full_bpc_all,1786179759096,62.3554,2.46558,100
cond_full_bpc_all,1786179759384,62.3555,2.45986,100
cond_full_bpc_all,1786179759673,62.3556,2.46149,100
cond_full_bpc_all,1786179759959,62.3557,2.46629,100
cond_full_bpc_all,1786179760240,62.3557,2.46623,100
cond_full_bpc_all,1786179760525,62.3558,2.46675,100
cond_full_bpc_all,1786180032095,62.4313,2.46444,100
cond_full_bpc_all,1786180080832,62.4448,2.46817,100
cond_full_bpc_all,1786180081484,62.445,2.46851,100
cond_full_bpc_all,1786180081798,62.4451,2.47499,100
cond_full_bpc_all,1786180219709,62.4834,2.46702,100
cond_full_bpc_all,1786180297275,62.5049,2.46154,100
cond_full_bpc_all,1786180318021,62.5107,2.46454,100
cond_full_bpc_all,1786180406981,62.5354,2.46406,100
cond_full_bpc_all,1786180409271,62.536,2.46978,100
cond_full_bpc_all,1786180450343,62.5474,2.47004,100
cond_full_bpc_all,1786180485142,62.5571,2.4672,100
cond_full_bpc_all,1786180521134,62.5671,2.47871,100
cond_full_bpc_all,1786180552457,62.5758,2.47499,100
cond_full_bpc_all,1786180568236,62.5802,2.47508,100
cond_full_bpc_all,1786180603228,62.5899,2.47315,100
cond_full_bpc_all,1786180628520,62.5969,2.47391,100
cond_full_bpc_all,1786180634072,62.5985,2.4703,100
cond_full_bpc_all,1786180866607,62.6631,2.46638,100
cond_full_bpc_all,1786180888165,62.6691,2.46334,100
cond_full_bpc_all,1786180922499,62.6786,2.45591,100
cond_full_bpc_all,1786181541832,62.8506,2.46007,100
cond_full_bpc_all,1786181560183,62.8557,2.45763,100
cond_full_bpc_all,1786181574182,62.8596,2.45324,100
cond_full_bpc_all,1786181721883,62.9006,2.44645,100
cond_full_bpc_all,1786181990289,62.9752,2.44488,100
cond_full_bpc_all,1786182090103,63.0029,2.43951,100
cond_full_bpc_all,1786182557770,63.1328,2.42658,100
cond_full_bpc_all,1786182798336,63.1997,2.42695,100
cond_full_bpc_all,1786182922889,63.2343,2.42151,100
cond_full_bpc_all,1786183029894,63.264,2.41841,100
cond_full_bpc_all,1786183137351,63.2938,2.41537,100
cond_full_bpc_all,1786183137909,63.294,2.41446,100
cond_full_bpc_all,1786183162376,63.3008,2.41164,100
cond_full_bpc_all,1786183184540,63.3069,2.40834,100
cond_full_bpc_all,1786183204952,63.3126,2.40415,100
cond_full_bpc_all,1786183227771,63.3189,2.39659,100
cond_full_bpc_all,1786183261197,63.3282,2.39207,100
cond_full_bpc_all,1786183261922,63.3284,2.38922,100
cond_full_bpc_all,1786183305953,63.3407,2.3894,100
cond_full_bpc_all,1786183306453,63.3408,2.38379,100
cond_full_bpc_all,1786183307272,63.341,2.38145,100
cond_full_bpc_all,1786183363267,63.3566,2.38072,100
cond_full_bpc_all,1786183609781,63.4251,2.38549,100
cond_full_bpc_all,1786183741055,63.4615,2.38487,100
cond_full_bpc_all,1786183750306,63.4641,2.38394,100
cond_full_bpc_all,1786183750988,63.4643,2.3839,100
cond_full_bpc_all,1786183760084,63.4668,2.38594,100
cond_full_bpc_all,1786183760368,63.4669,2.38575,100
cond_full_bpc_all,1786183786558,63.4742,2.38662,100
cond_full_bpc_all,1786183879624,63.5,2.38511,100
cond_full_bpc_all,1786184061468,63.5505,2.38458,100
cond_full_bpc_all,1786184062214,63.5507,2.38083,100
cond_full_bpc_all,1786184062995,63.551,2.3754,100
cond_full_bpc_all,1786184063740,63.5512,2.37405,100
cond_full_bpc_all,1786184319975,63.6223,2.38225,100
cond_full_bpc_all,1786184763250,63.7455,2.3781,100
cond_full_bpc_all,1786184867564,63.7744,2.37554,100
cond_full_bpc_all,1786184884232,63.7791,2.37889,100
cond_full_bpc_all,1786184919558,63.7889,2.37831,100
cond_full_bpc_all,1786185188098,63.8635,2.37639,100
cond_full_bpc_all,1786185570669,63.9697,2.37389,100
cond_full_bpc_all,1786185571172,63.9699,2.37348,100
cond_full_bpc_all,1786185716091,64.0101,2.37717,100
cond_full_bpc_all,1786186209886,64.1473,2.38645,100
cond_full_bpc_all,1786186671865,64.2756,2.38202,100
cond_full_bpc_all,1786186917113,64.3438,2.38791,100
cond_full_bpc_all,1786186993266,64.3649,2.3929,100
cond_full_bpc_all,1786187226398,64.4297,2.4,100
cond_full_bpc_all,1786187310777,64.4531,2.40177,100
cond_full_bpc_all,1786187388844,64.4748,2.40564,100
cond_full_bpc_all,1786187423667,64.4845,2.40903,100
cond_full_bpc_all,1786187560378,64.5224,2.41003,100
cond_full_bpc_all,1786187713923,64.5651,2.41175,100
cond_full_bpc_all,1786187714258,64.5652,2.41558,100
cond_full_bpc_all,1786187785338,64.5849,2.4167,100
cond_full_bpc_all,1786188558789,64.7998,2.42089,100
cond_full_bpc_all,1786188585586,64.8072,2.42374,100
cond_full_bpc_all,1786188793609,64.865,2.43505,100
cond_full_bpc_all,1786189163678,64.9678,2.43581,100
cond_full_bpc_all,1786189164289,64.968,2.43673,100
cond_full_bpc_all,1786189164328,64.968,2.4381,100
cond_full_bpc_all,1786189403060,65.0343,2.43707,100
cond_full_bpc_all,1786189487215,65.0577,2.43575,100
cond_full_bpc_all,1786189518548,65.0664,2.43454,100
cond_full_bpc_all,1786189559236,65.0777,2.43368,100
cond_full_bpc_all,1786189559595,65.0778,2.43434,100
cond_full_bpc_all,1786189754783,65.132,2.43552,100
cond_full_bpc_all,1786189842735,65.1564,2.48203,100
cond_full_bpc_all,1786189889836,65.1695,2.49866,100
cond_full_bpc_all,1786190021055,65.206,2.49823,100
cond_full_bpc_all,1786190021666,65.2061,2.49746,100
cond_full_bpc_all,1786190063088,65.2176,2.49763,100
cond_full_bpc_all,1786190073185,65.2204,2.49763,100
cond_full_bpc_all,1786190077680,65.2217,2.49848,100
cond_full_bpc_all,1786190111442,65.2311,2.49939,100
cond_full_bpc_all,1786190319644,65.2889,2.51953,100
cond_full_bpc_all,1786190482502,65.3341,2.51963,100
cond_full_bpc_all,1786190482738,65.3342,2.51996,100
cond_full_bpc_all,1786190482909,65.3343,2.52015,100
cond_full_bpc_all,1786190984708,65.4736,2.52119,100
cond_full_bpc_all,1786191077656,65.4995,2.52426,100
cond_full_bpc_all,1786191245061,65.546,2.5211,100
cond_full_bpc_all,1786191338116,65.5718,2.52106,100
cond_full_bpc_all,1786191404502,65.5903,2.51909,100
cond_full_bpc_all,1786191977407,65.7494,2.52432,100
cond_full_bpc_all,1786192324086,65.8457,2.52276,100
cond_full_bpc_all,1786192565480,65.9128,2.51662,100
cond_full_bpc_all,1786192566134,65.9129,2.51841,100
cond_full_bpc_all,1786192637038,65.9326,2.51359,100
cond_full_bpc_all,1786192822176,65.9841,2.5191,100
cond_full_bpc_all,1786192823818,65.9845,2.51926,100
cond_full_bpc_all,1786192858883,65.9943,2.53392,100
cond_full_bpc_all,1786193232679,66.0981,2.53373,100
cond_full_bpc_all,1786193232903,66.0981,2.53856,100
cond_full_bpc_all,1786193445064,66.1571,2.54113,100
cond_full_bpc_all,1786193534923,66.182,2.54236,100
cond_full_bpc_all,1786193535153,66.1821,2.54172,100
cond_full_bpc_all,1786193535336,66.1822,2.53987,100
cond_full_bpc_all,1786193547090,66.1854,2.53478,100
cond_full_bpc_all,1786193555412,66.1877,2.53763,100
cond_full_bpc_all,1786193617827,66.2051,2.53222,100
cond_full_bpc_all,1786193684375,66.2236,2.53585,100
cond_full_bpc_all,1786193744536,66.2403,2.53683,100
cond_full_bpc_all,1786193761304,66.2449,2.54358,100
cond_full_bpc_all,1786193774174,66.2485,2.54617,100
cond_full_bpc_all,1786193785316,66.2516,2.55123,100
cond_full_bpc_all,1786193797105,66.2549,2.56819,100
cond_full_bpc_all,1786194063282,66.3288,2.56324,100
cond_full_bpc_all,1786194197491,66.3661,2.5708,100
cond_full_bpc_all,1786194200404,66.3669,2.57409,100
cond_full_bpc_all,1786194203298,66.3677,2.57813,100
cond_full_bpc_all,1786194203310,66.3677,2.57931,100
cond_full_bpc_all,1786194312209,66.398,2.58081,100
cond_full_bpc_all,1786194357643,66.4106,2.60033,100
cond_full_bpc_all,1786194410838,66.4254,2.61538,100
cond_full_bpc_all,1786194438851,66.4331,2.62431,100
cond_full_bpc_all,1786194439045,66.4332,2.62632,100
cond_full_bpc_all,1786194638732,66.4887,2.61482,100
cond_full_bpc_all,1786194707725,66.5078,2.61614,100
cond_full_bpc_all,1786194709157,66.5082,2.62483,100
cond_full_bpc_all,1786194763033,66.5232,2.62525,100
cond_full_bpc_all,1786194889857,66.5584,2.63393,100
cond_full_bpc_all,1786194890449,66.5586,2.63519,100
cond_full_bpc_all,1786195283384,66.6677,2.64078,100
cond_full_bpc_all,1786195338057,66.6829,2.63957,100
cond_full_bpc_all,1786195500052,66.7279,2.64105,100
cond_full_bpc_all,1786195527881,66.7356,2.64054,100
cond_full_bpc_all,1786195545119,66.7404,2.64071,100
cond_full_bpc_all,1786195600040,66.7557,2.63037,100
cond_full_bpc_all,1786195723052,66.7899,2.62538,100
cond_full_bpc_all,1786195742955,66.7954,2.60473,100
cond_full_bpc_all,1786195756299,66.7991,2.60077,100
cond_full_bpc_all,1786195789777,66.8084,2.60052,100
cond_full_bpc_all,1786195905133,66.8404,2.59854,100
cond_full_bpc_all,1786195906275,66.8408,2.58594,100
cond_full_bpc_all,1786195985542,66.8628,2.58437,100
cond_full_bpc_all,1786196282934,66.9454,2.58676,100
cond_full_bpc_all,1786196297929,66.9495,2.58654,100
cond_full_bpc_all,1786196318694,66.9553,2.59374,100
cond_full_bpc_all,1786196395825,66.9767,2.59806,100
cond_full_bpc_all,1786196613676,67.0373,2.61082,100
cond_full_bpc_all,1786196884056,67.1124,2.61175,100
cond_full_bpc_all,1786197262249,67.2174,2.61505,100
cond_full_bpc_all,1786197265145,67.2182,2.61222,100
cond_full_bpc_all,1786197724291,67.3458,2.62911,100
cond_full_bpc_all,1786197742887,67.3509,2.62644,100
cond_full_bpc_all,1786197755511,67.3544,2.62417,100
cond_full_bpc_all,1786197770395,67.3586,2.62287,100
cond_full_bpc_all,1786197770528,67.3586,2.62332,100
cond_full_bpc_all,1786198226695,67.4853,2.62111,100
cond_full_bpc_all,1786198252296,67.4924,2.61624,100
cond_full_bpc_all,1786198255072,67.4932,2.61556,100
cond_full_bpc_all,1786198257850,67.494,2.60318,100
cond_full_bpc_all,1786198477187,67.5549,2.59466,100
cond_full_bpc_all,1786198507522,67.5633,2.58695,100
cond_full_bpc_all,1786198507990,67.5635,2.58244,100
cond_full_bpc_all,1786198805249,67.646,2.58378,100
cond_full_bpc_all,1786199398805,67.8109,2.5793,100
cond_full_bpc_all,1786199437436,67.8216,2.57332,100
cond_full_bpc_all,1786199447270,67.8244,2.57218,100
cond_full_bpc_all,1786199459254,67.8277,2.56883,100
cond_full_bpc_all,1786199485638,67.835,2.56114,100
cond_full_bpc_all,1786199506309,67.8408,2.55172,100
cond_full_bpc_all,1786199547084,67.8521,2.54555,100
cond_full_bpc_all,1786199584627,67.8625,2.54414,100
cond_full_bpc_all,1786199608924,67.8693,2.54098,100
cond_full_bpc_all,1786199643691,67.8789,2.53831,100
cond_full_bpc_all,1786199745199,67.9071,2.4948,100
cond_full_bpc_all,1786199882682,67.9453,2.47923,100
cond_full_bpc_all,1786199882962,67.9454,2.4794,100
cond_full_bpc_all,1786199905179,67.9516,2.47905,100
cond_full_bpc_all,1786200223971,68.0401,2.48413,100
cond_full_bpc_all,1786200302810,68.062,2.48377,100
cond_full_bpc_all,1786200589078,68.1415,2.48316,100
cond_full_bpc_all,1786200644711,68.157,2.48111,100
cond_full_bpc_all,1786200675991,68.1657,2.46372,100
cond_full_bpc_all,1786200689840,68.1695,2.46162,100
cond_full_bpc_all,1786200877003,68.2215,2.45911,100
cond_full_bpc_all,1786200915368,68.2322,2.4576,100
cond_full_bpc_all,1786201231018,68.3198,2.45484,100
cond_full_bpc_all,1786201384192,68.3624,2.45593,100
cond_full_bpc_all,1786201384466,68.3625,2.45757,100
cond_full_bpc_all,1786201584215,68.418,2.45988,100
cond_full_bpc_all,1786201703239,68.451,2.45753,100
cond_full_bpc_all,1786201856399,68.4936,2.45395,100
cond_full_bpc_all,1786201900368,68.5058,2.45819,100
cond_full_bpc_all,1786201910861,68.5087,2.46219,100
cond_full_bpc_all,1786201940285,68.5169,2.4624,100
cond_full_bpc_all,1786202389863,68.6417,2.45901,100
cond_full_bpc_all,1786202777152,68.7493,2.45468,100
cond_full_bpc_all,1786202975966,68.8046,2.45801,100
cond_full_bpc_all,1786203400397,68.9225,2.44489,100
cond_full_bpc_all,1786203456758,68.9381,2.44609,100
cond_full_bpc_all,1786203494558,68.9486,2.43745,100
cond_full_bpc_all,1786203553334,68.9649,2.4387,100
cond_full_bpc_all,1786203553919,68.9651,2.44165,100
cond_full_bpc_all,1786203660478,68.9947,2.44142,100
cond_full_bpc_all,1786204159599,69.1333,2.44482,100
cond_full_bpc_all,1786204473224,69.2205,2.45041,100
cond_full_bpc_all,1786204622936,69.262,2.4474,100
cond_full_bpc_all,1786204892935,69.337,2.44926,100
cond_full_bpc_all,1786204903180,69.3399,2.44875,100
cond_full_bpc_all,1786205186155,69.4185,2.44501,100
cond_full_bpc_all,1786205202552,69.4231,2.44003,100
cond_full_bpc_all,1786205235883,69.4323,2.44095,100
cond_full_bpc_all,1786205283737,69.4456,2.43913,100
cond_full_bpc_all,1786205334761,69.4598,2.43885,100
cond_full_bpc_all,1786205376859,69.4715,2.43471,100
cond_full_bpc_all,1786205377534,69.4717,2.43315,100
cond_full_bpc_all,1786205529496,69.5139,2.43139,100
cond_full_bpc_all,1786205814658,69.5931,2.42885,100
cond_full_bpc_all,1786206281556,69.7228,2.42459,100
cond_full_bpc_all,1786206313548,69.7317,2.42918,100
cond_full_bpc_all,1786206314052,69.7318,2.41449,100
cond_full_bpc_all,1786206328814,69.7359,2.4036,100
cond_full_bpc_all,1786206382904,69.7509,2.40281,100
cond_full_bpc_all,1786206383548,69.7511,2.40157,100
cond_full_bpc_all,1786206447679,69.7689,2.41172,100
cond_full_bpc_all,1786206448320,69.7691,2.40869,100
cond_full_bpc_all,1786206512613,69.787,2.40703,100
cond_full_bpc_all,1786206535724,69.7934,2.39489,100
cond_full_bpc_all,1786206574622,69.8042,2.38726,100
cond_full_bpc_all,1786206782615,69.862,2.38347,100
cond_full_bpc_all,1786206827822,69.8745,2.37322,100
cond_full_bpc_all,1786206891002,69.8921,2.37388,100
cond_full_bpc_all,1786206898403,69.8941,2.36734,100
cond_full_bpc_all,1786206953608,69.9095,2.36451,100
cond_full_bpc_all,1786206957734,69.9106,2.36396,100
cond_full_bpc_all,1786206984535,69.918,2.36338,100
cond_full_bpc_all,1786206985182,69.9182,2.3647,100
cond_full_bpc_all,1786207045634,69.935,2.37448,100
cond_full_bpc_all,1786207046369,69.9352,2.37625,100
cond_full_bpc_all,1786207155905,69.9656,2.37637,100
cond_full_bpc_all,1786207156097,69.9657,2.37935,100
cond_full_bpc_all,1786207366062,70.024,2.38352,100
cond_full_bpc_all,1786207712699,70.1203,2.38754,100
cond_full_bpc_all,1786207713272,70.1205,2.38662,100
cond_full_bpc_all,1786207713754,70.1206,2.3866,100
cond_full_bpc_all,1786208053233,70.2149,2.38505,100
cond_full_bpc_all,1786208053781,70.2151,2.38067,100
cond_full_bpc_all,1786208054375,70.2152,2.36617,100
cond_full_bpc_all,1786208099733,70.2278,2.36461,100
cond_full_bpc_all,1786208312088,70.2868,2.36539,100
cond_full_bpc_all,1786208520218,70.3446,2.36823,100
cond_full_bpc_all,1786208536617,70.3492,2.35653,100
cond_full_bpc_all,1786208555831,70.3545,2.35769,100
cond_full_bpc_all,1786208827253,70.4299,2.3575,100
cond_full_bpc_all,1786208829471,70.4305,2.35708,100
cond_full_bpc_all,1786208830599,70.4308,2.3562,100
cond_full_bpc_all,1786208839242,70.4332,2.35588,100
cond_full_bpc_all,1786208905262,70.4516,2.36092,100
cond_full_bpc_all,1786208910586,70.4531,2.36195,100
cond_full_bpc_all,1786208911741,70.4534,2.36624,100
cond_full_bpc_all,1786208913025,70.4537,2.37014,100
cond_full_bpc_all,1786208914183,70.4541,2.37406,100
cond_full_bpc_all,1786208915350,70.4544,2.37619,100
cond_full_bpc_all,1786208916476,70.4547,2.37645,100
cond_full_bpc_all,1786208960920,70.467,2.3774,100
cond_full_bpc_all,1786209008484,70.4803,2.38001,100
cond_full_bpc_all,1786209041150,70.4893,2.3795,100
cond_full_bpc_all,1786209132466,70.5147,2.38024,100
cond_full_bpc_all,1786209314602,70.5653,2.38472,100
cond_full_bpc_all,1786209468810,70.6081,2.3956,100
cond_full_bpc_all,1786209499161,70.6166,2.40483,100
cond_full_bpc_all,1786209586949,70.6409,2.40585,100
cond_full_bpc_all,1786209587329,70.641,2.40784,100
cond_full_bpc_all,1786209956030,70.7435,2.40732,100
cond_full_bpc_all,1786209963831,70.7456,2.41115,100
cond_full_bpc_all,1786210035743,70.7656,2.406,100
cond_full_bpc_all,1786210099054,70.7832,2.40458,100
cond_full_bpc_all,1786210105342,70.7849,2.38923,100
cond_full_bpc_all,1786210275842,70.8323,2.38046,100
cond_full_bpc_all,1786210300134,70.839,2.38019,100
cond_full_bpc_all,1786210300767,70.8392,2.37947,100
cond_full_bpc_all,1786210301310,70.8394,2.38085,100
cond_full_bpc_all,1786210539506,70.9055,2.38309,100
cond_full_bpc_all,1786210540003,70.9057,2.3847,100
cond_full_bpc_all,1786210557814,70.9106,2.3803,100
cond_full_bpc_all,1786210641786,70.9339,2.37944,100
cond_full_bpc_all,1786210682179,70.9452,2.37223,100
cond_full_bpc_all,1786210695506,70.9489,2.37187,100
cond_full_bpc_all,1786210745182,70.9627,2.37157,100
cond_full_bpc_all,1786210768161,70.9691,2.36723,100
cond_full_bpc_all,1786210777217,70.9716,2.36732,100
cond_full_bpc_all,1786210814023,70.9818,2.37008,100
cond_full_bpc_all,1786210837689,70.9884,2.37112,100
cond_full_bpc_all,1786210841140,70.9893,2.37031,100
cond_full_bpc_all,1786210844057,70.9901,2.36382,100
cond_full_bpc_all,1786210844509,70.9903,2.36897,100
cond_full_bpc_all,1786210848238,70.9913,2.37066,100
cond_full_bpc_all,1786210851688,70.9923,2.3699,100
cond_full_bpc_all,1786211010280,71.0363,2.3676,100
cond_full_bpc_all,1786211010847,71.0365,2.3687,100
cond_full_bpc_all,1786211069480,71.0528,2.37399,100
cond_full_bpc_all,1786211123005,71.0676,2.37418,100
cond_full_bpc_all,1786211131320,71.0699,2.36949,100
cond_full_bpc_all,1786211145119,71.0738,2.37334,100
cond_full_bpc_all,1786211145588,71.0739,2.36685,100
cond_full_bpc_all,1786211146087,71.074,2.36035,100
cond_full_bpc_all,1786211146589,71.0742,2.36188,100
cond_full_bpc_all,1786211147076,71.0743,2.3608,100
cond_full_bpc_all,1786211165745,71.0795,2.3599,100
cond_full_bpc_all,1786211170336,71.0808,2.36158,100
cond_full_bpc_all,1786211235128,71.0988,2.36089,100
cond_full_bpc_all,1786211255097,71.1043,2.3608,100
cond_full_bpc_all,1786211275244,71.1099,2.36208,100
cond_full_bpc_all,1786211380461,71.1391,2.35623,100
cond_full_bpc_all,1786211558116,71.1885,2.35931,100
cond_full_bpc_all,1786211597607,71.1995,2.35978,100
cond_full_bpc_all,1786211638755,71.2109,2.35755,100
cond_full_bpc_all,1786211651180,71.2143,2.35655,100
cond_full_bpc_all,1786211713298,71.2316,2.36408,100
cond_full_bpc_all,1786211729393,71.2361,2.35618,100
cond_full_bpc_all,1786211765436,71.2461,2.34905,100
cond_full_bpc_all,1786211819109,71.261,2.35343,100
cond_full_bpc_all,1786211819581,71.2611,2.35397,100
cond_full_bpc_all,1786211820064,71.2612,2.35376,100
cond_full_bpc_all,1786211827380,71.2633,2.35403,100
cond_full_bpc_all,1786211837060,71.266,2.35552,100
cond_full_bpc_all,1786211844889,71.2681,2.3559,100
cond_full_bpc_all,1786211845393,71.2683,2.36982,100
cond_full_bpc_all,1786211845705,71.2684,2.37245,100
cond_full_bpc_all,1786211891556,71.2811,2.37401,100
cond_full_bpc_all,1786211937140,71.2938,2.37687,100
cond_full_bpc_all,1786211937299,71.2938,2.37497,100
cond_full_bpc_all,1786211949289,71.2971,2.38146,100
cond_full_bpc_all,1786211971705,71.3034,2.37966,100
cond_full_bpc_all,1786211999470,71.3111,2.37886,100
cond_full_bpc_all,1786212044802,71.3237,2.38291,100
cond_full_bpc_all,1786212228958,71.3748,2.38576,100
cond_full_bpc_all,1786212235534,71.3767,2.38641,100
cond_full_bpc_all,1786212256595,71.3825,2.38932,100
cond_full_bpc_all,1786212256884,71.3826,2.39099,100
cond_full_bpc_all,1786212261482,71.3839,2.39015,100
cond_full_bpc_all,1786212389208,71.4193,2.38986,100
cond_full_bpc_all,1786212693501,71.5039,2.38382,100
cond_full_bpc_all,1786212694231,71.5041,2.37769,100
cond_full_bpc_all,1786212694947,71.5043,2.37396,100
cond_full_bpc_all,1786212708993,71.5082,2.37432,100
cond_full_bpc_all,1786212777694,71.5273,2.37186,100
cond_full_bpc_all,1786212859845,71.5501,2.37087,100
cond_full_bpc_all,1786213222854,71.6509,2.36654,100
cond_full_bpc_all,1786213223605,71.6511,2.36074,100
cond_full_bpc_all,1786213224317,71.6513,2.35704,100
cond_full_bpc_all,1786213397428,71.6994,2.36265,100
cond_full_bpc_all,1786213397590,71.6994,2.35984,100
cond_full_bpc_all,1786213656387,71.7713,2.35497,100
cond_full_bpc_all,1786213661163,71.7727,2.3612,100
cond_full_bpc_all,1786213688272,71.7802,2.36251,100
cond_full_bpc_all,1786213766566,71.8019,2.36223,100
cond_full_bpc_all,1786214074185,71.8874,2.36022,100
cond_full_bpc_all,1786214292703,71.9481,2.35956,100
cond_full_bpc_all,1786214296693,71.9492,2.36149,100
cond_full_bpc_all,1786214301558,71.9506,2.36404,100
cond_full_bpc_all,1786214444147,71.9902,2.3634,100
cond_full_bpc_all,1786214491509,72.0033,2.36762,100
cond_full_bpc_all,1786214965065,72.1349,2.36661,100
cond_full_bpc_all,1786215195826,72.199,2.36499,100
cond_full_bpc_all,1786215203729,72.2012,2.3658,100
cond_full_bpc_all,1786215284940,72.2237,2.35985,100
cond_full_bpc_all,1786215672662,72.3314,2.36021,100
cond_full_bpc_all,1786215816470,72.3714,2.35824,100
cond_full_bpc_all,1786215843414,72.3788,2.3537,100
cond_full_bpc_all,1786215868106,72.3857,2.35272,100
cond_full_bpc_all,1786215869211,72.386,2.35186,100
cond_full_bpc_all,1786215888751,72.3914,2.34995,100
cond_full_bpc_all,1786215901855,72.3951,2.34829,100
cond_full_bpc_all,1786215915055,72.3987,2.34464,100
cond_full_bpc_all,1786216037715,72.4328,2.35046,100
cond_full_bpc_all,1786216198403,72.4775,2.35114,100
cond_full_bpc_all,1786216287565,72.5022,2.36553,100
cond_full_bpc_all,1786216484533,72.5569,2.36431,100
cond_full_bpc_all,1786216641007,72.6004,2.36686,100
cond_full_bpc_all,1786216853370,72.6594,2.37155,100
cond_full_bpc_all,1786217328566,72.7914,2.37094,100
cond_full_bpc_all,1786217329811,72.7917,2.36853,100
cond_full_bpc_all,1786217428519,72.8192,2.36811,100
cond_full_bpc_all,1786217460110,72.8279,2.37378,100
cond_full_bpc_all,1786217486152,72.8352,2.37668,100
cond_full_bpc_all,1786217531603,72.8478,2.38324,100
cond_full_bpc_all,1786217591050,72.8643,2.38076,100
cond_full_bpc_all,1786217666484,72.8853,2.38121,100
cond_full_bpc_all,1786217694536,72.893,2.3803,100
cond_full_bpc_all,1786217747280,72.9077,2.3813,100
cond_full_bpc_all,1786217747879,72.9079,2.379,100
cond_full_bpc_all,1786217771028,72.9143,2.3774,100
cond_full_bpc_all,1786217829570,72.9306,2.37834,100
cond_full_bpc_all,1786217868582,72.9414,2.3864,100
cond_full_bpc_all,1786217881784,72.9451,2.38839,100
cond_full_bpc_all,1786217888868,72.947,2.39037,100
cond_full_bpc_all,1786218077770,72.9995,2.38925,100
cond_full_bpc_all,1786219081771,73.2784,2.38966,100
cond_full_bpc_all,1786219089867,73.2806,2.38938,100
cond_full_bpc_all,1786219746815,73.4631,2.3907,100
cond_full_bpc_all,1786219830270,73.4863,2.39182,100
cond_full_bpc_all,1786219876895,73.4993,2.38649,100
cond_full_bpc_all,1786219930971,73.5143,2.3839,100
cond_full_bpc_all,1786219931677,73.5145,2.38835,100
cond_full_bpc_all,1786220042593,73.5453,2.3908,100
cond_full_bpc_all,1786220043295,73.5455,2.39302,100
novelty_ratio_all,1785987302321,8.8952,0.77861,100
novelty_ratio_all,1785987340519,8.9058,0.77558,100
novelty_ratio_all,1785987472384,8.9424,0.77404,100
novelty_ratio_all,1785987481223,8.9449,0.7703,100
novelty_ratio_all,1785987501612,8.9506,0.76742,100
novelty_ratio_all,1785987501846,8.9506,0.76323,100
novelty_ratio_all,1785987681826,9.0006,0.76117,100
novelty_ratio_all,1785987758636,9.022,0.75941,100
novelty_ratio_all,1785987778631,9.0275,0.75444,100
novelty_ratio_all,1785987793764,9.0317,0.75066,100
novelty_ratio_all,1785987924549,9.068,0.74451,100
novelty_ratio_all,1785987970371,9.0808,0.74251,100
novelty_ratio_all,1785988142068,9.1285,0.74144,100
novelty_ratio_all,1785988315174,9.1766,0.7371,100
novelty_ratio_all,1785988425117,9.2071,0.73428,100
novelty_ratio_all,1785988448872,9.2137,0.73113,100
novelty_ratio_all,1785988773585,9.3039,0.72829,100
novelty_ratio_all,1785988803466,9.3122,0.72569,100
novelty_ratio_all,1785988896314,9.338,0.72288,100
novelty_ratio_all,1785989096450,9.3936,0.72171,100
novelty_ratio_all,1785989239659,9.4334,0.72019,100
novelty_ratio_all,1785989294121,9.4485,0.71814,100
novelty_ratio_all,1785989355909,9.4656,0.71576,100
novelty_ratio_all,1785989356286,9.4658,0.71315,100
novelty_ratio_all,1785989356669,9.4659,0.71131,100
novelty_ratio_all,1785989357061,9.466,0.71012,100
novelty_ratio_all,1785989357450,9.4661,0.70924,100
novelty_ratio_all,1785989357844,9.4662,0.70905,100
novelty_ratio_all,1785989358321,9.4663,0.70815,100
novelty_ratio_all,1785989358744,9.4664,0.70699,100
novelty_ratio_all,1785989359153,9.4666,0.70638,100
novelty_ratio_all,1785989359554,9.4667,0.70573,100
novelty_ratio_all,1785989359924,9.4668,0.70539,100
novelty_ratio_all,1785989360365,9.4669,0.7047,100
novelty_ratio_all,1785989360772,9.467,0.70419,100
novelty_ratio_all,1785989361205,9.4671,0.70206,100
novelty_ratio_all,1785989361701,9.4673,0.70113,100
novelty_ratio_all,1785989362099,9.4674,0.70067,100
novelty_ratio_all,1785989362472,9.4675,0.70017,100
novelty_ratio_all,1785989362840,9.4676,0.69967,100
novelty_ratio_all,1785989363212,9.4677,0.69884,100
novelty_ratio_all,1785989363658,9.4678,0.69833,100
novelty_ratio_all,1785989592706,9.5314,0.69745,100
novelty_ratio_all,1785990211804,9.7034,0.69722,100
novelty_ratio_all,1785990273835,9.7206,0.69574,100
novelty_ratio_all,1785990538091,9.794,0.69629,100
novelty_ratio_all,1785990596643,9.8103,0.69597,100
novelty_ratio_all,1785990923580,9.9011,0.69415,100
novelty_ratio_all,1785991082959,9.9454,0.69405,100
novelty_ratio_all,1785991168677,9.9692,0.69331,100
novelty_ratio_all,1785991214755,9.982,0.69292,100
novelty_ratio_all,1785991232003,9.9868,0.69256,100
novelty_ratio_all,1785991323980,10.0123,0.69142,100
novelty_ratio_all,1785991363867,10.0234,0.69042,100
novelty_ratio_all,1785992178024,10.2496,0.69096,100
novelty_ratio_all,1785992178528,10.2497,0.69053,100
novelty_ratio_all,1785992298225,10.283,0.6902,100
novelty_ratio_all,1785992494080,10.3374,0.69021,100
novelty_ratio_all,1785992517735,10.3439,0.68999,100
novelty_ratio_all,1785992596814,10.3659,0.68962,100
novelty_ratio_all,1785992602016,10.3673,0.6894,100
novelty_ratio_all,1785993095848,10.5045,0.68883,100
novelty_ratio_all,1785993161734,10.5228,0.68847,100
novelty_ratio_all,1785993200043,10.5335,0.68703,100
novelty_ratio_all,1785993631363,10.6533,0.68646,100
novelty_ratio_all,1785993636934,10.6548,0.68513,100
novelty_ratio_all,1785993642501,10.6564,0.68474,100
novelty_ratio_all,1785993705752,10.6739,0.68414,100
novelty_ratio_all,1785993706038,10.674,0.68393,100
novelty_ratio_all,1785993711025,10.6754,0.68318,100
novelty_ratio_all,1785993716245,10.6769,0.68119,100
novelty_ratio_all,1785993761635,10.6895,0.68101,100
novelty_ratio_all,1785993761920,10.6895,0.67977,100
novelty_ratio_all,1785993762203,10.6896,0.67888,100
novelty_ratio_all,1785993762488,10.6897,0.67874,100
novelty_ratio_all,1785993762788,10.6898,0.67862,100
novelty_ratio_all,1785993763080,10.6899,0.6784,100
novelty_ratio_all,1785993763371,10.6899,0.67819,100
novelty_ratio_all,1785993763661,10.69,0.67803,100
novelty_ratio_all,1785993787332,10.6966,0.67849,100
novelty_ratio_all,1785993787618,10.6967,0.67835,100
novelty_ratio_all,1785993787913,10.6968,0.67836,100
novelty_ratio_all,1785993788224,10.6968,0.67871,100
novelty_ratio_all,1785993788590,10.6969,0.67841,100
novelty_ratio_all,1785993788894,10.697,0.67823,100
novelty_ratio_all,1785993789194,10.6971,0.67823,100
novelty_ratio_all,1785993792241,10.698,0.67742,100
novelty_ratio_all,1785994324631,10.8459,0.67684,100
novelty_ratio_all,1785994581353,10.9172,0.67522,100
novelty_ratio_all,1785994611131,10.9254,0.67492,100
novelty_ratio_all,1785994681971,10.9451,0.67451,100
novelty_ratio_all,1785994682478,10.9453,0.67462,100
novelty_ratio_all,1785994750657,10.9642,0.6738,100
novelty_ratio_all,1785994864286,10.9958,0.67335,100
novelty_ratio_all,1785994940921,11.017,0.67252,100
novelty_ratio_all,1785995099726,11.0612,0.67282,100
novelty_ratio_all,1785995411053,11.1476,0.6723,100
novelty_ratio_all,1785995935766,11.2934,0.67124,100
novelty_ratio_all,1785996019918,11.3168,0.67006,100
novelty_ratio_all,1785996204733,11.3681,0.67157,100
novelty_ratio_all,1785996247567,11.38,0.67074,100
novelty_ratio_all,1785996378092,11.4163,0.66907,100
novelty_ratio_all,1785996388903,11.4193,0.66866,100
novelty_ratio_all,1785996392648,11.4203,0.66871,100
novelty_ratio_all,1785996514760,11.4542,0.66872,100
novelty_ratio_all,1785996629690,11.4861,0.66845,100
novelty_ratio_all,1785996634110,11.4874,0.66719,100
novelty_ratio_all,1785996638475,11.4886,0.66655,100
novelty_ratio_all,1785996849166,11.5471,0.66813,100
novelty_ratio_all,1785997001575,11.5894,0.66594,100
novelty_ratio_all,1785997022155,11.5952,0.66633,100
novelty_ratio_all,1785997365436,11.6905,0.66525,100
novelty_ratio_all,1785997430105,11.7085,0.66339,100
novelty_ratio_all,1785997493775,11.7262,0.66269,100
novelty_ratio_all,1785997620753,11.7614,0.66235,100
novelty_ratio_all,1785997801146,11.8115,0.66172,100
novelty_ratio_all,1785997972837,11.8592,0.66149,100
novelty_ratio_all,1785998087956,11.8912,0.66068,100
novelty_ratio_all,1785998202406,11.923,0.66028,100
novelty_ratio_all,1785998231007,11.931,0.65746,100
novelty_ratio_all,1785998232472,11.9314,0.65531,100
novelty_ratio_all,1785998441917,11.9895,0.6542,100
novelty_ratio_all,1785998467719,11.9967,0.65362,100
novelty_ratio_all,1785998523827,12.0123,0.6538,100
novelty_ratio_all,1785998599342,12.0333,0.65324,100
novelty_ratio_all,1785998600051,12.0335,0.65191,100
novelty_ratio_all,1785998923333,12.1233,0.65188,100
novelty_ratio_all,1785999165270,12.1905,0.65147,100
novelty_ratio_all,1785999350321,12.2419,0.65082,100
novelty_ratio_all,1785999357460,12.2439,0.65065,100
novelty_ratio_all,1785999371577,12.2478,0.64963,100
novelty_ratio_all,1785999382091,12.2507,0.64933,100
novelty_ratio_all,1785999386892,12.252,0.64929,100
novelty_ratio_all,1785999458516,12.2719,0.64916,100
novelty_ratio_all,1785999460745,12.2725,0.64897,100
novelty_ratio_all,1785999461903,12.2729,0.64833,100
novelty_ratio_all,1785999484565,12.2792,0.64781,100
novelty_ratio_all,1785999556180,12.2991,0.6481,100
novelty_ratio_all,1785999709818,12.3417,0.64795,100
novelty_ratio_all,1785999741027,12.3504,0.64843,100
novelty_ratio_all,1785999783763,12.3623,0.6486,100
novelty_ratio_all,1785999859163,12.3832,0.64854,100
novelty_ratio_all,1786000125984,12.4573,0.64788,100
novelty_ratio_all,1786000223267,12.4844,0.64744,100
novelty_ratio_all,1786000351037,12.5199,0.6492,100
novelty_ratio_all,1786000351663,12.52,0.64775,100
novelty_ratio_all,1786000382798,12.5287,0.64935,100
novelty_ratio_all,1786000404733,12.5348,0.64972,100
novelty_ratio_all,1786000535806,12.5712,0.64977,100
novelty_ratio_all,1786000546487,12.5741,0.64966,100
novelty_ratio_all,1786000680669,12.6114,0.64964,100
novelty_ratio_all,1786000697722,12.6162,0.65123,100
novelty_ratio_all,1786000734752,12.6264,0.6513,100
novelty_ratio_all,1786000782982,12.6398,0.65068,100
novelty_ratio_all,1786000817163,12.6493,0.64682,100
novelty_ratio_all,1786000945348,12.6849,0.6467,100
novelty_ratio_all,1786001116970,12.7326,0.64697,100
novelty_ratio_all,1786001145124,12.7404,0.64729,100
novelty_ratio_all,1786001181411,12.7505,0.64651,100
novelty_ratio_all,1786001209577,12.7583,0.64618,100
novelty_ratio_all,1786001241877,12.7673,0.64574,100
novelty_ratio_all,1786001278149,12.7774,0.64367,100
novelty_ratio_all,1786001317037,12.7882,0.64239,100
novelty_ratio_all,1786001372212,12.8035,0.64137,100
novelty_ratio_all,1786001420774,12.817,0.64111,100
novelty_ratio_all,1786001478373,12.833,0.64191,100
novelty_ratio_all,1786001550895,12.8531,0.64302,100
novelty_ratio_all,1786001556120,12.8546,0.64378,100
novelty_ratio_all,1786001598501,12.8664,0.64386,100
novelty_ratio_all,1786001612936,12.8704,0.64387,100
novelty_ratio_all,1786001701932,12.8951,0.64418,100
novelty_ratio_all,1786001720272,12.9002,0.64394,100
novelty_ratio_all,1786001781739,12.9173,0.64401,100
novelty_ratio_all,1786002047673,12.9911,0.64438,100
novelty_ratio_all,1786002086471,13.0019,0.64493,100
novelty_ratio_all,1786002198271,13.033,0.64497,100
novelty_ratio_all,1786002198734,13.0331,0.64471,100
novelty_ratio_all,1786002199179,13.0332,0.64469,100
novelty_ratio_all,1786002199625,13.0333,0.64427,100
novelty_ratio_all,1786002200104,13.0335,0.64426,100
novelty_ratio_all,1786002200558,13.0336,0.64441,100
novelty_ratio_all,1786002321852,13.0673,0.64239,100
novelty_ratio_all,1786002354676,13.0764,0.64249,100
novelty_ratio_all,1786002427223,13.0966,0.64189,100
novelty_ratio_all,1786002427734,13.0967,0.64139,100
novelty_ratio_all,1786002617240,13.1494,0.64122,100
novelty_ratio_all,1786002798191,13.1996,0.64168,100
novelty_ratio_all,1786002817694,13.205,0.64048,100
novelty_ratio_all,1786002818183,13.2052,0.63965,100
novelty_ratio_all,1786002879380,13.2222,0.63981,100
novelty_ratio_all,1786002894475,13.2264,0.64024,100
novelty_ratio_all,1786002914793,13.232,0.64094,100
novelty_ratio_all,1786003018248,13.2607,0.64123,100
novelty_ratio_all,1786003195687,13.31,0.64185,100
novelty_ratio_all,1786003525650,13.4017,0.63966,100
novelty_ratio_all,1786003526114,13.4018,0.63886,100
novelty_ratio_all,1786004073219,13.5538,0.63883,100
novelty_ratio_all,1786004083330,13.5566,0.63899,100
novelty_ratio_all,1786004151146,13.5754,0.63943,100
novelty_ratio_all,1786004168014,13.5801,0.63697,100
novelty_ratio_all,1786004350323,13.6308,0.63585,100
novelty_ratio_all,1786004351461,13.6311,0.63566,100
novelty_ratio_all,1786004352571,13.6314,0.63517,100
novelty_ratio_all,1786004353696,13.6317,0.63516,100
novelty_ratio_all,1786004372467,13.6369,0.63402,100
novelty_ratio_all,1786004393736,13.6428,0.63366,100
novelty_ratio_all,1786004407007,13.6465,0.63354,100
novelty_ratio_all,1786004415188,13.6488,0.63348,100
novelty_ratio_all,1786004437426,13.655,0.63227,100
novelty_ratio_all,1786004475412,13.6655,0.63175,100
novelty_ratio_all,1786004760195,13.7446,0.63137,100
novelty_ratio_all,1786004955684,13.7989,0.63131,100
novelty_ratio_all,1786005328449,13.9025,0.63151,100
novelty_ratio_all,1786005380884,13.917,0.6311,100
novelty_ratio_all,1786005523513,13.9567,0.63155,100
novelty_ratio_all,1786005541839,13.9617,0.63308,100
novelty_ratio_all,1786005561727,13.9673,0.63322,100
novelty_ratio_all,1786005824317,14.0402,0.63312,100
novelty_ratio_all,1786005950648,14.0753,0.63351,100
novelty_ratio_all,1786005950998,14.0754,0.6337,100
novelty_ratio_all,1786006339875,14.1834,0.63286,100
novelty_ratio_all,1786006447193,14.2132,0.63311,100
novelty_ratio_all,1786006900861,14.3392,0.63351,100
novelty_ratio_all,1786007109650,14.3972,0.63263,100
novelty_ratio_all,1786007959361,14.6333,0.63299,100
novelty_ratio_all,1786008449746,14.7695,0.63347,100
novelty_ratio_all,1786008601912,14.8118,0.63325,100
novelty_ratio_all,1786008626919,14.8187,0.63399,100
novelty_ratio_all,1786008642402,14.823,0.63456,100
novelty_ratio_all,1786008642942,14.8232,0.63466,100
novelty_ratio_all,1786008645746,14.8239,0.63501,100
novelty_ratio_all,1786008650629,14.8253,0.63522,100
novelty_ratio_all,1786008654780,14.8264,0.63528,100
novelty_ratio_all,1786008770778,14.8587,0.63718,100
novelty_ratio_all,1786008842920,14.8787,0.6372,100
novelty_ratio_all,1786008868054,14.8857,0.63751,100
novelty_ratio_all,1786008868998,14.886,0.63797,100
novelty_ratio_all,1786008869714,14.8862,0.63775,100
novelty_ratio_all,1786008888568,14.8914,0.63714,100
novelty_ratio_all,1786008931901,14.9034,0.63599,100
novelty_ratio_all,1786009268389,14.9969,0.63618,100
novelty_ratio_all,1786009269694,14.9973,0.63648,100
novelty_ratio_all,1786009396987,15.0326,0.63678,100
novelty_ratio_all,1786009406169,15.0352,0.63618,100
novelty_ratio_all,1786009430406,15.0419,0.63452,100
novelty_ratio_all,1786009444719,15.0459,0.63415,100
novelty_ratio_all,1786009461660,15.0506,0.63211,100
novelty_ratio_all,1786009462024,15.0507,0.63215,100
novelty_ratio_all,1786009498520,15.0608,0.63215,100
novelty_ratio_all,1786009513733,15.065,0.63238,100
novelty_ratio_all,1786009524366,15.068,0.63167,100
novelty_ratio_all,1786009524996,15.0682,0.6299,100
novelty_ratio_all,1786009576357,15.0824,0.62908,100
novelty_ratio_all,1786010228578,15.2636,0.62952,100
novelty_ratio_all,1786010515759,15.3434,0.63306,100
novelty_ratio_all,1786010643969,15.379,0.63339,100
novelty_ratio_all,1786010667458,15.3855,0.63326,100
novelty_ratio_all,1786010671819,15.3867,0.63378,100
novelty_ratio_all,1786010699035,15.3943,0.63372,100
novelty_ratio_all,1786010716359,15.3991,0.63405,100
novelty_ratio_all,1786010740486,15.4058,0.63361,100
novelty_ratio_all,1786010741068,15.406,0.63502,100
novelty_ratio_all,1786011112567,15.5092,0.63589,100
novelty_ratio_all,1786011113022,15.5093,0.63639,100
novelty_ratio_all,1786011113490,15.5094,0.63615,100
novelty_ratio_all,1786011113942,15.5095,0.63474,100
novelty_ratio_all,1786011162904,15.5231,0.63343,100
novelty_ratio_all,1786011193265,15.5316,0.63187,100
novelty_ratio_all,1786011555478,15.6322,0.63174,100
novelty_ratio_all,1786011629048,15.6526,0.63207,100
novelty_ratio_all,1786011710793,15.6753,0.63242,100
novelty_ratio_all,1786011778068,15.694,0.63277,100
novelty_ratio_all,1786012038268,15.7663,0.632,100
novelty_ratio_all,1786012220702,15.817,0.63158,100
novelty_ratio_all,1786012231441,15.82,0.63064,100
novelty_ratio_all,1786012563976,15.9123,0.62998,100
novelty_ratio_all,1786012566844,15.9131,0.62981,100
novelty_ratio_all,1786012569765,15.9139,0.62879,100
novelty_ratio_all,1786012918956,16.0109,0.62945,100
novelty_ratio_all,1786013135022,16.071,0.6295,100
novelty_ratio_all,1786013145659,16.0739,0.62942,100
novelty_ratio_all,1786013566422,16.1908,0.63101,100
novelty_ratio_all,1786013569275,16.1916,0.62993,100
novelty_ratio_all,1786013585541,16.1961,0.63071,100
novelty_ratio_all,1786013725948,16.2351,0.63159,100
novelty_ratio_all,1786014044025,16.3235,0.63131,100
novelty_ratio_all,1786014048346,16.3247,0.63093,100
novelty_ratio_all,1786014051289,16.3255,0.6318,100
novelty_ratio_all,1786014054092,16.3263,0.63223,100
novelty_ratio_all,1786014089891,16.3362,0.63175,100
novelty_ratio_all,1786014465696,16.4406,0.63084,100
novelty_ratio_all,1786014492756,16.4481,0.62937,100
novelty_ratio_all,1786014652839,16.4926,0.62946,100
novelty_ratio_all,1786014672828,16.4981,0.62872,100
novelty_ratio_all,1786014673033,16.4982,0.62976,100
novelty_ratio_all,1786014801891,16.534,0.62921,100
novelty_ratio_all,1786014817296,16.5383,0.62841,100
novelty_ratio_all,1786015000344,16.5891,0.62804,100
novelty_ratio_all,1786015133818,16.6262,0.62804,100
novelty_ratio_all,1786015142166,16.6285,0.62869,100
novelty_ratio_all,1786015204126,16.6457,0.6291,100
novelty_ratio_all,1786015207084,16.6465,0.62913,100
novelty_ratio_all,1786015210089,16.6474,0.62964,100
novelty_ratio_all,1786015310636,16.6753,0.62979,100
novelty_ratio_all,1786015320935,16.6782,0.6303,100
novelty_ratio_all,1786015410539,16.703,0.63069,100
novelty_ratio_all,1786015610105,16.7585,0.63032,100
novelty_ratio_all,1786016110802,16.8976,0.6299,100
novelty_ratio_all,1786016126848,16.902,0.62959,100
novelty_ratio_all,1786016194600,16.9208,0.62919,100
novelty_ratio_all,1786016378349,16.9719,0.6296,100
novelty_ratio_all,1786016398634,16.9775,0.62978,100
novelty_ratio_all,1786016399407,16.9777,0.62955,100
novelty_ratio_all,1786016426330,16.9852,0.63047,100
novelty_ratio_all,1786016704259,17.0624,0.63043,100
novelty_ratio_all,1786016717846,17.0662,0.6289,100
novelty_ratio_all,1786016848152,17.1024,0.62848,100
novelty_ratio_all,1786016848878,17.1026,0.62839,100
novelty_ratio_all,1786016850192,17.103,0.62845,100
novelty_ratio_all,1786017038738,17.1553,0.62835,100
novelty_ratio_all,1786017038920,17.1554,0.62844,100
novelty_ratio_all,1786017039110,17.1554,0.62841,100
novelty_ratio_all,1786017039288,17.1555,0.62742,100
novelty_ratio_all,1786017039452,17.1555,0.62705,100
novelty_ratio_all,1786017232410,17.2091,0.62806,100
novelty_ratio_all,1786017383136,17.251,0.62873,100
novelty_ratio_all,1786018628658,17.597,0.6289,100
novelty_ratio_all,1786018661711,17.6062,0.62784,100
novelty_ratio_all,1786018794513,17.643,0.6279,100
novelty_ratio_all,1786018803688,17.6456,0.62754,100
novelty_ratio_all,1786018827012,17.6521,0.62804,100
novelty_ratio_all,1786018876424,17.6658,0.62796,100
novelty_ratio_all,1786018907630,17.6745,0.62805,100
novelty_ratio_all,1786018908541,17.6747,0.62548,100
novelty_ratio_all,1786018913240,17.676,0.62504,100
novelty_ratio_all,1786018987643,17.6967,0.62407,100
novelty_ratio_all,1786019100994,17.7282,0.62376,100
novelty_ratio_all,1786019101467,17.7283,0.6236,100
novelty_ratio_all,1786019102062,17.7285,0.62317,100
novelty_ratio_all,1786019105041,17.7293,0.62332,100
novelty_ratio_all,1786019107873,17.7301,0.62276,100
novelty_ratio_all,1786019159674,17.7445,0.6221,100
novelty_ratio_all,1786019193259,17.7538,0.62295,100
novelty_ratio_all,1786019204195,17.7568,0.62302,100
novelty_ratio_all,1786019204541,17.7569,0.62284,100
novelty_ratio_all,1786019205561,17.7572,0.62238,100
novelty_ratio_all,1786019213646,17.7595,0.6221,100
novelty_ratio_all,1786019233768,17.7651,0.62184,100
novelty_ratio_all,1786019237162,17.766,0.62137,100
novelty_ratio_all,1786019260689,17.7725,0.62158,100
novelty_ratio_all,1786019443532,17.8233,0.62169,100
novelty_ratio_all,1786019460629,17.8281,0.62108,100
novelty_ratio_all,1786019476936,17.8326,0.6219,100
novelty_ratio_all,1786019478560,17.8331,0.62044,100
novelty_ratio_all,1786019516595,17.8436,0.61837,100
novelty_ratio_all,1786019842343,17.9341,0.61813,100
novelty_ratio_all,1786019853444,17.9372,0.61784,100
novelty_ratio_all,1786019853936,17.9373,0.61649,100
novelty_ratio_all,1786019855231,17.9377,0.61757,100
novelty_ratio_all,1786020141649,18.0172,0.61779,100
novelty_ratio_all,1786020187076,18.0299,0.6182,100
novelty_ratio_all,1786020199583,18.0333,0.61859,100
novelty_ratio_all,1786020206532,18.0353,0.61873,100
novelty_ratio_all,1786020210072,18.0363,0.61756,100
novelty_ratio_all,1786020252743,18.0481,0.61766,100
novelty_ratio_all,1786020254389,18.0486,0.61818,100
novelty_ratio_all,1786020267236,18.0521,0.61798,100
novelty_ratio_all,1786020294682,18.0598,0.61824,100
novelty_ratio_all,1786020346358,18.0741,0.61757,100
novelty_ratio_all,1786020355033,18.0765,0.61707,100
novelty_ratio_all,1786020366836,18.0798,0.61661,100
novelty_ratio_all,1786020415304,18.0933,0.61628,100
novelty_ratio_all,1786020534166,18.1263,0.61639,100
novelty_ratio_all,1786020542102,18.1285,0.61658,100
novelty_ratio_all,1786020548608,18.1303,0.61685,100
novelty_ratio_all,1786020556314,18.1324,0.61707,100
novelty_ratio_all,1786020559239,18.1332,0.61729,100
novelty_ratio_all,1786020563422,18.1344,0.6184,100
novelty_ratio_all,1786020607736,18.1467,0.61715,100
novelty_ratio_all,1786020721970,18.1784,0.61696,100
novelty_ratio_all,1786020726423,18.1797,0.61662,100
novelty_ratio_all,1786020731026,18.181,0.61666,100
novelty_ratio_all,1786020802213,18.2007,0.61686,100
novelty_ratio_all,1786020805429,18.2016,0.61638,100
novelty_ratio_all,1786020807623,18.2022,0.61589,100
novelty_ratio_all,1786020808332,18.2024,0.61599,100
novelty_ratio_all,1786020811324,18.2033,0.61569,100
novelty_ratio_all,1786020814274,18.2041,0.6158,100
novelty_ratio_all,1786020857013,18.216,0.61699,100
novelty_ratio_all,1786020858540,18.2164,0.61679,100
novelty_ratio_all,1786020868732,18.2192,0.6168,100
novelty_ratio_all,1786020887641,18.2245,0.61679,100
novelty_ratio_all,1786020916220,18.2324,0.61756,100
novelty_ratio_all,1786020949145,18.2415,0.61774,100
novelty_ratio_all,1786020951430,18.2422,0.61687,100
novelty_ratio_all,1786020951879,18.2423,0.61702,100
novelty_ratio_all,1786021007321,18.2577,0.61838,100
novelty_ratio_all,1786021103033,18.2843,0.61778,100
novelty_ratio_all,1786021199398,18.3111,0.61773,100
novelty_ratio_all,1786021205518,18.3128,0.61779,100
novelty_ratio_all,1786021303577,18.34,0.6183,100
novelty_ratio_all,1786021347602,18.3522,0.61911,100
novelty_ratio_all,1786021347842,18.3523,0.61935,100
novelty_ratio_all,1786021348006,18.3523,0.61928,100
novelty_ratio_all,1786021535050,18.4043,0.61973,100
novelty_ratio_all,1786021788112,18.4746,0.62056,100
novelty_ratio_all,1786021794178,18.4763,0.62111,100
novelty_ratio_all,1786021802585,18.4786,0.62154,100
novelty_ratio_all,1786021855624,18.4933,0.62205,100
novelty_ratio_all,1786021874534,18.4986,0.62242,100
novelty_ratio_all,1786021940829,18.517,0.62282,100
novelty_ratio_all,1786022067554,18.5522,0.62274,100
novelty_ratio_all,1786022115597,18.5656,0.62413,100
novelty_ratio_all,1786022116228,18.5657,0.62523,100
novelty_ratio_all,1786022364208,18.6346,0.62562,100
novelty_ratio_all,1786022388459,18.6414,0.62602,100
novelty_ratio_all,1786022390124,18.6418,0.62638,100
novelty_ratio_all,1786022410256,18.6474,0.62683,100
novelty_ratio_all,1786022422769,18.6509,0.62648,100
novelty_ratio_all,1786022458907,18.6609,0.62666,100
novelty_ratio_all,1786022471637,18.6645,0.62855,100
novelty_ratio_all,1786022520063,18.6779,0.6291,100
novelty_ratio_all,1786022554475,18.6875,0.62988,100
novelty_ratio_all,1786022559774,18.6889,0.63051,100
novelty_ratio_all,1786022575686,18.6934,0.62985,100
novelty_ratio_all,1786022689958,18.7251,0.6292,100
novelty_ratio_all,1786022690363,18.7252,0.62928,100
novelty_ratio_all,1786022690783,18.7253,0.62918,100
novelty_ratio_all,1786022691230,18.7255,0.62854,100
novelty_ratio_all,1786022712199,18.7313,0.62905,100
novelty_ratio_all,1786022989068,18.8082,0.62971,100
novelty_ratio_all,1786023338584,18.9053,0.63078,100
novelty_ratio_all,1786023396255,18.9213,0.63076,100
novelty_ratio_all,1786023515786,18.9545,0.63069,100
novelty_ratio_all,1786023522664,18.9564,0.63002,100
novelty_ratio_all,1786023524395,18.9569,0.63079,100
novelty_ratio_all,1786023535683,18.96,0.63222,100
novelty_ratio_all,1786023560243,18.9669,0.63352,100
novelty_ratio_all,1786023581970,18.9729,0.6346,100
novelty_ratio_all,1786023594950,18.9765,0.63531,100
novelty_ratio_all,1786023731508,19.0144,0.63531,100
novelty_ratio_all,1786023920280,19.0669,0.63603,100
novelty_ratio_all,1786023920866,19.067,0.63589,100
novelty_ratio_all,1786024004792,19.0903,0.63625,100
novelty_ratio_all,1786024067664,19.1078,0.63635,100
novelty_ratio_all,1786024100595,19.117,0.63702,100
novelty_ratio_all,1786024225085,19.1515,0.63742,100
novelty_ratio_all,1786024225507,19.1516,0.63778,100
novelty_ratio_all,1786024225887,19.1518,0.63752,100
novelty_ratio_all,1786024226284,19.1519,0.63768,100
novelty_ratio_all,1786024226690,19.152,0.63824,100
novelty_ratio_all,1786024411048,19.2032,0.63908,100
novelty_ratio_all,1786024647902,19.269,0.63896,100
novelty_ratio_all,1786024672485,19.2758,0.64054,100
novelty_ratio_all,1786024672652,19.2759,0.64184,100
novelty_ratio_all,1786024672835,19.2759,0.64236,100
novelty_ratio_all,1786024721738,19.2895,0.64204,100
novelty_ratio_all,1786024925414,19.3461,0.64229,100
novelty_ratio_all,1786025114142,19.3985,0.64135,100
novelty_ratio_all,1786025214539,19.4264,0.64138,100
novelty_ratio_all,1786025405183,19.4793,0.64127,100
novelty_ratio_all,1786025408709,19.4803,0.64123,100
novelty_ratio_all,1786025412083,19.4813,0.64128,100
novelty_ratio_all,1786025413586,19.4817,0.64489,100
novelty_ratio_all,1786025498761,19.5053,0.6446,100
novelty_ratio_all,1786025721627,19.5672,0.64486,100
novelty_ratio_all,1786025984190,19.6402,0.6453,100
novelty_ratio_all,1786026790135,19.864,0.64485,100
novelty_ratio_all,1786027081930,19.9451,0.64518,100
novelty_ratio_all,1786027082514,19.9453,0.64461,100
novelty_ratio_all,1786027083125,19.9454,0.64481,100
novelty_ratio_all,1786027329966,20.014,0.64496,100
novelty_ratio_all,1786027355716,20.0212,0.64484,100
novelty_ratio_all,1786027367729,20.0245,0.64424,100
novelty_ratio_all,1786027435063,20.0432,0.64413,100
novelty_ratio_all,1786027480392,20.0558,0.64336,100
novelty_ratio_all,1786027490772,20.0587,0.64329,100
novelty_ratio_all,1786027497752,20.0606,0.6425,100
novelty_ratio_all,1786027540434,20.0725,0.64265,100
novelty_ratio_all,1786027694905,20.1154,0.64198,100
novelty_ratio_all,1786027732344,20.1258,0.64159,100
novelty_ratio_all,1786027793323,20.1427,0.64375,100
novelty_ratio_all,1786027826305,20.1519,0.64381,100
novelty_ratio_all,1786028156619,20.2436,0.64407,100
novelty_ratio_all,1786028156807,20.2437,0.64439,100
novelty_ratio_all,1786028156975,20.2437,0.64462,100
novelty_ratio_all,1786028222840,20.262,0.64518,100
novelty_ratio_all,1786028223054,20.2621,0.64527,100
novelty_ratio_all,1786028506669,20.3409,0.64472,100
novelty_ratio_all,1786028659086,20.3832,0.64447,100
novelty_ratio_all,1786028699168,20.3943,0.64514,100
novelty_ratio_all,1786028893777,20.4484,0.64531,100
novelty_ratio_all,1786029000397,20.478,0.64474,100
novelty_ratio_all,1786029027742,20.4856,0.64469,100
novelty_ratio_all,1786029074371,20.4986,0.64607,100
novelty_ratio_all,1786029160291,20.5224,0.64761,100
novelty_ratio_all,1786029216070,20.5379,0.64681,100
novelty_ratio_all,1786029216521,20.538,0.64771,100
novelty_ratio_all,1786029216910,20.5382,0.64758,100
novelty_ratio_all,1786029225082,20.5404,0.64771,100
novelty_ratio_all,1786030176617,20.8047,0.64732,100
novelty_ratio_all,1786030284428,20.8347,0.64681,100
novelty_ratio_all,1786030307283,20.841,0.64772,100
novelty_ratio_all,1786030309698,20.8417,0.64667,100
novelty_ratio_all,1786030364229,20.8568,0.64717,100
novelty_ratio_all,1786030390263,20.8641,0.64666,100
novelty_ratio_all,1786030390593,20.8642,0.64647,100
novelty_ratio_all,1786030390727,20.8642,0.6459,100
novelty_ratio_all,1786030519173,20.8999,0.64579,100
novelty_ratio_all,1786030590360,20.9197,0.64708,100
novelty_ratio_all,1786030619448,20.9277,0.64704,100
novelty_ratio_all,1786030708344,20.9524,0.64799,100
novelty_ratio_all,1786030713418,20.9538,0.64673,100
novelty_ratio_all,1786030726207,20.9574,0.6451,100
novelty_ratio_all,1786030818895,20.9831,0.6451,100
novelty_ratio_all,1786030856978,20.9937,0.64452,100
novelty_ratio_all,1786030925084,21.0126,0.6435,100
novelty_ratio_all,1786030999254,21.0332,0.64384,100
novelty_ratio_all,1786031172477,21.0814,0.64409,100
novelty_ratio_all,1786031374834,21.1376,0.64455,100
novelty_ratio_all,1786031390559,21.1419,0.64351,100
novelty_ratio_all,1786031395470,21.1433,0.64314,100
novelty_ratio_all,1786031402443,21.1452,0.64283,100
novelty_ratio_all,1786031427697,21.1523,0.64283,100
novelty_ratio_all,1786031428083,21.1524,0.64284,100
novelty_ratio_all,1786031428470,21.1525,0.64288,100
novelty_ratio_all,1786031540889,21.1837,0.64265,100
novelty_ratio_all,1786031622654,21.2064,0.64231,100
novelty_ratio_all,1786031634200,21.2096,0.64313,100
novelty_ratio_all,1786031951944,21.2979,0.6434,100
novelty_ratio_all,1786032108193,21.3413,0.64251,100
novelty_ratio_all,1786032116160,21.3435,0.64178,100
novelty_ratio_all,1786032163778,21.3567,0.6418,100
novelty_ratio_all,1786032315163,21.3988,0.64183,100
novelty_ratio_all,1786032332839,21.4037,0.64274,100
novelty_ratio_all,1786032444464,21.4347,0.64313,100
novelty_ratio_all,1786032576415,21.4713,0.64226,100
novelty_ratio_all,1786032576924,21.4715,0.64153,100
novelty_ratio_all,1786032649808,21.4917,0.64146,100
novelty_ratio_all,1786032650052,21.4918,0.64151,100
novelty_ratio_all,1786032677474,21.4994,0.6414,100
novelty_ratio_all,1786032687718,21.5023,0.64116,100
novelty_ratio_all,1786032730250,21.5141,0.64026,100
novelty_ratio_all,1786032873585,21.5539,0.64034,100
novelty_ratio_all,1786032895016,21.5598,0.64046,100
novelty_ratio_all,1786033003421,21.59,0.64225,100
novelty_ratio_all,1786033096527,21.6158,0.64242,100
novelty_ratio_all,1786033222133,21.6507,0.64186,100
novelty_ratio_all,1786033222667,21.6509,0.64199,100
novelty_ratio_all,1786033305260,21.6738,0.64118,100
novelty_ratio_all,1786033349351,21.6861,0.64076,100
novelty_ratio_all,1786033349671,21.6861,0.64016,100
novelty_ratio_all,1786033350021,21.6862,0.64027,100
novelty_ratio_all,1786033350455,21.6864,0.63887,100
novelty_ratio_all,1786033350765,21.6864,0.63851,100
novelty_ratio_all,1786033351051,21.6865,0.63728,100
novelty_ratio_all,1786033351320,21.6866,0.63723,100
novelty_ratio_all,1786033351659,21.6867,0.63679,100
novelty_ratio_all,1786033351957,21.6868,0.63623,100
novelty_ratio_all,1786033352214,21.6868,0.63515,100
novelty_ratio_all,1786033379810,21.6945,0.63492,100
novelty_ratio_all,1786033399393,21.7,0.63477,100
novelty_ratio_all,1786033414808,21.7042,0.63446,100
novelty_ratio_all,1786033440843,21.7115,0.63248,100
novelty_ratio_all,1786033463533,21.7178,0.63274,100
novelty_ratio_all,1786033465895,21.7184,0.63242,100
novelty_ratio_all,1786033466517,21.7186,0.63235,100
novelty_ratio_all,1786033590843,21.7531,0.63204,100
novelty_ratio_all,1786033606155,21.7574,0.63229,100
novelty_ratio_all,1786033611648,21.7589,0.6328,100
novelty_ratio_all,1786033617108,21.7604,0.63299,100
novelty_ratio_all,1786033710792,21.7865,0.63294,100
novelty_ratio_all,1786033768879,21.8026,0.63292,100
novelty_ratio_all,1786033796794,21.8103,0.6331,100
novelty_ratio_all,1786033854367,21.8263,0.63345,100
novelty_ratio_all,1786033859641,21.8278,0.63379,100
novelty_ratio_all,1786034322145,21.9563,0.63426,100
novelty_ratio_all,1786034438285,21.9885,0.63472,100
novelty_ratio_all,1786034496622,22.0047,0.63635,100
novelty_ratio_all,1786034539635,22.0167,0.63696,100
novelty_ratio_all,1786034643798,22.0456,0.63737,100
novelty_ratio_all,1786034723534,22.0678,0.63591,100
novelty_ratio_all,1786034807133,22.091,0.63596,100
novelty_ratio_all,1786034819384,22.0944,0.63598,100
novelty_ratio_all,1786034915554,22.1211,0.63595,100
novelty_ratio_all,1786035283778,22.2234,0.63602,100
novelty_ratio_all,1786035317247,22.2327,0.63527,100
novelty_ratio_all,1786035449240,22.2694,0.63484,100
novelty_ratio_all,1786035701705,22.3395,0.63494,100
novelty_ratio_all,1786035779642,22.3611,0.63645,100
novelty_ratio_all,1786035962929,22.412,0.63533,100
novelty_ratio_all,1786036053590,22.4372,0.63524,100
novelty_ratio_all,1786036146415,22.463,0.63561,100
novelty_ratio_all,1786036147566,22.4633,0.63583,100
novelty_ratio_all,1786036251426,22.4922,0.63585,100
novelty_ratio_all,1786036318361,22.5108,0.63495,100
novelty_ratio_all,1786036319488,22.5111,0.63485,100
novelty_ratio_all,1786036320621,22.5114,0.6347,100
novelty_ratio_all,1786036321757,22.5117,0.63479,100
novelty_ratio_all,1786036401087,22.5338,0.63458,100
novelty_ratio_all,1786036464844,22.5515,0.63467,100
novelty_ratio_all,1786036554370,22.5763,0.63424,100
novelty_ratio_all,1786036654947,22.6043,0.63249,100
novelty_ratio_all,1786036749235,22.6305,0.63422,100
novelty_ratio_all,1786036800551,22.6447,0.63335,100
novelty_ratio_all,1786036803628,22.6456,0.63348,100
novelty_ratio_all,1786036804371,22.6458,0.6335,100
novelty_ratio_all,1786036840882,22.6559,0.6363,100
novelty_ratio_all,1786036957564,22.6883,0.63572,100
novelty_ratio_all,1786036958790,22.6887,0.63488,100
novelty_ratio_all,1786037009840,22.7029,0.63477,100
novelty_ratio_all,1786037021694,22.7061,0.63384,100
novelty_ratio_all,1786037028518,22.708,0.63387,100
novelty_ratio_all,1786037050570,22.7142,0.63408,100
novelty_ratio_all,1786037235231,22.7655,0.63453,100
novelty_ratio_all,1786037414258,22.8152,0.63476,100
novelty_ratio_all,1786037449044,22.8249,0.63569,100
novelty_ratio_all,1786037514356,22.843,0.6356,100
novelty_ratio_all,1786037551322,22.8533,0.6352,100
novelty_ratio_all,1786037573315,22.8594,0.63414,100
novelty_ratio_all,1786037573984,22.8596,0.63401,100
novelty_ratio_all,1786037623763,22.8734,0.63418,100
novelty_ratio_all,1786037696332,22.8935,0.6325,100
novelty_ratio_all,1786037814148,22.9263,0.63204,100
novelty_ratio_all,1786037911105,22.9532,0.63167,100
novelty_ratio_all,1786038156906,23.0215,0.63176,100
novelty_ratio_all,1786038157447,23.0216,0.63223,100
novelty_ratio_all,1786038157945,23.0218,0.63232,100
novelty_ratio_all,1786038158445,23.0219,0.63149,100
novelty_ratio_all,1786038158939,23.022,0.63132,100
novelty_ratio_all,1786038286738,23.0575,0.62958,100
novelty_ratio_all,1786038338476,23.0719,0.62966,100
novelty_ratio_all,1786038339172,23.0721,0.62885,100
novelty_ratio_all,1786038339880,23.0723,0.62758,100
novelty_ratio_all,1786038340609,23.0725,0.62753,100
novelty_ratio_all,1786038371100,23.081,0.62496,100
novelty_ratio_all,1786038371459,23.0811,0.62518,100
novelty_ratio_all,1786038483689,23.1123,0.62443,100
novelty_ratio_all,1786038572570,23.1369,0.62561,100
novelty_ratio_all,1786038584607,23.1403,0.62538,100
novelty_ratio_all,1786038600342,23.1447,0.62553,100
novelty_ratio_all,1786038730072,23.1807,0.62504,100
novelty_ratio_all,1786038730544,23.1808,0.62256,100
novelty_ratio_all,1786038730996,23.181,0.62219,100
novelty_ratio_all,1786038731448,23.1811,0.62174,100
novelty_ratio_all,1786038731902,23.1812,0.61892,100
novelty_ratio_all,1786038740507,23.1836,0.61806,100
novelty_ratio_all,1786038741005,23.1837,0.61694,100
novelty_ratio_all,1786038741470,23.1839,0.61699,100
novelty_ratio_all,1786038741963,23.184,0.617,100
novelty_ratio_all,1786038742433,23.1841,0.61655,100
novelty_ratio_all,1786038845072,23.2126,0.61543,100
novelty_ratio_all,1786038921857,23.234,0.61456,100
novelty_ratio_all,1786039058390,23.2719,0.61532,100
novelty_ratio_all,1786039122731,23.2898,0.61554,100
novelty_ratio_all,1786039166386,23.3019,0.61692,100
novelty_ratio_all,1786039201214,23.3116,0.61678,100
novelty_ratio_all,1786039235811,23.3212,0.61722,100
novelty_ratio_all,1786039241319,23.3227,0.61784,100
novelty_ratio_all,1786039259731,23.3278,0.61895,100
novelty_ratio_all,1786039276804,23.3326,0.61939,100
novelty_ratio_all,1786039280272,23.3335,0.61917,100
novelty_ratio_all,1786039371002,23.3587,0.61901,100
novelty_ratio_all,1786039385135,23.3627,0.61872,100
novelty_ratio_all,1786039410174,23.3696,0.61872,100
novelty_ratio_all,1786039442226,23.3785,0.61859,100
novelty_ratio_all,1786039459419,23.3833,0.6189,100
novelty_ratio_all,1786039581527,23.4172,0.61943,100
novelty_ratio_all,1786039620411,23.428,0.61925,100
novelty_ratio_all,1786039635476,23.4322,0.61957,100
novelty_ratio_all,1786039663308,23.4399,0.62069,100
novelty_ratio_all,1786039686513,23.4464,0.62082,100
novelty_ratio_all,1786039687021,23.4465,0.6212,100
novelty_ratio_all,1786039687502,23.4466,0.62176,100
novelty_ratio_all,1786039688011,23.4468,0.62104,100
novelty_ratio_all,1786039688466,23.4469,0.6217,100
novelty_ratio_all,1786039942925,23.5176,0.61971,100
novelty_ratio_all,1786039943171,23.5177,0.61931,100
novelty_ratio_all,1786040223088,23.5954,0.61942,100
novelty_ratio_all,1786040369611,23.6361,0.61966,100
novelty_ratio_all,1786040476085,23.6657,0.61861,100
novelty_ratio_all,1786040639998,23.7112,0.61797,100
novelty_ratio_all,1786040709014,23.7304,0.6173,100
novelty_ratio_all,1786040738409,23.7386,0.61661,100
novelty_ratio_all,1786040790563,23.7531,0.61706,100
novelty_ratio_all,1786040844369,23.768,0.6167,100
novelty_ratio_all,1786040844978,23.7682,0.61701,100
novelty_ratio_all,1786040857939,23.7718,0.61758,100
novelty_ratio_all,1786040961753,23.8006,0.61752,100
novelty_ratio_all,1786040986456,23.8075,0.6157,100
novelty_ratio_all,1786041071389,23.8311,0.61629,100
novelty_ratio_all,1786041081683,23.8339,0.61621,100
novelty_ratio_all,1786041082348,23.8341,0.61577,100
novelty_ratio_all,1786041082725,23.8342,0.61561,100
novelty_ratio_all,1786041105361,23.8405,0.61598,100
novelty_ratio_all,1786041282141,23.8896,0.61589,100
novelty_ratio_all,1786041340473,23.9058,0.61556,100
novelty_ratio_all,1786041376165,23.9157,0.61733,100
novelty_ratio_all,1786041428303,23.9302,0.61706,100
novelty_ratio_all,1786041428745,23.9303,0.61709,100
novelty_ratio_all,1786041429217,23.9305,0.61713,100
novelty_ratio_all,1786041524713,23.957,0.61716,100
novelty_ratio_all,1786041695621,24.0045,0.61793,100
novelty_ratio_all,1786041875445,24.0544,0.61753,100
novelty_ratio_all,1786042099119,24.1165,0.61784,100
novelty_ratio_all,1786042403177,24.201,0.61903,100
novelty_ratio_all,1786042409519,24.2028,0.6185,100
novelty_ratio_all,1786042440095,24.2113,0.61627,100
novelty_ratio_all,1786042447320,24.2133,0.61675,100
novelty_ratio_all,1786042447655,24.2134,0.61666,100
novelty_ratio_all,1786042447988,24.2134,0.61681,100
novelty_ratio_all,1786042448330,24.2135,0.61712,100
novelty_ratio_all,1786042448676,24.2136,0.61713,100
novelty_ratio_all,1786042608609,24.2581,0.61701,100
novelty_ratio_all,1786042609319,24.2583,0.61583,100
novelty_ratio_all,1786042610048,24.2585,0.61564,100
novelty_ratio_all,1786042709077,24.286,0.61467,100
novelty_ratio_all,1786042924538,24.3458,0.61485,100
novelty_ratio_all,1786043314525,24.4542,0.631,100
novelty_ratio_all,1786043551607,24.52,0.63097,100
novelty_ratio_all,1786043581748,24.5284,0.63124,100
novelty_ratio_all,1786043605702,24.535,0.63124,100
novelty_ratio_all,1786043605980,24.5351,0.63263,100
novelty_ratio_all,1786043606251,24.5352,0.63294,100
novelty_ratio_all,1786043606567,24.5353,0.63279,100
novelty_ratio_all,1786043668894,24.5526,0.63312,100
novelty_ratio_all,1786043762649,24.5786,0.63305,100
novelty_ratio_all,1786043854787,24.6042,0.63288,100
novelty_ratio_all,1786044020026,24.6501,0.63312,100
novelty_ratio_all,1786044260842,24.717,0.63282,100
novelty_ratio_all,1786044277169,24.7216,0.63344,100
novelty_ratio_all,1786044306608,24.7297,0.63366,100
novelty_ratio_all,1786044608618,24.8136,0.63347,100
novelty_ratio_all,1786044608856,24.8137,0.63364,100
novelty_ratio_all,1786044609043,24.8137,0.63324,100
novelty_ratio_all,1786044609238,24.8138,0.63488,100
novelty_ratio_all,1786044609414,24.8138,0.63468,100
novelty_ratio_all,1786044609600,24.8139,0.63475,100
novelty_ratio_all,1786044609789,24.8139,0.63349,100
novelty_ratio_all,1786044609960,24.814,0.63309,100
novelty_ratio_all,1786044610151,24.8141,0.63252,100
novelty_ratio_all,1786044610340,24.8141,0.63287,100
novelty_ratio_all,1786044620119,24.8168,0.63481,100
novelty_ratio_all,1786044620237,24.8169,0.63523,100
novelty_ratio_all,1786044620358,24.8169,0.63538,100
novelty_ratio_all,1786044620507,24.8169,0.63595,100
novelty_ratio_all,1786044769688,24.8584,0.63684,100
novelty_ratio_all,1786045035188,24.9321,0.63817,100
novelty_ratio_all,1786045191993,24.9757,0.63824,100
novelty_ratio_all,1786045267312,24.9966,0.63787,100
novelty_ratio_all,1786045303249,25.0066,0.63849,100
novelty_ratio_all,1786045319272,25.011,0.63929,100
novelty_ratio_all,1786045507116,25.0632,0.64002,100
novelty_ratio_all,1786045562381,25.0786,0.64072,100
novelty_ratio_all,1786045694305,25.1152,0.64021,100
novelty_ratio_all,1786045722365,25.123,0.63917,100
novelty_ratio_all,1786045788881,25.1415,0.63922,100
novelty_ratio_all,1786045797602,25.1439,0.63933,100
novelty_ratio_all,1786045823368,25.1511,0.63877,100
novelty_ratio_all,1786045840839,25.1559,0.63876,100
novelty_ratio_all,1786045879326,25.1666,0.63822,100
novelty_ratio_all,1786045879866,25.1667,0.63674,100
novelty_ratio_all,1786045900020,25.1723,0.63704,100
novelty_ratio_all,1786045940422,25.1836,0.63676,100
novelty_ratio_all,1786045986531,25.1964,0.63713,100
novelty_ratio_all,1786045987006,25.1965,0.63752,100
novelty_ratio_all,1786045987518,25.1967,0.63729,100
novelty_ratio_all,1786045988091,25.1968,0.63765,100
novelty_ratio_all,1786046057078,25.216,0.63709,100
novelty_ratio_all,1786046057558,25.2161,0.63492,100
novelty_ratio_all,1786046102823,25.2287,0.63381,100
novelty_ratio_all,1786046114974,25.2321,0.63343,100
novelty_ratio_all,1786046195115,25.2543,0.63312,100
novelty_ratio_all,1786046460456,25.328,0.63322,100
novelty_ratio_all,1786046460675,25.3281,0.63299,100
novelty_ratio_all,1786046460868,25.3281,0.632,100
novelty_ratio_all,1786046461068,25.3282,0.63217,100
novelty_ratio_all,1786046461263,25.3282,0.63222,100
novelty_ratio_all,1786046461458,25.3283,0.63149,100
novelty_ratio_all,1786046461633,25.3284,0.63115,100
novelty_ratio_all,1786046542593,25.3508,0.63076,100
novelty_ratio_all,1786046598794,25.3665,0.63187,100
novelty_ratio_all,1786046741190,25.406,0.6321,100
novelty_ratio_all,1786046802470,25.423,0.63277,100
novelty_ratio_all,1786046846117,25.4352,0.63267,100
novelty_ratio_all,1786046960372,25.4669,0.6325,100
novelty_ratio_all,1786046965417,25.4683,0.6324,100
novelty_ratio_all,1786046984691,25.4736,0.63185,100
novelty_ratio_all,1786046985008,25.4737,0.63111,100
novelty_ratio_all,1786046997037,25.4771,0.63219,100
novelty_ratio_all,1786047004237,25.4791,0.63172,100
novelty_ratio_all,1786047065674,25.4961,0.63179,100
novelty_ratio_all,1786047164340,25.5235,0.63163,100
novelty_ratio_all,1786047210936,25.5365,0.63131,100
novelty_ratio_all,1786047355110,25.5765,0.63082,100
novelty_ratio_all,1786047355426,25.5766,0.63022,100
novelty_ratio_all,1786047355727,25.5767,0.63011,100
novelty_ratio_all,1786047356276,25.5769,0.62863,100
novelty_ratio_all,1786047356574,25.5769,0.62878,100
novelty_ratio_all,1786047391957,25.5868,0.62855,100
novelty_ratio_all,1786047392436,25.5869,0.62822,100
novelty_ratio_all,1786047424515,25.5958,0.62816,100
novelty_ratio_all,1786047481376,25.6116,0.6276,100
novelty_ratio_all,1786047488245,25.6135,0.6289,100
novelty_ratio_all,1786047525780,25.6239,0.62843,100
novelty_ratio_all,1786047526177,25.6241,0.62701,100
novelty_ratio_all,1786047526601,25.6242,0.6274,100
novelty_ratio_all,1786047526998,25.6243,0.62681,100
novelty_ratio_all,1786047527389,25.6244,0.62654,100
novelty_ratio_all,1786047527846,25.6245,0.62635,100
novelty_ratio_all,1786047528248,25.6246,0.62582,100
novelty_ratio_all,1786047528640,25.6247,0.62602,100
novelty_ratio_all,1786047529076,25.6249,0.62615,100
novelty_ratio_all,1786047691485,25.67,0.6261,100
novelty_ratio_all,1786047718256,25.6774,0.62599,100
novelty_ratio_all,1786047731530,25.6811,0.62606,100
novelty_ratio_all,1786047891542,25.7255,0.62805,100
novelty_ratio_all,1786047894649,25.7264,0.62791,100
novelty_ratio_all,1786047913868,25.7317,0.61014,100
novelty_ratio_all,1786047914507,25.7319,0.60994,100
novelty_ratio_all,1786047915151,25.7321,0.60971,100
novelty_ratio_all,1786048016538,25.7603,0.60927,100
novelty_ratio_all,1786048038631,25.7664,0.60929,100
novelty_ratio_all,1786048038933,25.7665,0.60923,100
novelty_ratio_all,1786048052128,25.7702,0.60905,100
novelty_ratio_all,1786048052674,25.7703,0.60828,100
novelty_ratio_all,1786048053258,25.7705,0.60811,100
novelty_ratio_all,1786048053795,25.7706,0.60751,100
novelty_ratio_all,1786048056377,25.7713,0.60777,100
novelty_ratio_all,1786048102993,25.7843,0.60818,100
novelty_ratio_all,1786048190902,25.8087,0.60874,100
novelty_ratio_all,1786048194534,25.8097,0.60902,100
novelty_ratio_all,1786048218091,25.8163,0.60923,100
novelty_ratio_all,1786048219484,25.8166,0.61204,100
novelty_ratio_all,1786048272544,25.8314,0.6123,100
novelty_ratio_all,1786048310136,25.8418,0.61207,100
novelty_ratio_all,1786048331592,25.8478,0.61271,100
novelty_ratio_all,1786048386624,25.8631,0.61245,100
novelty_ratio_all,1786048386784,25.8631,0.61139,100
novelty_ratio_all,1786048408545,25.8692,0.61164,100
novelty_ratio_all,1786048409197,25.8693,0.61211,100
novelty_ratio_all,1786048409906,25.8695,0.61185,100
novelty_ratio_all,1786048410541,25.8697,0.61221,100
novelty_ratio_all,1786048520906,25.9004,0.61163,100
novelty_ratio_all,1786048652343,25.9369,0.61251,100
novelty_ratio_all,1786048695336,25.9488,0.61226,100
novelty_ratio_all,1786048697846,25.9495,0.61291,100
novelty_ratio_all,1786048741735,25.9617,0.61269,100
novelty_ratio_all,1786048779433,25.9722,0.61282,100
novelty_ratio_all,1786048780440,25.9725,0.6133,100
novelty_ratio_all,1786048781316,25.9727,0.61319,100
novelty_ratio_all,1786048782319,25.973,0.61416,100
novelty_ratio_all,1786048783400,25.9733,0.61399,100
novelty_ratio_all,1786049115164,26.0654,0.61336,100
novelty_ratio_all,1786049139404,26.0722,0.61408,100
novelty_ratio_all,1786049197455,26.0883,0.61469,100
novelty_ratio_all,1786049197845,26.0884,0.61456,100
novelty_ratio_all,1786049198244,26.0885,0.61408,100
novelty_ratio_all,1786049198646,26.0886,0.6139,100
novelty_ratio_all,1786049218449,26.0941,0.61351,100
novelty_ratio_all,1786049430940,26.1532,0.61287,100
novelty_ratio_all,1786049470419,26.1641,0.61432,100
novelty_ratio_all,1786049491117,26.1699,0.6149,100
novelty_ratio_all,1786049549279,26.186,0.61505,100
novelty_ratio_all,1786049550617,26.1864,0.61515,100
novelty_ratio_all,1786049553227,26.1871,0.61602,100
novelty_ratio_all,1786049587795,26.1967,0.61626,100
novelty_ratio_all,1786049588034,26.1968,0.61612,100
novelty_ratio_all,1786049611038,26.2032,0.61799,100
novelty_ratio_all,1786049618042,26.2051,0.61975,100
novelty_ratio_all,1786049752491,26.2425,0.61972,100
novelty_ratio_all,1786049778158,26.2496,0.61989,100
novelty_ratio_all,1786049870899,26.2754,0.61951,100
novelty_ratio_all,1786049883503,26.2789,0.61892,100
novelty_ratio_all,1786049884056,26.279,0.6195,100
novelty_ratio_all,1786049964266,26.3013,0.62069,100
novelty_ratio_all,1786049964450,26.3014,0.62266,100
novelty_ratio_all,1786050338374,26.4052,0.62347,100
novelty_ratio_all,1786050338576,26.4053,0.62226,100
novelty_ratio_all,1786050354534,26.4097,0.62183,100
novelty_ratio_all,1786050355321,26.4099,0.62381,100
novelty_ratio_all,1786050540913,26.4615,0.62304,100
novelty_ratio_all,1786050541555,26.4617,0.62317,100
novelty_ratio_all,1786050587350,26.4744,0.62356,100
novelty_ratio_all,1786050615043,26.4821,0.62306,100
novelty_ratio_all,1786050694466,26.5041,0.62342,100
novelty_ratio_all,1786050731107,26.5143,0.62406,100
novelty_ratio_all,1786050760634,26.5225,0.62448,100
novelty_ratio_all,1786050798975,26.5332,0.62579,100
novelty_ratio_all,1786050839005,26.5443,0.62529,100
novelty_ratio_all,1786050839535,26.5444,0.62435,100
novelty_ratio_all,1786051092001,26.6146,0.6253,100
novelty_ratio_all,1786051144939,26.6293,0.62561,100
novelty_ratio_all,1786051212348,26.648,0.62614,100
novelty_ratio_all,1786051212505,26.648,0.62652,100
novelty_ratio_all,1786051357297,26.6883,0.62686,100
novelty_ratio_all,1786051359825,26.689,0.62714,100
novelty_ratio_all,1786051444120,26.7124,0.62764,100
novelty_ratio_all,1786051451401,26.7144,0.62767,100
novelty_ratio_all,1786051451617,26.7145,0.62772,100
novelty_ratio_all,1786051451947,26.7145,0.62794,100
novelty_ratio_all,1786051647515,26.7689,0.62849,100
novelty_ratio_all,1786051689872,26.7806,0.62879,100
novelty_ratio_all,1786051735163,26.7932,0.62626,100
novelty_ratio_all,1786051749204,26.7971,0.62714,100
novelty_ratio_all,1786051904505,26.8403,0.62712,100
novelty_ratio_all,1786052358551,26.9664,0.62944,100
novelty_ratio_all,1786052414428,26.9819,0.6286,100
novelty_ratio_all,1786052414965,26.9821,0.62826,100
novelty_ratio_all,1786052495199,27.0043,0.62871,100
novelty_ratio_all,1786052643473,27.0455,0.62928,100
novelty_ratio_all,1786052852218,27.1035,0.6321,100
novelty_ratio_all,1786052858842,27.1054,0.6321,100
novelty_ratio_all,1786052930895,27.1254,0.63245,100
novelty_ratio_all,1786053006550,27.1464,0.63283,100
novelty_ratio_all,1786053010467,27.1475,0.63338,100
novelty_ratio_all,1786053229776,27.2084,0.63184,100
novelty_ratio_all,1786053231878,27.209,0.63162,100
novelty_ratio_all,1786053299683,27.2278,0.63175,100
novelty_ratio_all,1786053441945,27.2673,0.63154,100
novelty_ratio_all,1786053662394,27.3286,0.63149,100
novelty_ratio_all,1786053662785,27.3287,0.63222,100
novelty_ratio_all,1786053663160,27.3288,0.6324,100
novelty_ratio_all,1786053663525,27.3289,0.63227,100
novelty_ratio_all,1786053663895,27.329,0.63202,100
novelty_ratio_all,1786053704633,27.3403,0.6319,100
novelty_ratio_all,1786053727789,27.3467,0.63239,100
novelty_ratio_all,1786053735639,27.3489,0.63273,100
novelty_ratio_all,1786053813540,27.3705,0.63211,100
novelty_ratio_all,1786053822542,27.373,0.63194,100
novelty_ratio_all,1786053828669,27.3747,0.63312,100
novelty_ratio_all,1786053936534,27.4047,0.6327,100
novelty_ratio_all,1786053941628,27.4061,0.63301,100
novelty_ratio_all,1786053944007,27.4068,0.63089,100
novelty_ratio_all,1786053944125,27.4068,0.63086,100
novelty_ratio_all,1786053992838,27.4204,0.63156,100
novelty_ratio_all,1786054005883,27.424,0.63209,100
novelty_ratio_all,1786054069225,27.4416,0.63501,100
novelty_ratio_all,1786054069486,27.4416,0.63659,100
novelty_ratio_all,1786054069756,27.4417,0.63621,100
novelty_ratio_all,1786054081781,27.4451,0.63404,100
novelty_ratio_all,1786054262615,27.4953,0.63359,100
novelty_ratio_all,1786054262906,27.4954,0.6332,100
novelty_ratio_all,1786054291181,27.5032,0.63512,100
novelty_ratio_all,1786054300516,27.5058,0.63454,100
novelty_ratio_all,1786054354237,27.5207,0.6352,100
novelty_ratio_all,1786054433999,27.5429,0.63405,100
novelty_ratio_all,1786054511221,27.5643,0.63413,100
novelty_ratio_all,1786054717794,27.6217,0.63429,100
novelty_ratio_all,1786054763134,27.6343,0.63441,100
novelty_ratio_all,1786054790221,27.6418,0.634,100
novelty_ratio_all,1786054825338,27.6516,0.63421,100
novelty_ratio_all,1786054840759,27.6559,0.63437,100
novelty_ratio_all,1786054846701,27.6575,0.63461,100
novelty_ratio_all,1786054900715,27.6725,0.6342,100
novelty_ratio_all,1786055171097,27.7476,0.63464,100
novelty_ratio_all,1786055173655,27.7484,0.63481,100
novelty_ratio_all,1786055299670,27.7834,0.63474,100
novelty_ratio_all,1786055299984,27.7834,0.63514,100
novelty_ratio_all,1786055300275,27.7835,0.63529,100
novelty_ratio_all,1786055305675,27.785,0.63645,100
novelty_ratio_all,1786055328542,27.7914,0.63699,100
novelty_ratio_all,1786055368878,27.8026,0.63615,100
novelty_ratio_all,1786055370764,27.8031,0.63619,100
novelty_ratio_all,1786055387831,27.8079,0.63677,100
novelty_ratio_all,1786055490641,27.8364,0.63521,100
novelty_ratio_all,1786055525996,27.8462,0.6351,100
novelty_ratio_all,1786055695150,27.8932,0.63491,100
novelty_ratio_all,1786055764861,27.9126,0.63376,100
novelty_ratio_all,1786056059891,27.9945,0.6346,100
novelty_ratio_all,1786056099623,28.0056,0.63508,100
novelty_ratio_all,1786056246260,28.0463,0.63416,100
novelty_ratio_all,1786056280303,28.0558,0.63491,100
novelty_ratio_all,1786056394604,28.0875,0.63499,100
novelty_ratio_all,1786056423638,28.0956,0.63526,100
novelty_ratio_all,1786056638251,28.1552,0.63335,100
novelty_ratio_all,1786056639137,28.1554,0.6326,100
novelty_ratio_all,1786056639942,28.1557,0.63163,100
novelty_ratio_all,1786056640722,28.1559,0.63152,100
novelty_ratio_all,1786056666211,28.163,0.63197,100
novelty_ratio_all,1786056667507,28.1633,0.63172,100
novelty_ratio_all,1786056668825,28.1637,0.63203,100
novelty_ratio_all,1786056670111,28.164,0.6324,100
novelty_ratio_all,1786056671399,28.1644,0.63231,100
novelty_ratio_all,1786056672722,28.1648,0.63278,100
novelty_ratio_all,1786056673992,28.1651,0.63245,100
novelty_ratio_all,1786056675310,28.1655,0.63224,100
novelty_ratio_all,1786056676595,28.1658,0.63253,100
novelty_ratio_all,1786056677980,28.1662,0.63229,100
novelty_ratio_all,1786056679276,28.1666,0.63258,100
novelty_ratio_all,1786056680559,28.1669,0.63415,100
novelty_ratio_all,1786056681848,28.1673,0.63356,100
novelty_ratio_all,1786056683180,28.1677,0.63373,100
novelty_ratio_all,1786056684503,28.168,0.6339,100
novelty_ratio_all,1786056685790,28.1684,0.63388,100
novelty_ratio_all,1786056687203,28.1688,0.6343,100
novelty_ratio_all,1786056688518,28.1692,0.63477,100
novelty_ratio_all,1786056879296,28.2221,0.63467,100
novelty_ratio_all,1786056892531,28.2258,0.63417,100
novelty_ratio_all,1786056906787,28.2298,0.63447,100
novelty_ratio_all,1786057271491,28.3311,0.63517,100
novelty_ratio_all,1786057398756,28.3664,0.63534,100
novelty_ratio_all,1786057475432,28.3877,0.63592,100
novelty_ratio_all,1786057652585,28.4369,0.63553,100
novelty_ratio_all,1786057813022,28.4815,0.63507,100
novelty_ratio_all,1786057887989,28.5023,0.6357,100
novelty_ratio_all,1786057991095,28.531,0.6344,100
novelty_ratio_all,1786058000520,28.5336,0.63598,100
novelty_ratio_all,1786058147770,28.5745,0.63695,100
novelty_ratio_all,1786058148322,28.5747,0.63682,100
novelty_ratio_all,1786058148925,28.5748,0.63717,100
novelty_ratio_all,1786058149519,28.575,0.63389,100
novelty_ratio_all,1786058264060,28.6068,0.63389,100
novelty_ratio_all,1786058500328,28.6724,0.63361,100
novelty_ratio_all,1786058656401,28.7158,0.63423,100
novelty_ratio_all,1786058841230,28.7671,0.63385,100
novelty_ratio_all,1786058890526,28.7808,0.63405,100
novelty_ratio_all,1786058930697,28.792,0.63467,100
novelty_ratio_all,1786059067317,28.8299,0.63459,100
novelty_ratio_all,1786059067661,28.83,0.63519,100
novelty_ratio_all,1786059068014,28.8301,0.6344,100
novelty_ratio_all,1786059068359,28.8302,0.63355,100
novelty_ratio_all,1786059068701,28.8303,0.63369,100
novelty_ratio_all,1786059069067,28.8304,0.63361,100
novelty_ratio_all,1786059069426,28.8305,0.63378,100
novelty_ratio_all,1786059069772,28.8306,0.63406,100
novelty_ratio_all,1786059070119,28.8307,0.63349,100
novelty_ratio_all,1786059070463,28.8308,0.63349,100
novelty_ratio_all,1786059070816,28.8309,0.63301,100
novelty_ratio_all,1786059071178,28.831,0.63284,100
novelty_ratio_all,1786059071535,28.8311,0.63198,100
novelty_ratio_all,1786059119123,28.8443,0.63206,100
novelty_ratio_all,1786059214657,28.8709,0.63319,100
novelty_ratio_all,1786059681699,29.0006,0.63249,100
novelty_ratio_all,1786059682493,29.0008,0.63181,100
novelty_ratio_all,1786060047103,29.1021,0.63198,100
novelty_ratio_all,1786060421778,29.2062,0.63027,100
novelty_ratio_all,1786060443504,29.2122,0.62835,100
novelty_ratio_all,1786060463995,29.2179,0.62894,100
novelty_ratio_all,1786060579986,29.2501,0.62966,100
novelty_ratio_all,1786060584274,29.2513,0.63355,100
novelty_ratio_all,1786060584318,29.2513,0.63471,100
novelty_ratio_all,1786060592858,29.2537,0.63535,100
novelty_ratio_all,1786060604503,29.2569,0.63412,100
novelty_ratio_all,1786060690205,29.2807,0.63431,100
novelty_ratio_all,1786060705666,29.285,0.63421,100
novelty_ratio_all,1786060765769,29.3017,0.63158,100
novelty_ratio_all,1786060853292,29.326,0.63168,100
novelty_ratio_all,1786060853505,29.3261,0.63186,100
novelty_ratio_all,1786060853722,29.3262,0.632,100
novelty_ratio_all,1786060861068,29.3282,0.63291,100
novelty_ratio_all,1786060888803,29.3359,0.63254,100
novelty_ratio_all,1786060927738,29.3467,0.63321,100
novelty_ratio_all,1786060932258,29.348,0.64032,100
novelty_ratio_all,1786061013815,29.3706,0.6404,100
novelty_ratio_all,1786061014885,29.3709,0.63988,100
novelty_ratio_all,1786061015978,29.3712,0.64035,100
novelty_ratio_all,1786061073591,29.3872,0.64544,100
novelty_ratio_all,1786061092726,29.3925,0.64599,100
novelty_ratio_all,1786061112722,29.3981,0.64614,100
novelty_ratio_all,1786061113618,29.3983,0.64689,100
novelty_ratio_all,1786061201186,29.4227,0.64747,100
novelty_ratio_all,1786061218864,29.4276,0.64873,100
novelty_ratio_all,1786061246300,29.4352,0.64936,100
novelty_ratio_all,1786061246353,29.4352,0.64897,100
novelty_ratio_all,1786061247370,29.4355,0.64992,100
novelty_ratio_all,1786061410755,29.4809,0.65029,100
novelty_ratio_all,1786061528448,29.5136,0.65105,100
novelty_ratio_all,1786061529132,29.5138,0.65081,100
novelty_ratio_all,1786061529714,29.5139,0.64934,100
novelty_ratio_all,1786061530312,29.5141,0.6484,100
novelty_ratio_all,1786061530891,29.5143,0.64804,100
novelty_ratio_all,1786061531458,29.5144,0.64802,100
novelty_ratio_all,1786061991699,29.6423,0.64687,100
novelty_ratio_all,1786062184308,29.6958,0.64639,100
novelty_ratio_all,1786062185410,29.6961,0.64883,100
novelty_ratio_all,1786062226799,29.7076,0.64793,100
novelty_ratio_all,1786062226985,29.7076,0.64881,100
novelty_ratio_all,1786062227144,29.7077,0.64817,100
novelty_ratio_all,1786062227305,29.7077,0.64476,100
novelty_ratio_all,1786062227462,29.7077,0.64301,100
novelty_ratio_all,1786062227646,29.7078,0.64233,100
novelty_ratio_all,1786062227806,29.7078,0.64312,100
novelty_ratio_all,1786062255354,29.7155,0.64099,100
novelty_ratio_all,1786062285250,29.7238,0.63984,100
novelty_ratio_all,1786062286831,29.7242,0.6391,100
novelty_ratio_all,1786062288397,29.7247,0.63896,100
novelty_ratio_all,1786062289963,29.7251,0.63803,100
novelty_ratio_all,1786062291575,29.7256,0.63675,100
novelty_ratio_all,1786062293176,29.726,0.63619,100
novelty_ratio_all,1786062294778,29.7264,0.63554,100
novelty_ratio_all,1786062296372,29.7269,0.63471,100
novelty_ratio_all,1786062297956,29.7273,0.63419,100
novelty_ratio_all,1786062299520,29.7278,0.63309,100
novelty_ratio_all,1786062301074,29.7282,0.63263,100
novelty_ratio_all,1786062302660,29.7286,0.63212,100
novelty_ratio_all,1786062304264,29.7291,0.63155,100
novelty_ratio_all,1786062334119,29.7374,0.62942,100
novelty_ratio_all,1786062452834,29.7704,0.62973,100
novelty_ratio_all,1786062481328,29.7783,0.62454,100
novelty_ratio_all,1786062593377,29.8094,0.6246,100
novelty_ratio_all,1786062642621,29.8231,0.62609,100
novelty_ratio_all,1786062709800,29.8417,0.62658,100
novelty_ratio_all,1786062788588,29.8636,0.63016,100
novelty_ratio_all,1786062832084,29.8757,0.63026,100
novelty_ratio_all,1786062916623,29.8992,0.62949,100
novelty_ratio_all,1786062975503,29.9155,0.62943,100
novelty_ratio_all,1786063202666,29.9786,0.6291,100
novelty_ratio_all,1786063258449,29.9941,0.62908,100
novelty_ratio_all,1786063263013,29.9954,0.62933,100
novelty_ratio_all,1786063270834,29.9976,0.62912,100
novelty_ratio_all,1786063274512,29.9986,0.62915,100
novelty_ratio_all,1786063299383,30.0055,0.62893,100
novelty_ratio_all,1786063340858,30.017,0.62929,100
novelty_ratio_all,1786063348256,30.0191,0.62919,100
novelty_ratio_all,1786063360781,30.0226,0.62981,100
novelty_ratio_all,1786063398287,30.033,0.62888,100
novelty_ratio_all,1786063753134,30.1315,0.62841,100
novelty_ratio_all,1786063759615,30.1333,0.62823,100
novelty_ratio_all,1786063883943,30.1679,0.62744,100
novelty_ratio_all,1786063900861,30.1726,0.62859,100
novelty_ratio_all,1786064265445,30.2739,0.62889,100
novelty_ratio_all,1786064286748,30.2798,0.62895,100
novelty_ratio_all,1786064327635,30.2911,0.63002,100
novelty_ratio_all,1786064337388,30.2938,0.6303,100
novelty_ratio_all,1786064344011,30.2957,0.63045,100
novelty_ratio_all,1786064351861,30.2979,0.63072,100
novelty_ratio_all,1786064376550,30.3047,0.63042,100
novelty_ratio_all,1786064386908,30.3076,0.62896,100
novelty_ratio_all,1786064536271,30.3491,0.62938,100
novelty_ratio_all,1786064642159,30.3785,0.62971,100
novelty_ratio_all,1786064659456,30.3833,0.62963,100
novelty_ratio_all,1786064667997,30.3857,0.62685,100
novelty_ratio_all,1786064669056,30.386,0.62754,100
novelty_ratio_all,1786064669121,30.386,0.6272,100
novelty_ratio_all,1786064670097,30.3863,0.62589,100
novelty_ratio_all,1786064823381,30.4288,0.62634,100
novelty_ratio_all,1786064968556,30.4692,0.62636,100
novelty_ratio_all,1786064971813,30.4701,0.62686,100
novelty_ratio_all,1786064986498,30.4741,0.6265,100
novelty_ratio_all,1786065056336,30.4935,0.6253,100
novelty_ratio_all,1786065064636,30.4959,0.62548,100
novelty_ratio_all,1786065119094,30.511,0.62481,100
novelty_ratio_all,1786065121023,30.5115,0.62764,100
novelty_ratio_all,1786065142586,30.5175,0.62749,100
novelty_ratio_all,1786065145456,30.5183,0.62754,100
novelty_ratio_all,1786065146621,30.5186,0.62946,100
novelty_ratio_all,1786065168763,30.5248,0.63067,100
novelty_ratio_all,1786065175263,30.5266,0.63117,100
novelty_ratio_all,1786065191185,30.531,0.63057,100
novelty_ratio_all,1786065206033,30.5351,0.63011,100
novelty_ratio_all,1786065302065,30.5618,0.62958,100
novelty_ratio_all,1786065359120,30.5777,0.62877,100
novelty_ratio_all,1786065480138,30.6113,0.62395,100
novelty_ratio_all,1786065485909,30.6129,0.62422,100
novelty_ratio_all,1786065518364,30.6219,0.62384,100
novelty_ratio_all,1786065528377,30.6247,0.62359,100
novelty_ratio_all,1786065610262,30.6474,0.61816,100
novelty_ratio_all,1786065610451,30.6475,0.61658,100
novelty_ratio_all,1786065610714,30.6475,0.61562,100
novelty_ratio_all,1786065633372,30.6538,0.61966,100
novelty_ratio_all,1786065673388,30.6649,0.61862,100
novelty_ratio_all,1786065674015,30.6651,0.61795,100
novelty_ratio_all,1786065675781,30.6656,0.61825,100
novelty_ratio_all,1786065710276,30.6752,0.61843,100
novelty_ratio_all,1786065829889,30.7084,0.61856,100
novelty_ratio_all,1786065841976,30.7118,0.61751,100
novelty_ratio_all,1786065852044,30.7146,0.61716,100
novelty_ratio_all,1786065927593,30.7356,0.61767,100
novelty_ratio_all,1786066058443,30.7719,0.61805,100
novelty_ratio_all,1786066149812,30.7973,0.61885,100
novelty_ratio_all,1786066230195,30.8196,0.61985,100
novelty_ratio_all,1786066230813,30.8198,0.61946,100
novelty_ratio_all,1786066231430,30.82,0.61933,100
novelty_ratio_all,1786066232051,30.8201,0.61927,100
novelty_ratio_all,1786066391148,30.8643,0.6189,100
novelty_ratio_all,1786066515662,30.8989,0.62069,100
novelty_ratio_all,1786066576807,30.9159,0.61963,100
novelty_ratio_all,1786066637762,30.9328,0.62102,100
novelty_ratio_all,1786066644440,30.9347,0.62292,100
novelty_ratio_all,1786066703133,30.951,0.62462,100
novelty_ratio_all,1786066732399,30.9591,0.62499,100
novelty_ratio_all,1786066908371,31.008,0.62462,100
novelty_ratio_all,1786066908888,31.0081,0.62681,100
novelty_ratio_all,1786066909382,31.0083,0.628,100
novelty_ratio_all,1786066909776,31.0084,0.62893,100
novelty_ratio_all,1786066910152,31.0085,0.6292,100
novelty_ratio_all,1786066923431,31.0122,0.62915,100
novelty_ratio_all,1786067184741,31.0848,0.63029,100
novelty_ratio_all,1786067185236,31.0849,0.63052,100
novelty_ratio_all,1786067205079,31.0904,0.63053,100
novelty_ratio_all,1786067272707,31.1092,0.63104,100
novelty_ratio_all,1786067279532,31.1111,0.63115,100
novelty_ratio_all,1786067285885,31.1129,0.63229,100
novelty_ratio_all,1786067288881,31.1137,0.63276,100
novelty_ratio_all,1786067305173,31.1182,0.63232,100
novelty_ratio_all,1786067325929,31.124,0.63267,100
novelty_ratio_all,1786067449929,31.1584,0.63405,100
novelty_ratio_all,1786067566211,31.1907,0.63376,100
novelty_ratio_all,1786067606792,31.202,0.63797,100
novelty_ratio_all,1786067668762,31.2192,0.63981,100
novelty_ratio_all,1786067702913,31.2287,0.63889,100
novelty_ratio_all,1786067707357,31.2299,0.63987,100
novelty_ratio_all,1786067750523,31.2419,0.63679,100
novelty_ratio_all,1786067773977,31.2484,0.63552,100
novelty_ratio_all,1786067828363,31.2636,0.6361,100
novelty_ratio_all,1786067873830,31.2762,0.63659,100
novelty_ratio_all,1786067921551,31.2894,0.63738,100
novelty_ratio_all,1786068016916,31.3159,0.63765,100
novelty_ratio_all,1786068130586,31.3475,0.63865,100
novelty_ratio_all,1786068168374,31.358,0.63878,100
novelty_ratio_all,1786068169587,31.3583,0.63883,100
novelty_ratio_all,1786068170745,31.3587,0.63885,100
novelty_ratio_all,1786068217010,31.3715,0.63868,100
novelty_ratio_all,1786068357155,31.4104,0.63914,100
novelty_ratio_all,1786068426902,31.4298,0.63824,100
novelty_ratio_all,1786068446416,31.4352,0.6397,100
novelty_ratio_all,1786068498777,31.4498,0.63999,100
novelty_ratio_all,1786068513801,31.454,0.63961,100
novelty_ratio_all,1786068540119,31.4613,0.64022,100
novelty_ratio_all,1786068568219,31.4691,0.64027,100
novelty_ratio_all,1786068654967,31.4932,0.64021,100
novelty_ratio_all,1786068659900,31.4945,0.6398,100
novelty_ratio_all,1786068666741,31.4964,0.63945,100
novelty_ratio_all,1786068673384,31.4983,0.63951,100
novelty_ratio_all,1786068691390,31.5033,0.63956,100
novelty_ratio_all,1786068712936,31.5093,0.64173,100
novelty_ratio_all,1786068730082,31.514,0.64153,100
novelty_ratio_all,1786068731588,31.5144,0.64188,100
novelty_ratio_all,1786068839005,31.5443,0.6411,100
novelty_ratio_all,1786068928719,31.5692,0.64107,100
novelty_ratio_all,1786068928891,31.5693,0.64086,100
novelty_ratio_all,1786068929058,31.5693,0.64215,100
novelty_ratio_all,1786068950012,31.5751,0.64171,100
novelty_ratio_all,1786068950184,31.5752,0.64213,100
novelty_ratio_all,1786068950356,31.5752,0.64301,100
novelty_ratio_all,1786068963974,31.579,0.64258,100
novelty_ratio_all,1786068964143,31.579,0.64244,100
novelty_ratio_all,1786068964311,31.5791,0.64193,100
novelty_ratio_all,1786068978104,31.5829,0.64203,100
novelty_ratio_all,1786068978266,31.583,0.64196,100
novelty_ratio_all,1786068978435,31.583,0.64132,100
novelty_ratio_all,1786068978614,31.5831,0.64175,100
novelty_ratio_all,1786068982052,31.584,0.63961,100
novelty_ratio_all,1786069014700,31.5931,0.63977,100
novelty_ratio_all,1786069017771,31.5939,0.63917,100
novelty_ratio_all,1786069017941,31.594,0.6389,100
novelty_ratio_all,1786069018105,31.594,0.63789,100
novelty_ratio_all,1786069018271,31.5941,0.63715,100
novelty_ratio_all,1786069117199,31.6216,0.63617,100
novelty_ratio_all,1786069119902,31.6223,0.63633,100
novelty_ratio_all,1786069120473,31.6225,0.63496,100
novelty_ratio_all,1786069215176,31.6488,0.63533,100
novelty_ratio_all,1786069360702,31.6892,0.63556,100
novelty_ratio_all,1786069371880,31.6923,0.63538,100
novelty_ratio_all,1786069407634,31.7022,0.6359,100
novelty_ratio_all,1786069611746,31.7589,0.63661,100
novelty_ratio_all,1786069631003,31.7643,0.63689,100
novelty_ratio_all,1786069781844,31.8062,0.63868,100
novelty_ratio_all,1786069858955,31.8276,0.63972,100
novelty_ratio_all,1786069897991,31.8385,0.6378,100
novelty_ratio_all,1786069917534,31.8439,0.63787,100
novelty_ratio_all,1786069937975,31.8496,0.63782,100
novelty_ratio_all,1786069950188,31.8529,0.63793,100
novelty_ratio_all,1786069953287,31.8538,0.63746,100
novelty_ratio_all,1786069959334,31.8555,0.63751,100
novelty_ratio_all,1786069969637,31.8584,0.63791,100
novelty_ratio_all,1786069981203,31.8616,0.63806,100
novelty_ratio_all,1786069993256,31.8649,0.63767,100
novelty_ratio_all,1786070001347,31.8672,0.63752,100
novelty_ratio_all,1786070015362,31.8711,0.63743,100
novelty_ratio_all,1786070137035,31.9049,0.63653,100
novelty_ratio_all,1786070213960,31.9262,0.63847,100
novelty_ratio_all,1786070214593,31.9264,0.64002,100
novelty_ratio_all,1786070215179,31.9266,0.64174,100
novelty_ratio_all,1786070215755,31.9267,0.64317,100
novelty_ratio_all,1786070329813,31.9584,0.64226,100
novelty_ratio_all,1786070377281,31.9716,0.64304,100
novelty_ratio_all,1786070456865,31.9937,0.64307,100
novelty_ratio_all,1786070670210,32.053,0.64493,100
novelty_ratio_all,1786070757407,32.0772,0.64529,100
novelty_ratio_all,1786070763811,32.079,0.64478,100
novelty_ratio_all,1786070789874,32.0862,0.64555,100
novelty_ratio_all,1786070799061,32.0887,0.64548,100
novelty_ratio_all,1786070803033,32.0899,0.64529,100
novelty_ratio_all,1786070949220,32.1305,0.64517,100
novelty_ratio_all,1786070949928,32.1307,0.64531,100
novelty_ratio_all,1786071246134,32.2129,0.64611,100
novelty_ratio_all,1786071402135,32.2563,0.64623,100
novelty_ratio_all,1786071849606,32.3806,0.64638,100
novelty_ratio_all,1786071850107,32.3807,0.64674,100
novelty_ratio_all,1786071850541,32.3808,0.6466,100
novelty_ratio_all,1786071850972,32.3809,0.64666,100
novelty_ratio_all,1786071851456,32.3811,0.64638,100
novelty_ratio_all,1786071851923,32.3812,0.64608,100
novelty_ratio_all,1786071852351,32.3813,0.64674,100
novelty_ratio_all,1786071852820,32.3815,0.64681,100
novelty_ratio_all,1786071853278,32.3816,0.64713,100
novelty_ratio_all,1786071853300,32.3816,0.64823,100
novelty_ratio_all,1786071853720,32.3817,0.64845,100
novelty_ratio_all,1786072091960,32.4479,0.64698,100
novelty_ratio_all,1786072187270,32.4744,0.64722,100
novelty_ratio_all,1786072239745,32.4889,0.64557,100
novelty_ratio_all,1786072240515,32.4892,0.64638,100
novelty_ratio_all,1786072241233,32.4894,0.64721,100
novelty_ratio_all,1786072277144,32.4993,0.64707,100
novelty_ratio_all,1786072323292,32.5121,0.64661,100
novelty_ratio_all,1786072324245,32.5124,0.64597,100
novelty_ratio_all,1786072333721,32.515,0.6456,100
novelty_ratio_all,1786072334117,32.5152,0.64445,100
novelty_ratio_all,1786072334498,32.5153,0.64439,100
novelty_ratio_all,1786072334899,32.5154,0.64416,100
novelty_ratio_all,1786072335289,32.5155,0.64446,100
novelty_ratio_all,1786072365838,32.524,0.64467,100
novelty_ratio_all,1786072366053,32.524,0.64445,100
novelty_ratio_all,1786072366269,32.5241,0.64498,100
novelty_ratio_all,1786072366492,32.5241,0.64417,100
novelty_ratio_all,1786072366701,32.5242,0.6441,100
novelty_ratio_all,1786072400657,32.5336,0.64442,100
novelty_ratio_all,1786072410513,32.5364,0.64416,100
novelty_ratio_all,1786072454386,32.5486,0.64365,100
novelty_ratio_all,1786072455319,32.5488,0.64348,100
novelty_ratio_all,1786072547559,32.5744,0.64382,100
novelty_ratio_all,1786072548244,32.5746,0.64324,100
novelty_ratio_all,1786072548906,32.5748,0.64335,100
novelty_ratio_all,1786072549580,32.575,0.64317,100
novelty_ratio_all,1786072656385,32.6047,0.63991,100
novelty_ratio_all,1786072656785,32.6048,0.63991,100
novelty_ratio_all,1786072691018,32.6143,0.64096,100
novelty_ratio_all,1786072881574,32.6672,0.6416,100
novelty_ratio_all,1786072989164,32.6971,0.64147,100
novelty_ratio_all,1786072989409,32.6972,0.64175,100
novelty_ratio_all,1786072989619,32.6972,0.64247,100
novelty_ratio_all,1786072989811,32.6973,0.64276,100
novelty_ratio_all,1786072990282,32.6974,0.64455,100
novelty_ratio_all,1786073180774,32.7503,0.64443,100
novelty_ratio_all,1786073181710,32.7506,0.64444,100
novelty_ratio_all,1786073182639,32.7509,0.64396,100
novelty_ratio_all,1786073183572,32.7511,0.64401,100
novelty_ratio_all,1786073184502,32.7514,0.644,100
novelty_ratio_all,1786073221268,32.7616,0.64427,100
novelty_ratio_all,1786073226264,32.763,0.64659,100
novelty_ratio_all,1786073316861,32.7881,0.64697,100
novelty_ratio_all,1786073326335,32.7908,0.64793,100
novelty_ratio_all,1786073335015,32.7932,0.64791,100
novelty_ratio_all,1786073448848,32.8248,0.64847,100
novelty_ratio_all,1786073457903,32.8273,0.64837,100
novelty_ratio_all,1786073531267,32.8477,0.65187,100
novelty_ratio_all,1786073662436,32.8841,0.65056,100
novelty_ratio_all,1786073691835,32.8923,0.6501,100
novelty_ratio_all,1786073721159,32.9004,0.64845,100
novelty_ratio_all,1786073728689,32.9025,0.65004,100
novelty_ratio_all,1786073763041,32.9121,0.6509,100
novelty_ratio_all,1786073765068,32.9126,0.64912,100
novelty_ratio_all,1786073855085,32.9376,0.64822,100
novelty_ratio_all,1786073894105,32.9485,0.64822,100
novelty_ratio_all,1786073913351,32.9538,0.64837,100
novelty_ratio_all,1786073928539,32.958,0.6482,100
novelty_ratio_all,1786073962524,32.9675,0.64733,100
novelty_ratio_all,1786073980678,32.9725,0.64576,100
novelty_ratio_all,1786073984831,32.9737,0.64423,100
novelty_ratio_all,1786074041396,32.9894,0.64488,100
novelty_ratio_all,1786074049745,32.9917,0.6449,100
novelty_ratio_all,1786074115245,33.0099,0.64429,100
novelty_ratio_all,1786074137703,33.0161,0.64255,100
novelty_ratio_all,1786074220192,33.0391,0.64059,100
novelty_ratio_all,1786074270991,33.0532,0.64037,100
novelty_ratio_all,1786074281073,33.056,0.64041,100
novelty_ratio_all,1786074293392,33.0594,0.63939,100
novelty_ratio_all,1786074362652,33.0786,0.63948,100
novelty_ratio_all,1786074378982,33.0832,0.63943,100
novelty_ratio_all,1786074456101,33.1046,0.64051,100
novelty_ratio_all,1786074495261,33.1155,0.63885,100
novelty_ratio_all,1786074521699,33.1228,0.6368,100
novelty_ratio_all,1786074538768,33.1276,0.6345,100
novelty_ratio_all,1786074555420,33.1322,0.63341,100
novelty_ratio_all,1786074617845,33.1495,0.63428,100
novelty_ratio_all,1786074827189,33.2077,0.63438,100
novelty_ratio_all,1786074958477,33.2441,0.63485,100
novelty_ratio_all,1786075138609,33.2942,0.63313,100
novelty_ratio_all,1786075150581,33.2975,0.63292,100
novelty_ratio_all,1786075194071,33.3096,0.63362,100
novelty_ratio_all,1786075221085,33.3171,0.6323,100
novelty_ratio_all,1786075236339,33.3213,0.63194,100
novelty_ratio_all,1786075249405,33.325,0.63272,100
novelty_ratio_all,1786075272110,33.3313,0.63253,100
novelty_ratio_all,1786075272284,33.3313,0.63238,100
novelty_ratio_all,1786075482906,33.3898,0.63254,100
novelty_ratio_all,1786075800432,33.478,0.63249,100
novelty_ratio_all,1786075993139,33.5315,0.63328,100
novelty_ratio_all,1786076209032,33.5915,0.6339,100
novelty_ratio_all,1786076209455,33.5916,0.63385,100
novelty_ratio_all,1786076317917,33.6218,0.63457,100
novelty_ratio_all,1786076536351,33.6824,0.63699,100
novelty_ratio_all,1786076835576,33.7656,0.63717,100
novelty_ratio_all,1786077033196,33.8205,0.63665,100
novelty_ratio_all,1786077173721,33.8595,0.63701,100
novelty_ratio_all,1786077174780,33.8598,0.63694,100
novelty_ratio_all,1786077223762,33.8734,0.63662,100
novelty_ratio_all,1786077583935,33.9734,0.63652,100
novelty_ratio_all,1786077618884,33.9831,0.63643,100
novelty_ratio_all,1786077789782,34.0306,0.63616,100
novelty_ratio_all,1786077865545,34.0517,0.63666,100
novelty_ratio_all,1786077938738,34.072,0.6373,100
novelty_ratio_all,1786078151219,34.131,0.63778,100
novelty_ratio_all,1786078170129,34.1363,0.63785,100
novelty_ratio_all,1786078190172,34.1418,0.63767,100
novelty_ratio_all,1786078191397,34.1422,0.63747,100
novelty_ratio_all,1786078444917,34.2126,0.63749,100
novelty_ratio_all,1786078610784,34.2587,0.63769,100
novelty_ratio_all,1786078880143,34.3335,0.63826,100
novelty_ratio_all,1786078933115,34.3482,0.63822,100
novelty_ratio_all,1786079867719,34.6078,0.63785,100
novelty_ratio_all,1786080048862,34.6581,0.63753,100
novelty_ratio_all,1786080049170,34.6582,0.63746,100
novelty_ratio_all,1786080049471,34.6583,0.63744,100
novelty_ratio_all,1786080429582,34.7639,0.6379,100
novelty_ratio_all,1786080633926,34.8207,0.63768,100
novelty_ratio_all,1786080770276,34.8585,0.63788,100
novelty_ratio_all,1786080770570,34.8586,0.63852,100
novelty_ratio_all,1786080939068,34.9054,0.64012,100
novelty_ratio_all,1786081389068,35.0304,0.64006,100
novelty_ratio_all,1786081391360,35.0311,0.63943,100
novelty_ratio_all,1786081393727,35.0317,0.63967,100
novelty_ratio_all,1786081569593,35.0806,0.63998,100
novelty_ratio_all,1786081636560,35.0992,0.64044,100
novelty_ratio_all,1786081636972,35.0993,0.64078,100
novelty_ratio_all,1786081637467,35.0994,0.64105,100
novelty_ratio_all,1786081642092,35.1007,0.64073,100
novelty_ratio_all,1786081778202,35.1385,0.64065,100
novelty_ratio_all,1786081837280,35.1549,0.64071,100
novelty_ratio_all,1786081903028,35.1732,0.64087,100
novelty_ratio_all,1786082208902,35.2581,0.64076,100
novelty_ratio_all,1786082209403,35.2583,0.64085,100
novelty_ratio_all,1786082343482,35.2955,0.6405,100
novelty_ratio_all,1786082466750,35.3298,0.64163,100
novelty_ratio_all,1786082490653,35.3364,0.64177,100
novelty_ratio_all,1786082661343,35.3838,0.64203,100
novelty_ratio_all,1786082675622,35.3878,0.64201,100
novelty_ratio_all,1786082961463,35.4672,0.64223,100
novelty_ratio_all,1786083044505,35.4903,0.64227,100
novelty_ratio_all,1786083194850,35.532,0.64171,100
novelty_ratio_all,1786083347745,35.5745,0.64171,100
novelty_ratio_all,1786083372295,35.5813,0.64065,100
novelty_ratio_all,1786083704160,35.6735,0.64037,100
novelty_ratio_all,1786084033643,35.765,0.64098,100
novelty_ratio_all,1786084285608,35.835,0.64147,100
novelty_ratio_all,1786084376743,35.8603,0.63956,100
novelty_ratio_all,1786084394588,35.8653,0.64008,100
novelty_ratio_all,1786084419120,35.8721,0.64126,100
novelty_ratio_all,1786084537855,35.9051,0.64213,100
novelty_ratio_all,1786084539143,35.9054,0.64221,100
novelty_ratio_all,1786084540386,35.9058,0.64145,100
novelty_ratio_all,1786084727401,35.9577,0.64219,100
novelty_ratio_all,1786084764259,35.968,0.64277,100
novelty_ratio_all,1786084764734,35.9681,0.64246,100
novelty_ratio_all,1786084765332,35.9683,0.64186,100
novelty_ratio_all,1786084801696,35.9784,0.64221,100
novelty_ratio_all,1786084804029,35.979,0.64194,100
novelty_ratio_all,1786084806393,35.9797,0.64289,100
novelty_ratio_all,1786084808751,35.9803,0.64302,100
novelty_ratio_all,1786084846240,35.9907,0.64302,100
novelty_ratio_all,1786084865638,35.9961,0.64407,100
novelty_ratio_all,1786084866097,35.9963,0.64451,100
novelty_ratio_all,1786085178829,36.0831,0.6456,100
novelty_ratio_all,1786085259752,36.1056,0.64739,100
novelty_ratio_all,1786085564082,36.1901,0.64813,100
novelty_ratio_all,1786086104955,36.3404,0.64849,100
novelty_ratio_all,1786086186931,36.3632,0.64893,100
novelty_ratio_all,1786086258627,36.3831,0.64946,100
novelty_ratio_all,1786086277427,36.3883,0.65049,100
novelty_ratio_all,1786086801292,36.5338,0.6504,100
novelty_ratio_all,1786086803360,36.5344,0.65003,100
novelty_ratio_all,1786087279154,36.6666,0.65091,100
novelty_ratio_all,1786087287826,36.669,0.65143,100
novelty_ratio_all,1786087294617,36.6708,0.65136,100
novelty_ratio_all,1786087348239,36.6857,0.6506,100
novelty_ratio_all,1786087353168,36.6871,0.65033,100
novelty_ratio_all,1786087505241,36.7294,0.65012,100
novelty_ratio_all,1786087576660,36.7492,0.65003,100
novelty_ratio_all,1786087597463,36.755,0.64971,100
novelty_ratio_all,1786087598248,36.7552,0.64838,100
novelty_ratio_all,1786087599108,36.7554,0.64791,100
novelty_ratio_all,1786087653573,36.7706,0.64738,100
novelty_ratio_all,1786087658685,36.772,0.64664,100
novelty_ratio_all,1786087718644,36.7886,0.64643,100
novelty_ratio_all,1786087761199,36.8005,0.64626,100
novelty_ratio_all,1786087781504,36.8061,0.64499,100
novelty_ratio_all,1786087812195,36.8146,0.64476,100
novelty_ratio_all,1786087824153,36.8179,0.6443,100
novelty_ratio_all,1786087836300,36.8213,0.6437,100
novelty_ratio_all,1786087847420,36.8244,0.64378,100
novelty_ratio_all,1786088039453,36.8777,0.64286,100
novelty_ratio_all,1786088040719,36.8781,0.64042,100
novelty_ratio_all,1786088041864,36.8784,0.63982,100
novelty_ratio_all,1786088043071,36.8788,0.6395,100
novelty_ratio_all,1786088407407,36.98,0.63948,100
novelty_ratio_all,1786088409778,36.9806,0.63972,100
novelty_ratio_all,1786088573427,37.0261,0.63932,100
novelty_ratio_all,1786088594103,37.0318,0.63987,100
novelty_ratio_all,1786088600856,37.0337,0.64003,100
novelty_ratio_all,1786088874261,37.1096,0.64051,100
novelty_ratio_all,1786088908261,37.1191,0.64064,100
novelty_ratio_all,1786089122658,37.1786,0.63935,100
novelty_ratio_all,1786089140272,37.1835,0.63936,100
novelty_ratio_all,1786089202135,37.2007,0.63889,100
novelty_ratio_all,1786089323441,37.2344,0.64104,100
novelty_ratio_all,1786089352709,37.2425,0.64148,100
novelty_ratio_all,1786089421931,37.2618,0.64129,100
novelty_ratio_all,1786089532179,37.2924,0.6415,100
novelty_ratio_all,1786089573479,37.3039,0.64062,100
novelty_ratio_all,1786090355983,37.5212,0.64075,100
novelty_ratio_all,1786090421891,37.5395,0.64097,100
novelty_ratio_all,1786090450001,37.5473,0.64141,100
novelty_ratio_all,1786090478220,37.5552,0.64149,100
novelty_ratio_all,1786090517375,37.5661,0.64153,100
novelty_ratio_all,1786090528364,37.5691,0.64108,100
novelty_ratio_all,1786090541500,37.5728,0.64107,100
novelty_ratio_all,1786090560460,37.578,0.64108,100
novelty_ratio_all,1786090736018,37.6268,0.64085,100
novelty_ratio_all,1786090756725,37.6325,0.63915,100
novelty_ratio_all,1786090826056,37.6518,0.6376,100
novelty_ratio_all,1786090859945,37.6612,0.63814,100
novelty_ratio_all,1786090907716,37.6745,0.63798,100
novelty_ratio_all,1786090923961,37.679,0.63699,100
novelty_ratio_all,1786091211894,37.759,0.63623,100
novelty_ratio_all,1786091221447,37.7616,0.63598,100
novelty_ratio_all,1786091222990,37.7621,0.63588,100
novelty_ratio_all,1786091223473,37.7622,0.63611,100
novelty_ratio_all,1786091230422,37.7641,0.63612,100
novelty_ratio_all,1786091269131,37.7749,0.63551,100
novelty_ratio_all,1786091294900,37.782,0.63437,100
novelty_ratio_all,1786091307437,37.7855,0.63441,100
novelty_ratio_all,1786091368816,37.8026,0.63362,100
novelty_ratio_all,1786091459392,37.8277,0.63337,100
novelty_ratio_all,1786091474517,37.8319,0.63193,100
novelty_ratio_all,1786091479250,37.8332,0.63236,100
novelty_ratio_all,1786091485438,37.835,0.63193,100
novelty_ratio_all,1786091487337,37.8355,0.6321,100
novelty_ratio_all,1786091540103,37.8501,0.63116,100
novelty_ratio_all,1786091557506,37.855,0.63106,100
novelty_ratio_all,1786091583601,37.8622,0.62995,100
novelty_ratio_all,1786091627950,37.8745,0.62965,100
novelty_ratio_all,1786091657484,37.8828,0.63034,100
novelty_ratio_all,1786091672570,37.8869,0.63042,100
novelty_ratio_all,1786092944643,38.2403,0.62943,100
novelty_ratio_all,1786092945870,38.2406,0.62883,100
novelty_ratio_all,1786092947088,38.241,0.62875,100
novelty_ratio_all,1786093558655,38.4109,0.62961,100
novelty_ratio_all,1786093593477,38.4205,0.62941,100
novelty_ratio_all,1786093599433,38.4222,0.62964,100
novelty_ratio_all,1786093606025,38.424,0.62978,100
novelty_ratio_all,1786093680684,38.4448,0.62958,100
novelty_ratio_all,1786094639787,38.7112,0.63131,100
novelty_ratio_all,1786094959915,38.8001,0.63155,100
novelty_ratio_all,1786095039136,38.8221,0.63171,100
novelty_ratio_all,1786095099716,38.8389,0.63182,100
novelty_ratio_all,1786095227892,38.8745,0.63206,100
novelty_ratio_all,1786095311697,38.8978,0.63247,100
novelty_ratio_all,1786095312088,38.8979,0.63309,100
novelty_ratio_all,1786095404048,38.9235,0.63314,100
novelty_ratio_all,1786095604469,38.9791,0.6328,100
novelty_ratio_all,1786096304672,39.1736,0.63149,100
novelty_ratio_all,1786096403696,39.2011,0.63119,100
novelty_ratio_all,1786096930302,39.3474,0.63147,100
novelty_ratio_all,1786097226474,39.4297,0.63126,100
novelty_ratio_all,1786097258787,39.4387,0.63075,100
novelty_ratio_all,1786097438987,39.4887,0.63055,100
novelty_ratio_all,1786097441623,39.4895,0.63132,100
novelty_ratio_all,1786097442943,39.4898,0.63111,100
novelty_ratio_all,1786097444269,39.4902,0.62952,100
novelty_ratio_all,1786097445648,39.4906,0.6293,100
novelty_ratio_all,1786097449667,39.4917,0.62938,100
novelty_ratio_all,1786097469270,39.4971,0.62882,100
novelty_ratio_all,1786097707046,39.5632,0.62864,100
novelty_ratio_all,1786097728413,39.5691,0.62802,100
novelty_ratio_all,1786097959297,39.6333,0.62826,100
novelty_ratio_all,1786098185052,39.696,0.62902,100
novelty_ratio_all,1786098630087,39.8196,0.62905,100
novelty_ratio_all,1786098645720,39.8239,0.62889,100
novelty_ratio_all,1786098749003,39.8526,0.62892,100
novelty_ratio_all,1786099207488,39.98,0.62966,100
novelty_ratio_all,1786099267205,39.9966,0.62995,100
novelty_ratio_all,1786099398842,40.0331,0.63062,100
novelty_ratio_all,1786099924520,40.1792,0.63091,100
novelty_ratio_all,1786100764434,40.4125,0.6307,100
novelty_ratio_all,1786100909127,40.4527,0.63115,100
novelty_ratio_all,1786100963072,40.4676,0.63187,100
novelty_ratio_all,1786101043796,40.4901,0.63111,100
novelty_ratio_all,1786102198763,40.8109,0.63083,100
novelty_ratio_all,1786102474308,40.8874,0.6315,100
novelty_ratio_all,1786102677406,40.9438,0.63193,100
novelty_ratio_all,1786102810686,40.9809,0.63184,100
novelty_ratio_all,1786102863770,40.9956,0.63213,100
novelty_ratio_all,1786102872448,40.998,0.63287,100
novelty_ratio_all,1786102943161,41.0177,0.63391,100
novelty_ratio_all,1786103178395,41.083,0.63208,100
novelty_ratio_all,1786103365804,41.1351,0.6315,100
novelty_ratio_all,1786103542551,41.1842,0.63112,100
novelty_ratio_all,1786103570340,41.1919,0.62985,100
novelty_ratio_all,1786103901746,41.2839,0.62999,100
novelty_ratio_all,1786104172385,41.3591,0.62867,100
novelty_ratio_all,1786104179227,41.361,0.62817,100
novelty_ratio_all,1786104186422,41.363,0.629,100
novelty_ratio_all,1786104190692,41.3642,0.62894,100
novelty_ratio_all,1786104206966,41.3687,0.62917,100
novelty_ratio_all,1786104431151,41.431,0.62714,100
novelty_ratio_all,1786104676382,41.4991,0.62675,100
novelty_ratio_all,1786104677271,41.4994,0.62677,100
novelty_ratio_all,1786104715604,41.51,0.63188,100
novelty_ratio_all,1786104759102,41.5221,0.63221,100
novelty_ratio_all,1786104846153,41.5463,0.63232,100
novelty_ratio_all,1786104846330,41.5463,0.63247,100
novelty_ratio_all,1786104846503,41.5464,0.63218,100
novelty_ratio_all,1786104944191,41.5735,0.63234,100
novelty_ratio_all,1786104944614,41.5736,0.63233,100
novelty_ratio_all,1786104945012,41.5737,0.63156,100
novelty_ratio_all,1786104945444,41.5739,0.63144,100
novelty_ratio_all,1786105216345,41.6491,0.63156,100
novelty_ratio_all,1786105714133,41.7874,0.63507,100
novelty_ratio_all,1786105758871,41.7998,0.63652,100
novelty_ratio_all,1786105792952,41.8093,0.63838,100
novelty_ratio_all,1786106291442,41.9477,0.6387,100
novelty_ratio_all,1786106319090,41.9554,0.63891,100
novelty_ratio_all,1786106409482,41.9805,0.63943,100
novelty_ratio_all,1786106441306,41.9894,0.63988,100
novelty_ratio_all,1786106584969,42.0293,0.64087,100
novelty_ratio_all,1786106603026,42.0343,0.64148,100
novelty_ratio_all,1786106603319,42.0344,0.64217,100
novelty_ratio_all,1786106603595,42.0345,0.64259,100
novelty_ratio_all,1786106603878,42.0345,0.64364,100
novelty_ratio_all,1786106706663,42.0631,0.64468,100
novelty_ratio_all,1786106707568,42.0633,0.64468,100
novelty_ratio_all,1786106852793,42.1037,0.64352,100
novelty_ratio_all,1786106872492,42.1091,0.64239,100
novelty_ratio_all,1786106954097,42.1318,0.64209,100
novelty_ratio_all,1786107026491,42.1519,0.64176,100
novelty_ratio_all,1786107052344,42.1591,0.64265,100
novelty_ratio_all,1786107117033,42.1771,0.64283,100
novelty_ratio_all,1786107122639,42.1786,0.64413,100
novelty_ratio_all,1786107233105,42.2093,0.644,100
novelty_ratio_all,1786107234405,42.2097,0.64387,100
novelty_ratio_all,1786107286571,42.2242,0.64439,100
novelty_ratio_all,1786107319003,42.2332,0.64481,100
novelty_ratio_all,1786107393565,42.2539,0.64398,100
novelty_ratio_all,1786107469259,42.2749,0.64372,100
novelty_ratio_all,1786107516882,42.2881,0.64405,100
novelty_ratio_all,1786107546607,42.2964,0.64374,100
novelty_ratio_all,1786107562649,42.3009,0.64313,100
novelty_ratio_all,1786107565593,42.3017,0.64296,100
novelty_ratio_all,1786107573743,42.3039,0.64309,100
novelty_ratio_all,1786107574389,42.3041,0.64347,100
novelty_ratio_all,1786107580591,42.3058,0.6436,100
novelty_ratio_all,1786107590594,42.3086,0.64202,100
novelty_ratio_all,1786107678621,42.3331,0.64178,100
novelty_ratio_all,1786107836567,42.3769,0.64197,100
novelty_ratio_all,1786107858551,42.3831,0.64185,100
novelty_ratio_all,1786108076343,42.4435,0.64101,100
novelty_ratio_all,1786108092079,42.4479,0.64093,100
novelty_ratio_all,1786108192209,42.4757,0.64062,100
novelty_ratio_all,1786108296605,42.5047,0.64115,100
novelty_ratio_all,1786108711115,42.6199,0.6412,100
novelty_ratio_all,1786109073868,42.7206,0.6424,100
novelty_ratio_all,1786109109875,42.7306,0.64286,100
novelty_ratio_all,1786109115736,42.7323,0.643,100
novelty_ratio_all,1786109119607,42.7333,0.64312,100
novelty_ratio_all,1786109123352,42.7344,0.64301,100
novelty_ratio_all,1786109138442,42.7386,0.64306,100
novelty_ratio_all,1786109143236,42.7399,0.64285,100
novelty_ratio_all,1786109150289,42.7419,0.64275,100
novelty_ratio_all,1786109154400,42.743,0.6427,100
novelty_ratio_all,1786109195809,42.7545,0.64294,100
novelty_ratio_all,1786109197071,42.7549,0.64317,100
novelty_ratio_all,1786109197343,42.7549,0.6426,100
novelty_ratio_all,1786109259638,42.7722,0.64268,100
novelty_ratio_all,1786109278375,42.7774,0.64426,100
novelty_ratio_all,1786109299809,42.7834,0.64532,100
novelty_ratio_all,1786109300071,42.7835,0.64427,100
novelty_ratio_all,1786109400350,42.8113,0.64352,100
novelty_ratio_all,1786109540326,42.8502,0.64132,100
novelty_ratio_all,1786109541095,42.8504,0.64131,100
novelty_ratio_all,1786109541943,42.8507,0.6398,100
novelty_ratio_all,1786109695812,42.8934,0.64038,100
novelty_ratio_all,1786109834865,42.932,0.6407,100
novelty_ratio_all,1786109840361,42.9336,0.64106,100
novelty_ratio_all,1786109841235,42.9338,0.64155,100
novelty_ratio_all,1786109842184,42.9341,0.64012,100
novelty_ratio_all,1786109950491,42.9641,0.63999,100
novelty_ratio_all,1786110052161,42.9924,0.64165,100
novelty_ratio_all,1786110133828,43.0151,0.64227,100
novelty_ratio_all,1786110147055,43.0187,0.64561,100
novelty_ratio_all,1786110218949,43.0387,0.64603,100
novelty_ratio_all,1786110247996,43.0468,0.64713,100
novelty_ratio_all,1786110248526,43.0469,0.64718,100
novelty_ratio_all,1786110249048,43.0471,0.64711,100
novelty_ratio_all,1786110249615,43.0472,0.64708,100
novelty_ratio_all,1786110382309,43.0841,0.64988,100
novelty_ratio_all,1786110383625,43.0845,0.65097,100
novelty_ratio_all,1786110384180,43.0846,0.65186,100
novelty_ratio_all,1786110384718,43.0848,0.65349,100
novelty_ratio_all,1786110385234,43.0849,0.6533,100
novelty_ratio_all,1786110385805,43.0851,0.65458,100
novelty_ratio_all,1786110386335,43.0852,0.65571,100
novelty_ratio_all,1786110386888,43.0854,0.65531,100
novelty_ratio_all,1786110387432,43.0855,0.65516,100
novelty_ratio_all,1786110387963,43.0857,0.65536,100
novelty_ratio_all,1786110525301,43.1238,0.65442,100
novelty_ratio_all,1786110525613,43.1239,0.65469,100
novelty_ratio_all,1786110545600,43.1295,0.65465,100
novelty_ratio_all,1786110650618,43.1586,0.64678,100
novelty_ratio_all,1786110660206,43.1613,0.64626,100
novelty_ratio_all,1786110660500,43.1614,0.6462,100
novelty_ratio_all,1786110660818,43.1615,0.6465,100
novelty_ratio_all,1786110729649,43.1806,0.64686,100
novelty_ratio_all,1786110730161,43.1807,0.64679,100
novelty_ratio_all,1786110730806,43.1809,0.6468,100
novelty_ratio_all,1786110731298,43.181,0.64803,100
novelty_ratio_all,1786110851931,43.2145,0.64853,100
novelty_ratio_all,1786110886338,43.2241,0.64782,100
novelty_ratio_all,1786110886639,43.2242,0.64218,100
novelty_ratio_all,1786110886958,43.2243,0.63912,100
novelty_ratio_all,1786111069803,43.2751,0.63889,100
novelty_ratio_all,1786111152539,43.298,0.63844,100
novelty_ratio_all,1786111228367,43.3191,0.63856,100
novelty_ratio_all,1786111247910,43.3245,0.63932,100
novelty_ratio_all,1786111337097,43.3493,0.63842,100
novelty_ratio_all,1786111346629,43.352,0.63669,100
novelty_ratio_all,1786111350915,43.3532,0.63619,100
novelty_ratio_all,1786111436163,43.3768,0.6362,100
novelty_ratio_all,1786111451220,43.381,0.6352,100
novelty_ratio_all,1786111461781,43.3839,0.6349,100
novelty_ratio_all,1786111489177,43.3916,0.63481,100
novelty_ratio_all,1786111600067,43.4224,0.63533,100
novelty_ratio_all,1786111843188,43.4899,0.63763,100
novelty_ratio_all,1786111902908,43.5065,0.63918,100
novelty_ratio_all,1786112127719,43.5689,0.6392,100
novelty_ratio_all,1786112127992,43.569,0.63918,100
novelty_ratio_all,1786112131901,43.5701,0.63875,100
novelty_ratio_all,1786112141171,43.5727,0.63738,100
novelty_ratio_all,1786112193174,43.5871,0.63749,100
novelty_ratio_all,1786112540060,43.6835,0.63795,100
novelty_ratio_all,1786112571050,43.6921,0.63838,100
novelty_ratio_all,1786112887394,43.78,0.63792,100
novelty_ratio_all,1786112894665,43.782,0.63782,100
novelty_ratio_all,1786113176272,43.8602,0.63714,100
novelty_ratio_all,1786113177032,43.8604,0.6354,100
novelty_ratio_all,1786113177572,43.8606,0.63306,100
novelty_ratio_all,1786113186329,43.863,0.63307,100
novelty_ratio_all,1786113192177,43.8646,0.63161,100
novelty_ratio_all,1786113335465,43.9044,0.63161,100
novelty_ratio_all,1786113728535,44.0136,0.63148,100
novelty_ratio_all,1786114159293,44.1333,0.63046,100
novelty_ratio_all,1786114475446,44.2211,0.63076,100
novelty_ratio_all,1786114699656,44.2834,0.62994,100
novelty_ratio_all,1786114964821,44.357,0.63025,100
novelty_ratio_all,1786115079330,44.3888,0.63017,100
novelty_ratio_all,1786115079905,44.389,0.63133,100
novelty_ratio_all,1786115532289,44.5146,0.63184,100
novelty_ratio_all,1786115532897,44.5148,0.63173,100
novelty_ratio_all,1786115550310,44.5196,0.63107,100
novelty_ratio_all,1786115579762,44.5278,0.63104,100
novelty_ratio_all,1786115669443,44.5527,0.6315,100
novelty_ratio_all,1786115696367,44.5602,0.63058,100
novelty_ratio_all,1786115784949,44.5848,0.63035,100
novelty_ratio_all,1786115785139,44.5849,0.62966,100
novelty_ratio_all,1786115785326,44.5849,0.62916,100
novelty_ratio_all,1786115785511,44.585,0.6289,100
novelty_ratio_all,1786115867209,44.6077,0.63253,100
novelty_ratio_all,1786115984047,44.6401,0.63211,100
novelty_ratio_all,1786115987611,44.6411,0.63153,100
novelty_ratio_all,1786115991138,44.6421,0.63082,100
novelty_ratio_all,1786115992266,44.6424,0.63054,100
novelty_ratio_all,1786115992573,44.6425,0.63039,100
novelty_ratio_all,1786116063948,44.6623,0.63097,100
novelty_ratio_all,1786116236320,44.7102,0.63241,100
novelty_ratio_all,1786116376509,44.7491,0.63224,100
novelty_ratio_all,1786116758855,44.8554,0.63124,100
novelty_ratio_all,1786116806820,44.8687,0.63199,100
novelty_ratio_all,1786116814879,44.8709,0.6331,100
novelty_ratio_all,1786116822972,44.8732,0.63566,100
novelty_ratio_all,1786116830514,44.8753,0.63622,100
novelty_ratio_all,1786116837014,44.8771,0.63807,100
novelty_ratio_all,1786117510404,45.0641,0.63842,100
novelty_ratio_all,1786117603732,45.09,0.6384,100
novelty_ratio_all,1786117603962,45.0901,0.63837,100
novelty_ratio_all,1786117604131,45.0902,0.63878,100
novelty_ratio_all,1786117604303,45.0902,0.64019,100
novelty_ratio_all,1786117604466,45.0902,0.64084,100
novelty_ratio_all,1786117914378,45.1763,0.6401,100
novelty_ratio_all,1786117915241,45.1766,0.63831,100
novelty_ratio_all,1786118250472,45.2697,0.63386,100
novelty_ratio_all,1786118393776,45.3095,0.63641,100
novelty_ratio_all,1786118742121,45.4063,0.63631,100
novelty_ratio_all,1786119012751,45.4814,0.63627,100
novelty_ratio_all,1786119025651,45.485,0.63652,100
novelty_ratio_all,1786119026106,45.4851,0.63682,100
novelty_ratio_all,1786119301256,45.5616,0.63857,100
novelty_ratio_all,1786119648758,45.6581,0.63814,100
novelty_ratio_all,1786119698109,45.6718,0.63823,100
novelty_ratio_all,1786119742488,45.6841,0.63825,100
novelty_ratio_all,1786119745641,45.685,0.63737,100
novelty_ratio_all,1786119748845,45.6859,0.63722,100
novelty_ratio_all,1786119751984,45.6868,0.63721,100
novelty_ratio_all,1786120068122,45.7746,0.63691,100
novelty_ratio_all,1786120069058,45.7749,0.63801,100
novelty_ratio_all,1786120069935,45.7751,0.63787,100
novelty_ratio_all,1786120070674,45.7753,0.6409,100
novelty_ratio_all,1786120267267,45.8299,0.64067,100
novelty_ratio_all,1786120267298,45.8299,0.6407,100
novelty_ratio_all,1786120267306,45.8299,0.64047,100
novelty_ratio_all,1786120654535,45.9375,0.64056,100
novelty_ratio_all,1786120661573,45.9394,0.64041,100
novelty_ratio_all,1786120717773,45.9551,0.63957,100
novelty_ratio_all,1786120938418,46.0163,0.63923,100
novelty_ratio_all,1786120951951,46.0201,0.63903,100
novelty_ratio_all,1786120981360,46.0283,0.64294,100
novelty_ratio_all,1786121019067,46.0387,0.64327,100
novelty_ratio_all,1786121037718,46.0439,0.64286,100
novelty_ratio_all,1786121042202,46.0452,0.64266,100
novelty_ratio_all,1786121046713,46.0464,0.64168,100
novelty_ratio_all,1786121051242,46.0477,0.64014,100
novelty_ratio_all,1786121055725,46.0489,0.64029,100
novelty_ratio_all,1786121288891,46.1137,0.6412,100
novelty_ratio_all,1786121289272,46.1138,0.64139,100
novelty_ratio_all,1786121289468,46.1139,0.64113,100
novelty_ratio_all,1786121292846,46.1148,0.64125,100
novelty_ratio_all,1786121371017,46.1365,0.64145,100
novelty_ratio_all,1786121622888,46.2065,0.64172,100
novelty_ratio_all,1786121623163,46.2066,0.64092,100
novelty_ratio_all,1786121636327,46.2102,0.64065,100
novelty_ratio_all,1786121657860,46.2162,0.64042,100
novelty_ratio_all,1786121658691,46.2164,0.64038,100
novelty_ratio_all,1786121689213,46.2249,0.63955,100
novelty_ratio_all,1786121849404,46.2694,0.6401,100
novelty_ratio_all,1786121969899,46.3029,0.63985,100
novelty_ratio_all,1786122197273,46.366,0.64025,100
novelty_ratio_all,1786122224355,46.3736,0.64037,100
novelty_ratio_all,1786122405758,46.4239,0.6405,100
novelty_ratio_all,1786122406127,46.424,0.64127,100
novelty_ratio_all,1786122445173,46.4349,0.64109,100
novelty_ratio_all,1786122471145,46.4421,0.64124,100
novelty_ratio_all,1786122471469,46.4422,0.64173,100
novelty_ratio_all,1786122521107,46.456,0.64161,100
novelty_ratio_all,1786122676140,46.499,0.64124,100
novelty_ratio_all,1786123045688,46.6017,0.64231,100
novelty_ratio_all,1786123056918,46.6048,0.64328,100
novelty_ratio_all,1786123065722,46.6073,0.64433,100
novelty_ratio_all,1786123089660,46.6139,0.64411,100
novelty_ratio_all,1786123089771,46.6139,0.64438,100
novelty_ratio_all,1786123306949,46.6743,0.64479,100
novelty_ratio_all,1786123352663,46.687,0.64525,100
novelty_ratio_all,1786123367218,46.691,0.64474,100
novelty_ratio_all,1786123467125,46.7188,0.64453,100
novelty_ratio_all,1786123533610,46.7372,0.64453,100
novelty_ratio_all,1786123569714,46.7473,0.64233,100
novelty_ratio_all,1786124344597,46.9625,0.64168,100
novelty_ratio_all,1786124352515,46.9647,0.64104,100
novelty_ratio_all,1786124601155,47.0338,0.64193,100
novelty_ratio_all,1786124693660,47.0595,0.64178,100
novelty_ratio_all,1786124783890,47.0845,0.64218,100
novelty_ratio_all,1786124784484,47.0847,0.64212,100
novelty_ratio_all,1786124785076,47.0849,0.64186,100
novelty_ratio_all,1786124824842,47.0959,0.64188,100
novelty_ratio_all,1786125288304,47.2246,0.64203,100
novelty_ratio_all,1786125403893,47.2568,0.64187,100
novelty_ratio_all,1786125593284,47.3094,0.6416,100
novelty_ratio_all,1786125597156,47.3104,0.64122,100
novelty_ratio_all,1786125662805,47.3287,0.63939,100
novelty_ratio_all,1786126211588,47.4811,0.63891,100
novelty_ratio_all,1786126371849,47.5256,0.63942,100
novelty_ratio_all,1786126510054,47.564,0.63987,100
novelty_ratio_all,1786127033045,47.7093,0.63965,100
novelty_ratio_all,1786127138805,47.7387,0.63936,100
novelty_ratio_all,1786127215985,47.7601,0.63939,100
novelty_ratio_all,1786127222206,47.7618,0.63884,100
novelty_ratio_all,1786127441392,47.8227,0.6387,100
novelty_ratio_all,1786127532168,47.8479,0.63851,100
novelty_ratio_all,1786127731398,47.9033,0.63826,100
novelty_ratio_all,1786127755318,47.9099,0.64063,100
novelty_ratio_all,1786127777528,47.9161,0.64175,100
novelty_ratio_all,1786127957798,47.9662,0.64265,100
novelty_ratio_all,1786128110848,48.0087,0.64118,100
novelty_ratio_all,1786128160737,48.0225,0.64061,100
novelty_ratio_all,1786128182749,48.0287,0.63959,100
novelty_ratio_all,1786128540929,48.1282,0.63949,100
novelty_ratio_all,1786128726484,48.1797,0.63946,100
novelty_ratio_all,1786128813912,48.204,0.63996,100
novelty_ratio_all,1786128839920,48.2112,0.63973,100
novelty_ratio_all,1786128906394,48.2297,0.63991,100
novelty_ratio_all,1786128906585,48.2297,0.6408,100
novelty_ratio_all,1786128906776,48.2298,0.64115,100
novelty_ratio_all,1786128906981,48.2298,0.63941,100
novelty_ratio_all,1786129000752,48.2559,0.64013,100
novelty_ratio_all,1786129006831,48.2576,0.64043,100
novelty_ratio_all,1786129240151,48.3224,0.64051,100
novelty_ratio_all,1786129272245,48.3313,0.64015,100
novelty_ratio_all,1786129272726,48.3314,0.63894,100
novelty_ratio_all,1786129282664,48.3342,0.63924,100
novelty_ratio_all,1786129287366,48.3355,0.63963,100
novelty_ratio_all,1786129329137,48.3471,0.63919,100
novelty_ratio_all,1786129357780,48.3551,0.63978,100
novelty_ratio_all,1786129361742,48.3562,0.63955,100
novelty_ratio_all,1786129393769,48.3651,0.63896,100
novelty_ratio_all,1786129407651,48.3689,0.63864,100
novelty_ratio_all,1786129466052,48.3851,0.63695,100
novelty_ratio_all,1786129674933,48.4432,0.63668,100
novelty_ratio_all,1786129794653,48.4764,0.63569,100
novelty_ratio_all,1786129977106,48.5271,0.63491,100
novelty_ratio_all,1786129977730,48.5273,0.63486,100
novelty_ratio_all,1786129978298,48.5274,0.63477,100
novelty_ratio_all,1786130140306,48.5724,0.63444,100
novelty_ratio_all,1786130173421,48.5816,0.63571,100
novelty_ratio_all,1786130553842,48.6873,0.63642,100
novelty_ratio_all,1786130584857,48.6959,0.63664,100
novelty_ratio_all,1786130670699,48.7198,0.63667,100
novelty_ratio_all,1786130862646,48.7731,0.63282,100
novelty_ratio_all,1786131020827,48.817,0.6333,100
novelty_ratio_all,1786131021096,48.8171,0.63395,100
novelty_ratio_all,1786131021360,48.8172,0.63437,100
novelty_ratio_all,1786131053408,48.8261,0.63518,100
novelty_ratio_all,1786131129001,48.8471,0.63674,100
novelty_ratio_all,1786131333171,48.9038,0.63691,100
novelty_ratio_all,1786131333675,48.9039,0.63625,100
novelty_ratio_all,1786131517067,48.9549,0.63594,100
novelty_ratio_all,1786131517557,48.955,0.63605,100
novelty_ratio_all,1786131885633,49.0572,0.63651,100
novelty_ratio_all,1786131999854,49.089,0.63676,100
novelty_ratio_all,1786132100587,49.1169,0.63555,100
novelty_ratio_all,1786132105097,49.1182,0.63702,100
novelty_ratio_all,1786132302036,49.1729,0.63987,100
novelty_ratio_all,1786132361068,49.1893,0.64036,100
novelty_ratio_all,1786132742018,49.2951,0.64044,100
novelty_ratio_all,1786132742541,49.2953,0.6413,100
novelty_ratio_all,1786132743036,49.2954,0.64131,100
novelty_ratio_all,1786132743538,49.2955,0.64165,100
novelty_ratio_all,1786132744042,49.2957,0.6418,100
novelty_ratio_all,1786132788601,49.3081,0.64114,100
novelty_ratio_all,1786132789002,49.3082,0.63999,100
novelty_ratio_all,1786133167825,49.4134,0.63939,100
novelty_ratio_all,1786133241561,49.4339,0.63938,100
novelty_ratio_all,1786133253423,49.4372,0.63918,100
novelty_ratio_all,1786133677468,49.555,0.63931,100
novelty_ratio_all,1786133944478,49.6291,0.63939,100
novelty_ratio_all,1786133956843,49.6326,0.6396,100
novelty_ratio_all,1786133970361,49.6363,0.64001,100
novelty_ratio_all,1786134028724,49.6525,0.64028,100
novelty_ratio_all,1786134048266,49.658,0.64012,100
novelty_ratio_all,1786134076718,49.6659,0.64043,100
novelty_ratio_all,1786134571127,49.8032,0.64084,100
novelty_ratio_all,1786134665856,49.8295,0.64113,100
novelty_ratio_all,1786135034472,49.9319,0.64082,100
novelty_ratio_all,1786135096060,49.949,0.64141,100
novelty_ratio_all,1786135227038,49.9854,0.64163,100
novelty_ratio_all,1786136045381,50.2127,0.64294,100
novelty_ratio_all,1786136046972,50.2132,0.64491,100
novelty_ratio_all,1786136508098,50.3413,0.64547,100
novelty_ratio_all,1786136508733,50.3414,0.64583,100
novelty_ratio_all,1786136558805,50.3553,0.64534,100
novelty_ratio_all,1786136844086,50.4346,0.64552,100
novelty_ratio_all,1786137572856,50.637,0.64554,100
novelty_ratio_all,1786137573197,50.6371,0.64552,100
novelty_ratio_all,1786137573468,50.6372,0.64568,100
novelty_ratio_all,1786137573754,50.6373,0.64558,100
novelty_ratio_all,1786137583639,50.64,0.64587,100
novelty_ratio_all,1786137761178,50.6893,0.64676,100
novelty_ratio_all,1786137813737,50.7039,0.64725,100
novelty_ratio_all,1786137984131,50.7513,0.64828,100
novelty_ratio_all,1786138174736,50.8042,0.64853,100
novelty_ratio_all,1786138175191,50.8043,0.64996,100
novelty_ratio_all,1786138175700,50.8045,0.65013,100
novelty_ratio_all,1786138461966,50.884,0.65062,100
novelty_ratio_all,1786138462189,50.8841,0.65074,100
novelty_ratio_all,1786138505834,50.8962,0.65145,100
novelty_ratio_all,1786138617163,50.9271,0.65127,100
novelty_ratio_all,1786138887447,51.0022,0.6511,100
novelty_ratio_all,1786138928449,51.0136,0.65081,100
novelty_ratio_all,1786138928845,51.0137,0.65074,100
novelty_ratio_all,1786138929307,51.0138,0.65077,100
novelty_ratio_all,1786139060023,51.0501,0.64883,100
novelty_ratio_all,1786139060528,51.0503,0.64809,100
novelty_ratio_all,1786139060953,51.0504,0.64726,100
novelty_ratio_all,1786139434877,51.1543,0.64884,100
novelty_ratio_all,1786139435032,51.1543,0.6491,100
novelty_ratio_all,1786139518178,51.1774,0.64995,100
novelty_ratio_all,1786139617339,51.2049,0.64868,100
novelty_ratio_all,1786139732626,51.237,0.64894,100
novelty_ratio_all,1786139733112,51.2371,0.64825,100
novelty_ratio_all,1786139851999,51.2701,0.64838,100
novelty_ratio_all,1786140203912,51.3679,0.6484,100
novelty_ratio_all,1786140368108,51.4135,0.64541,100
novelty_ratio_all,1786140885683,51.5573,0.64435,100
novelty_ratio_all,1786141134677,51.6264,0.64372,100
novelty_ratio_all,1786141835609,51.8211,0.64318,100
novelty_ratio_all,1786142677265,52.0549,0.64314,100
novelty_ratio_all,1786142743798,52.0734,0.64324,100
novelty_ratio_all,1786142958891,52.1331,0.64355,100
novelty_ratio_all,1786143697833,52.3384,0.64346,100
novelty_ratio_all,1786143742063,52.3507,0.64334,100
novelty_ratio_all,1786143742785,52.3509,0.64283,100
novelty_ratio_all,1786143743554,52.3511,0.64328,100
novelty_ratio_all,1786143777999,52.3607,0.6434,100
novelty_ratio_all,1786143778814,52.3609,0.64391,100
novelty_ratio_all,1786143779491,52.3611,0.64433,100
novelty_ratio_all,1786143977718,52.4162,0.64446,100
novelty_ratio_all,1786144034097,52.4318,0.64482,100
novelty_ratio_all,1786144039177,52.4332,0.64522,100
novelty_ratio_all,1786145335821,52.7934,0.64417,100
novelty_ratio_all,1786145336227,52.7935,0.64491,100
novelty_ratio_all,1786145336632,52.7936,0.64477,100
novelty_ratio_all,1786145409904,52.814,0.64535,100
novelty_ratio_all,1786145683466,52.89,0.64731,100
novelty_ratio_all,1786145751173,52.9088,0.64598,100
novelty_ratio_all,1786145752428,52.9091,0.64613,100
novelty_ratio_all,1786145784189,52.9179,0.64593,100
novelty_ratio_all,1786145993325,52.976,0.64627,100
novelty_ratio_all,1786146112082,53.009,0.64714,100
novelty_ratio_all,1786147025473,53.2628,0.6467,100
novelty_ratio_all,1786147209705,53.3139,0.64734,100
novelty_ratio_all,1786147262198,53.3285,0.65001,100
novelty_ratio_all,1786147265518,53.3294,0.65009,100
novelty_ratio_all,1786147266665,53.3297,0.65018,100
novelty_ratio_all,1786147267806,53.3301,0.65006,100
novelty_ratio_all,1786147324069,53.3457,0.65007,100
novelty_ratio_all,1786147367074,53.3576,0.65092,100
novelty_ratio_all,1786147406864,53.3687,0.64991,100
novelty_ratio_all,1786147445854,53.3795,0.65013,100
novelty_ratio_all,1786147462373,53.3841,0.64992,100
novelty_ratio_all,1786147477407,53.3883,0.65129,100
novelty_ratio_all,1786147545328,53.4072,0.65115,100
novelty_ratio_all,1786147570859,53.4142,0.64903,100
novelty_ratio_all,1786147586619,53.4186,0.64891,100
novelty_ratio_all,1786147887427,53.5022,0.64927,100
novelty_ratio_all,1786147924577,53.5125,0.6488,100
novelty_ratio_all,1786147955446,53.5211,0.64908,100
novelty_ratio_all,1786147976281,53.5269,0.64868,100
novelty_ratio_all,1786147977200,53.5271,0.64825,100
novelty_ratio_all,1786148228422,53.5969,0.64925,100
novelty_ratio_all,1786148407273,53.6466,0.6508,100
novelty_ratio_all,1786148411261,53.6477,0.65157,100
novelty_ratio_all,1786148479071,53.6665,0.65177,100
novelty_ratio_all,1786148490568,53.6697,0.65214,100
novelty_ratio_all,1786148967058,53.8021,0.64848,100
novelty_ratio_all,1786149122446,53.8452,0.64994,100
novelty_ratio_all,1786149203240,53.8677,0.65063,100
novelty_ratio_all,1786149236412,53.8769,0.64969,100
novelty_ratio_all,1786149274281,53.8874,0.64964,100
novelty_ratio_all,1786149285450,53.8905,0.64946,100
novelty_ratio_all,1786149286156,53.8907,0.64904,100
novelty_ratio_all,1786149286848,53.8909,0.64869,100
novelty_ratio_all,1786149287546,53.8911,0.64837,100
novelty_ratio_all,1786149288284,53.8913,0.64791,100
novelty_ratio_all,1786149288964,53.8915,0.64677,100
novelty_ratio_all,1786149289588,53.8917,0.64475,100
novelty_ratio_all,1786149290260,53.8919,0.64134,100
novelty_ratio_all,1786149291132,53.8921,0.63962,100
novelty_ratio_all,1786149291871,53.8923,0.63738,100
novelty_ratio_all,1786149293135,53.8927,0.63587,100
novelty_ratio_all,1786149293820,53.8928,0.63341,100
novelty_ratio_all,1786149294561,53.8931,0.63175,100
novelty_ratio_all,1786149295215,53.8932,0.6313,100
novelty_ratio_all,1786149295934,53.8934,0.62967,100
novelty_ratio_all,1786149296619,53.8936,0.62972,100
novelty_ratio_all,1786149297356,53.8938,0.62759,100
novelty_ratio_all,1786149297988,53.894,0.62645,100
novelty_ratio_all,1786149298661,53.8942,0.6233,100
novelty_ratio_all,1786149299385,53.8944,0.62167,100
novelty_ratio_all,1786149320430,53.9002,0.6209,100
novelty_ratio_all,1786149329396,53.9027,0.62116,100
novelty_ratio_all,1786149378424,53.9163,0.62127,100
novelty_ratio_all,1786149420789,53.9281,0.6214,100
novelty_ratio_all,1786149425521,53.9294,0.62147,100
novelty_ratio_all,1786149462269,53.9396,0.623,100
novelty_ratio_all,1786149579876,53.9723,0.62276,100
novelty_ratio_all,1786149680885,54.0004,0.62198,100
novelty_ratio_all,1786149702457,54.0064,0.62103,100
novelty_ratio_all,1786149765541,54.0239,0.62096,100
novelty_ratio_all,1786149774023,54.0262,0.62073,100
novelty_ratio_all,1786149783564,54.0289,0.62037,100
novelty_ratio_all,1786149852792,54.0481,0.61983,100
novelty_ratio_all,1786149856419,54.0491,0.61887,100
novelty_ratio_all,1786149901069,54.0615,0.62047,100
novelty_ratio_all,1786149930318,54.0697,0.6211,100
novelty_ratio_all,1786149939563,54.0722,0.62103,100
novelty_ratio_all,1786149965065,54.0793,0.62062,100
novelty_ratio_all,1786149973932,54.0818,0.62087,100
novelty_ratio_all,1786149982457,54.0841,0.61954,100
novelty_ratio_all,1786150032362,54.098,0.6198,100
novelty_ratio_all,1786150066575,54.1075,0.61974,100
novelty_ratio_all,1786150067336,54.1077,0.61964,100
novelty_ratio_all,1786150068072,54.1079,0.62321,100
novelty_ratio_all,1786150068811,54.1081,0.62434,100
novelty_ratio_all,1786150101254,54.1171,0.62451,100
novelty_ratio_all,1786150108243,54.1191,0.62909,100
novelty_ratio_all,1786150109272,54.1194,0.62839,100
novelty_ratio_all,1786150120438,54.1225,0.62789,100
novelty_ratio_all,1786150127642,54.1245,0.62768,100
novelty_ratio_all,1786150150450,54.1308,0.62786,100
novelty_ratio_all,1786150159604,54.1333,0.62791,100
novelty_ratio_all,1786150208892,54.147,0.6291,100
novelty_ratio_all,1786150287350,54.1688,0.63088,100
novelty_ratio_all,1786150461898,54.2173,0.63063,100
novelty_ratio_all,1786150500982,54.2282,0.62834,100
novelty_ratio_all,1786150501725,54.2284,0.62818,100
novelty_ratio_all,1786150502333,54.2285,0.62882,100
novelty_ratio_all,1786150530291,54.2363,0.62937,100
novelty_ratio_all,1786150676876,54.277,0.62994,100
novelty_ratio_all,1786150839177,54.3221,0.63163,100
novelty_ratio_all,1786150893473,54.3372,0.63187,100
novelty_ratio_all,1786150936906,54.3493,0.63294,100
novelty_ratio_all,1786150967291,54.3577,0.63251,100
novelty_ratio_all,1786150970747,54.3587,0.63043,100
novelty_ratio_all,1786151115783,54.3989,0.63061,100
novelty_ratio_all,1786151116392,54.3991,0.62959,100
novelty_ratio_all,1786151498926,54.5054,0.6308,100
novelty_ratio_all,1786151614217,54.5374,0.63036,100
novelty_ratio_all,1786151615762,54.5378,0.62988,100
novelty_ratio_all,1786151647637,54.5467,0.62943,100
novelty_ratio_all,1786151689340,54.5583,0.62808,100
novelty_ratio_all,1786151691956,54.559,0.62336,100
novelty_ratio_all,1786151741061,54.5726,0.62446,100
novelty_ratio_all,1786151945843,54.6295,0.62465,100
novelty_ratio_all,1786152058923,54.6609,0.62472,100
novelty_ratio_all,1786152095432,54.6711,0.62543,100
novelty_ratio_all,1786152646624,54.8242,0.62404,100
novelty_ratio_all,1786152686543,54.8353,0.6256,100
novelty_ratio_all,1786152727101,54.8465,0.63045,100
novelty_ratio_all,1786152769024,54.8582,0.63144,100
novelty_ratio_all,1786152822231,54.873,0.63113,100
novelty_ratio_all,1786152844541,54.8792,0.63182,100
novelty_ratio_all,1786152845386,54.8794,0.63177,100
novelty_ratio_all,1786153036242,54.9324,0.63187,100
novelty_ratio_all,1786153391267,55.031,0.63192,100
novelty_ratio_all,1786153400749,55.0337,0.63206,100
novelty_ratio_all,1786153417302,55.0383,0.63182,100
novelty_ratio_all,1786153609061,55.0915,0.6313,100
novelty_ratio_all,1786153609693,55.0917,0.63107,100
novelty_ratio_all,1786153625686,55.0961,0.63074,100
novelty_ratio_all,1786153641819,55.1006,0.6321,100
novelty_ratio_all,1786153704289,55.118,0.63215,100
novelty_ratio_all,1786153704941,55.1182,0.63176,100
novelty_ratio_all,1786154035997,55.2101,0.63162,100
novelty_ratio_all,1786154121893,55.234,0.63512,100
novelty_ratio_all,1786154413238,55.3149,0.63352,100
novelty_ratio_all,1786154413451,55.315,0.63256,100
novelty_ratio_all,1786154413624,55.315,0.63288,100
novelty_ratio_all,1786154466402,55.3297,0.63233,100
novelty_ratio_all,1786154476215,55.3324,0.6333,100
novelty_ratio_all,1786154476536,55.3325,0.63434,100
novelty_ratio_all,1786154476827,55.3326,0.63528,100
novelty_ratio_all,1786154477218,55.3327,0.63513,100
novelty_ratio_all,1786154541025,55.3504,0.63559,100
novelty_ratio_all,1786154700522,55.3947,0.63748,100
novelty_ratio_all,1786154732921,55.4037,0.63897,100
novelty_ratio_all,1786154796251,55.4213,0.64105,100
novelty_ratio_all,1786154831997,55.4312,0.64283,100
novelty_ratio_all,1786155029719,55.4862,0.64477,100
novelty_ratio_all,1786155031823,55.4867,0.64641,100
novelty_ratio_all,1786155101438,55.5061,0.64796,100
novelty_ratio_all,1786155195298,55.5321,0.64945,100
novelty_ratio_all,1786155441054,55.6004,0.64884,100
novelty_ratio_all,1786156223057,55.8176,0.65051,100
novelty_ratio_all,1786156277660,55.8328,0.65022,100
novelty_ratio_all,1786156297092,55.8382,0.6521,100
novelty_ratio_all,1786156730076,55.9585,0.65295,100
novelty_ratio_all,1786156816374,55.9824,0.65508,100
novelty_ratio_all,1786156867116,55.9965,0.65635,100
novelty_ratio_all,1786157076344,56.0547,0.65615,100
novelty_ratio_all,1786157090831,56.0587,0.65502,100
novelty_ratio_all,1786157101514,56.0617,0.65462,100
novelty_ratio_all,1786157101792,56.0617,0.65461,100
novelty_ratio_all,1786157102119,56.0618,0.65425,100
novelty_ratio_all,1786157148141,56.0746,0.65697,100
novelty_ratio_all,1786157277765,56.1106,0.65661,100
novelty_ratio_all,1786157297758,56.1162,0.65641,100
novelty_ratio_all,1786157329493,56.125,0.65635,100
novelty_ratio_all,1786157395068,56.1432,0.65648,100
novelty_ratio_all,1786157412581,56.1481,0.65716,100
novelty_ratio_all,1786157420924,56.1504,0.65794,100
novelty_ratio_all,1786157502893,56.1731,0.65823,100
novelty_ratio_all,1786157595941,56.199,0.6611,100
novelty_ratio_all,1786157770617,56.2475,0.66032,100
novelty_ratio_all,1786157770948,56.2476,0.66022,100
novelty_ratio_all,1786157802514,56.2564,0.66069,100
novelty_ratio_all,1786157875893,56.2768,0.66157,100
novelty_ratio_all,1786157894491,56.2819,0.66187,100
novelty_ratio_all,1786158269561,56.3861,0.66266,100
novelty_ratio_all,1786158283943,56.3901,0.66145,100
novelty_ratio_all,1786158371482,56.4144,0.66254,100
novelty_ratio_all,1786158394976,56.4209,0.66239,100
novelty_ratio_all,1786158397013,56.4215,0.66269,100
novelty_ratio_all,1786158403103,56.4232,0.66238,100
novelty_ratio_all,1786158420832,56.4281,0.66188,100
novelty_ratio_all,1786158423116,56.4288,0.65886,100
novelty_ratio_all,1786158425387,56.4294,0.65908,100
novelty_ratio_all,1786158427690,56.43,0.65808,100
novelty_ratio_all,1786158429954,56.4307,0.65737,100
novelty_ratio_all,1786158485154,56.446,0.65888,100
novelty_ratio_all,1786158485725,56.4462,0.6596,100
novelty_ratio_all,1786158486050,56.4462,0.66122,100
novelty_ratio_all,1786158518706,56.4553,0.66002,100
novelty_ratio_all,1786158521032,56.456,0.66075,100
novelty_ratio_all,1786158523296,56.4566,0.66284,100
novelty_ratio_all,1786158590325,56.4752,0.66334,100
novelty_ratio_all,1786158697491,56.505,0.66372,100
novelty_ratio_all,1786158758507,56.5219,0.66328,100
novelty_ratio_all,1786158759151,56.5221,0.66303,100
novelty_ratio_all,1786158759978,56.5223,0.66207,100
novelty_ratio_all,1786158774480,56.5264,0.66188,100
novelty_ratio_all,1786158792777,56.5314,0.66146,100
novelty_ratio_all,1786158822726,56.5398,0.66106,100
novelty_ratio_all,1786159145674,56.6295,0.66088,100
novelty_ratio_all,1786159146235,56.6296,0.66093,100
novelty_ratio_all,1786159477301,56.7216,0.66182,100
novelty_ratio_all,1786159547414,56.7411,0.66084,100
novelty_ratio_all,1786159547753,56.7412,0.66057,100
novelty_ratio_all,1786159870735,56.8309,0.66037,100
novelty_ratio_all,1786159883283,56.8344,0.65968,100
novelty_ratio_all,1786160100466,56.8947,0.65975,100
novelty_ratio_all,1786160120763,56.9003,0.65955,100
novelty_ratio_all,1786160178060,56.9162,0.65938,100
novelty_ratio_all,1786160986152,57.1407,0.66195,100
novelty_ratio_all,1786161804632,57.3681,0.66196,100
novelty_ratio_all,1786162127128,57.4577,0.66052,100
novelty_ratio_all,1786162138847,57.4609,0.6586,100
novelty_ratio_all,1786162152990,57.4648,0.65796,100
novelty_ratio_all,1786162190191,57.4752,0.65409,100
novelty_ratio_all,1786162213875,57.4818,0.6522,100
novelty_ratio_all,1786162242718,57.4898,0.6512,100
novelty_ratio_all,1786162255213,57.4932,0.64962,100
novelty_ratio_all,1786162426039,57.5407,0.64959,100
novelty_ratio_all,1786162428295,57.5413,0.64828,100
novelty_ratio_all,1786162459426,57.55,0.64767,100
novelty_ratio_all,1786163511017,57.8421,0.64753,100
novelty_ratio_all,1786163543578,57.8511,0.64782,100
novelty_ratio_all,1786163643745,57.8789,0.64834,100
novelty_ratio_all,1786163832506,57.9314,0.64889,100
novelty_ratio_all,1786163871726,57.9423,0.6491,100
novelty_ratio_all,1786163937157,57.9604,0.64757,100
novelty_ratio_all,1786164002390,57.9786,0.64648,100
novelty_ratio_all,1786164099633,58.0056,0.64693,100
novelty_ratio_all,1786164597041,58.1437,0.6477,100
novelty_ratio_all,1786164997445,58.255,0.6475,100
novelty_ratio_all,1786164998447,58.2552,0.64739,100
novelty_ratio_all,1786165124094,58.2901,0.64746,100
novelty_ratio_all,1786165274206,58.3318,0.64747,100
novelty_ratio_all,1786165274815,58.332,0.64753,100
novelty_ratio_all,1786165327030,58.3465,0.64786,100
novelty_ratio_all,1786165508534,58.3969,0.64821,100
novelty_ratio_all,1786166021047,58.5393,0.64827,100
novelty_ratio_all,1786166623844,58.7067,0.65197,100
novelty_ratio_all,1786166653224,58.7149,0.65358,100
novelty_ratio_all,1786167012955,58.8148,0.65369,100
novelty_ratio_all,1786167039652,58.8222,0.65436,100
novelty_ratio_all,1786168141076,59.1282,0.65509,100
novelty_ratio_all,1786168204616,59.1458,0.65747,100
novelty_ratio_all,1786168598155,59.2552,0.65761,100
novelty_ratio_all,1786168763221,59.301,0.65767,100
novelty_ratio_all,1786168763437,59.3011,0.65858,100
novelty_ratio_all,1786168763636,59.3011,0.65844,100
novelty_ratio_all,1786168763836,59.3012,0.65906,100
novelty_ratio_all,1786168787891,59.3079,0.65927,100
novelty_ratio_all,1786168788189,59.3079,0.65961,100
novelty_ratio_all,1786169064849,59.3848,0.65965,100
novelty_ratio_all,1786169206571,59.4242,0.6596,100
novelty_ratio_all,1786169206888,59.4243,0.65985,100
novelty_ratio_all,1786169451851,59.4923,0.66033,100
novelty_ratio_all,1786169563233,59.5232,0.66064,100
novelty_ratio_all,1786169615210,59.5377,0.66115,100
novelty_ratio_all,1786169769561,59.5806,0.66236,100
novelty_ratio_all,1786169925699,59.6239,0.66243,100
novelty_ratio_all,1786170046265,59.6574,0.66291,100
novelty_ratio_all,1786170071678,59.6645,0.65993,100
novelty_ratio_all,1786170093228,59.6705,0.6597,100
novelty_ratio_all,1786170116576,59.6769,0.65998,100
novelty_ratio_all,1786170141202,59.6838,0.65962,100
novelty_ratio_all,1786170178240,59.6941,0.66023,100
novelty_ratio_all,1786170383836,59.7512,0.66004,100
novelty_ratio_all,1786170404599,59.757,0.6596,100
novelty_ratio_all,1786170434916,59.7654,0.65923,100
novelty_ratio_all,1786170576182,59.8046,0.65713,100
novelty_ratio_all,1786170598252,59.8107,0.65646,100
novelty_ratio_all,1786170765327,59.8572,0.65638,100
novelty_ratio_all,1786171292594,60.0036,0.65774,100
novelty_ratio_all,1786171293958,60.004,0.65793,100
novelty_ratio_all,1786171295030,60.0043,0.65783,100
novelty_ratio_all,1786171296242,60.0046,0.65732,100
novelty_ratio_all,1786171297416,60.005,0.65764,100
novelty_ratio_all,1786171505273,60.0627,0.65657,100
novelty_ratio_all,1786172012040,60.2035,0.65659,100
novelty_ratio_all,1786172700467,60.3947,0.65654,100
novelty_ratio_all,1786172700965,60.3948,0.65666,100
novelty_ratio_all,1786172739609,60.4056,0.65724,100
novelty_ratio_all,1786172745387,60.4072,0.65737,100
novelty_ratio_all,1786172808840,60.4248,0.65789,100
novelty_ratio_all,1786172841706,60.4339,0.66023,100
novelty_ratio_all,1786172905656,60.4517,0.66057,100
novelty_ratio_all,1786173069648,60.4972,0.65941,100
novelty_ratio_all,1786173082652,60.5009,0.65875,100
novelty_ratio_all,1786173118000,60.5107,0.65751,100
novelty_ratio_all,1786173137087,60.516,0.65782,100
novelty_ratio_all,1786173336323,60.5713,0.65832,100
novelty_ratio_all,1786173450384,60.603,0.65889,100
novelty_ratio_all,1786173477332,60.6105,0.65896,100
novelty_ratio_all,1786173477753,60.6106,0.6588,100
novelty_ratio_all,1786173478160,60.6107,0.65931,100
novelty_ratio_all,1786173478625,60.6108,0.65949,100
novelty_ratio_all,1786173479033,60.611,0.65954,100
novelty_ratio_all,1786173479433,60.6111,0.65979,100
novelty_ratio_all,1786173479833,60.6112,0.65988,100
novelty_ratio_all,1786173480234,60.6113,0.66015,100
novelty_ratio_all,1786173480634,60.6114,0.66038,100
novelty_ratio_all,1786173971927,60.7479,0.66,100
novelty_ratio_all,1786173976886,60.7493,0.65936,100
novelty_ratio_all,1786174176877,60.8048,0.65958,100
novelty_ratio_all,1786174770900,60.9698,0.65968,100
novelty_ratio_all,1786174771248,60.9699,0.66001,100
novelty_ratio_all,1786175370517,61.1364,0.6604,100
novelty_ratio_all,1786176396459,61.4214,0.66047,100
novelty_ratio_all,1786176517188,61.4549,0.66034,100
novelty_ratio_all,1786176538963,61.4609,0.66027,100
novelty_ratio_all,1786176636046,61.4879,0.65766,100
novelty_ratio_all,1786176688395,61.5025,0.65755,100
novelty_ratio_all,1786176885517,61.5572,0.65825,100
novelty_ratio_all,1786177287256,61.6688,0.66124,100
novelty_ratio_all,1786177350039,61.6862,0.66123,100
novelty_ratio_all,1786177350530,61.6864,0.66128,100
novelty_ratio_all,1786177368955,61.6915,0.66282,100
novelty_ratio_all,1786177411964,61.7034,0.66452,100
novelty_ratio_all,1786177540631,61.7392,0.6641,100
novelty_ratio_all,1786177891935,61.8368,0.66379,100
novelty_ratio_all,1786178146241,61.9074,0.66508,100
novelty_ratio_all,1786178193395,61.9205,0.66572,100
novelty_ratio_all,1786178201722,61.9228,0.66562,100
novelty_ratio_all,1786178572149,62.0257,0.6651,100
novelty_ratio_all,1786178572703,62.0259,0.66494,100
novelty_ratio_all,1786178610716,62.0364,0.66451,100
novelty_ratio_all,1786178611298,62.0366,0.66397,100
novelty_ratio_all,1786178655077,62.0488,0.66426,100
novelty_ratio_all,1786178655674,62.0489,0.66498,100
novelty_ratio_all,1786178691652,62.0589,0.66453,100
novelty_ratio_all,1786178720573,62.0669,0.66351,100
novelty_ratio_all,1786178721140,62.0671,0.66341,100
novelty_ratio_all,1786178737999,62.0718,0.66292,100
novelty_ratio_all,1786178771182,62.081,0.66238,100
novelty_ratio_all,1786178771754,62.0812,0.66181,100
novelty_ratio_all,1786178822371,62.0952,0.66107,100
novelty_ratio_all,1786179029296,62.1527,0.65988,100
novelty_ratio_all,1786179513104,62.2871,0.65907,100
novelty_ratio_all,1786179563618,62.3011,0.65782,100
novelty_ratio_all,1786179660017,62.3279,0.65465,100
novelty_ratio_all,1786179696820,62.3381,0.65283,100
novelty_ratio_all,1786179697086,62.3382,0.65299,100
novelty_ratio_all,1786179697127,62.3382,0.65343,100
novelty_ratio_all,1786179697483,62.3383,0.65298,100
novelty_ratio_all,1786179697922,62.3384,0.64999,100
novelty_ratio_all,1786179698214,62.3385,0.64987,100
novelty_ratio_all,1786179698514,62.3386,0.64925,100
novelty_ratio_all,1786179698807,62.3387,0.64851,100
novelty_ratio_all,1786179726612,62.3464,0.64838,100
novelty_ratio_all,1786179726902,62.3465,0.64791,100
novelty_ratio_all,1786179727184,62.3466,0.64753,100
novelty_ratio_all,1786179727466,62.3466,0.64722,100
novelty_ratio_all,1786179727753,62.3467,0.64728,100
novelty_ratio_all,1786179728041,62.3468,0.64681,100
novelty_ratio_all,1786179728334,62.3469,0.64586,100
novelty_ratio_all,1786179759096,62.3554,0.64469,100
novelty_ratio_all,1786179759384,62.3555,0.64278,100
novelty_ratio_all,1786179759673,62.3556,0.6428,100
novelty_ratio_all,1786179759959,62.3557,0.64048,100
novelty_ratio_all,1786179760240,62.3557,0.63993,100
novelty_ratio_all,1786179760525,62.3558,0.63909,100
novelty_ratio_all,1786180032095,62.4313,0.64251,100
novelty_ratio_all,1786180080832,62.4448,0.64283,100
novelty_ratio_all,1786180081484,62.445,0.64291,100
novelty_ratio_all,1786180081798,62.4451,0.6436,100
novelty_ratio_all,1786180219709,62.4834,0.64237,100
novelty_ratio_all,1786180297275,62.5049,0.64113,100
novelty_ratio_all,1786180318021,62.5107,0.64162,100
novelty_ratio_all,1786180406981,62.5354,0.64401,100
novelty_ratio_all,1786180409271,62.536,0.64484,100
novelty_ratio_all,1786180450343,62.5474,0.64514,100
novelty_ratio_all,1786180485142,62.5571,0.64477,100
novelty_ratio_all,1786180521134,62.5671,0.64218,100
novelty_ratio_all,1786180552457,62.5758,0.64138,100
novelty_ratio_all,1786180568236,62.5802,0.64319,100
novelty_ratio_all,1786180603228,62.5899,0.64301,100
novelty_ratio_all,1786180628520,62.5969,0.64511,100
novelty_ratio_all,1786180634072,62.5985,0.64585,100
novelty_ratio_all,1786180866607,62.6631,0.64561,100
novelty_ratio_all,1786180888165,62.6691,0.64557,100
novelty_ratio_all,1786180922499,62.6786,0.64609,100
novelty_ratio_all,1786181541832,62.8506,0.64949,100
novelty_ratio_all,1786181560183,62.8557,0.64897,100
novelty_ratio_all,1786181574182,62.8596,0.64879,100
novelty_ratio_all,1786181721883,62.9006,0.64647,100
novelty_ratio_all,1786181990289,62.9752,0.64637,100
novelty_ratio_all,1786182090103,63.0029,0.64633,100
novelty_ratio_all,1786182557770,63.1328,0.64786,100
novelty_ratio_all,1786182798336,63.1997,0.64806,100
novelty_ratio_all,1786182922889,63.2343,0.64828,100
novelty_ratio_all,1786183029894,63.264,0.6481,100
novelty_ratio_all,1786183137351,63.2938,0.6475,100
novelty_ratio_all,1786183137909,63.294,0.64717,100
novelty_ratio_all,1786183162376,63.3008,0.64671,100
novelty_ratio_all,1786183184540,63.3069,0.64582,100
novelty_ratio_all,1786183204952,63.3126,0.64539,100
novelty_ratio_all,1786183227771,63.3189,0.64362,100
novelty_ratio_all,1786183261197,63.3282,0.64249,100
novelty_ratio_all,1786183261922,63.3284,0.64158,100
novelty_ratio_all,1786183305953,63.3407,0.64148,100
novelty_ratio_all,1786183306453,63.3408,0.6406,100
novelty_ratio_all,1786183307272,63.341,0.64038,100
novelty_ratio_all,1786183363267,63.3566,0.64035,100
novelty_ratio_all,1786183609781,63.4251,0.64146,100
novelty_ratio_all,1786183741055,63.4615,0.64127,100
novelty_ratio_all,1786183750306,63.4641,0.64087,100
novelty_ratio_all,1786183750988,63.4643,0.64084,100
novelty_ratio_all,1786183760084,63.4668,0.64054,100
novelty_ratio_all,1786183760368,63.4669,0.64065,100
novelty_ratio_all,1786183786558,63.4742,0.64077,100
novelty_ratio_all,1786183879624,63.5,0.64082,100
novelty_ratio_all,1786184061468,63.5505,0.64066,100
novelty_ratio_all,1786184062214,63.5507,0.63938,100
novelty_ratio_all,1786184062995,63.551,0.63675,100
novelty_ratio_all,1786184063740,63.5512,0.63558,100
novelty_ratio_all,1786184319975,63.6223,0.63604,100
novelty_ratio_all,1786184763250,63.7455,0.63593,100
novelty_ratio_all,1786184867564,63.7744,0.6356,100
novelty_ratio_all,1786184884232,63.7791,0.63677,100
novelty_ratio_all,1786184919558,63.7889,0.63728,100
novelty_ratio_all,1786185188098,63.8635,0.63722,100
novelty_ratio_all,1786185570669,63.9697,0.637,100
novelty_ratio_all,1786185571172,63.9699,0.63735,100
novelty_ratio_all,1786185716091,64.0101,0.63744,100
novelty_ratio_all,1786186209886,64.1473,0.6386,100
novelty_ratio_all,1786186671865,64.2756,0.63868,100
novelty_ratio_all,1786186917113,64.3438,0.63866,100
novelty_ratio_all,1786186993266,64.3649,0.63847,100
novelty_ratio_all,1786187226398,64.4297,0.63833,100
novelty_ratio_all,1786187310777,64.4531,0.63835,100
novelty_ratio_all,1786187388844,64.4748,0.63984,100
novelty_ratio_all,1786187423667,64.4845,0.63992,100
novelty_ratio_all,1786187560378,64.5224,0.64027,100
novelty_ratio_all,1786187713923,64.5651,0.64063,100
novelty_ratio_all,1786187714258,64.5652,0.64099,100
novelty_ratio_all,1786187785338,64.5849,0.64167,100
novelty_ratio_all,1786188558789,64.7998,0.64284,100
novelty_ratio_all,1786188585586,64.8072,0.64391,100
novelty_ratio_all,1786188793609,64.865,0.64465,100
novelty_ratio_all,1786189163678,64.9678,0.64379,100
novelty_ratio_all,1786189164289,64.968,0.64371,100
novelty_ratio_all,1786189164328,64.968,0.64367,100
novelty_ratio_all,1786189403060,65.0343,0.64362,100
novelty_ratio_all,1786189487215,65.0577,0.64364,100
novelty_ratio_all,1786189518548,65.0664,0.64554,100
novelty_ratio_all,1786189559236,65.0777,0.64583,100
novelty_ratio_all,1786189559595,65.0778,0.64627,100
novelty_ratio_all,1786189754783,65.132,0.64667,100
novelty_ratio_all,1786189842735,65.1564,0.65877,100
novelty_ratio_all,1786189889836,65.1695,0.66141,100
novelty_ratio_all,1786190021055,65.206,0.66165,100
novelty_ratio_all,1786190021666,65.2061,0.66182,100
novelty_ratio_all,1786190063088,65.2176,0.66207,100
novelty_ratio_all,1786190073185,65.2204,0.66242,100
novelty_ratio_all,1786190077680,65.2217,0.66317,100
novelty_ratio_all,1786190111442,65.2311,0.6638,100
novelty_ratio_all,1786190319644,65.2889,0.6693,100
novelty_ratio_all,1786190482502,65.3341,0.66942,100
novelty_ratio_all,1786190482738,65.3342,0.66969,100
novelty_ratio_all,1786190482909,65.3343,0.66988,100
novelty_ratio_all,1786190984708,65.4736,0.67017,100
novelty_ratio_all,1786191077656,65.4995,0.66797,100
novelty_ratio_all,1786191245061,65.546,0.66739,100
novelty_ratio_all,1786191338116,65.5718,0.66723,100
novelty_ratio_all,1786191404502,65.5903,0.66711,100
novelty_ratio_all,1786191977407,65.7494,0.66763,100
novelty_ratio_all,1786192324086,65.8457,0.66797,100
novelty_ratio_all,1786192565480,65.9128,0.66764,100
novelty_ratio_all,1786192566134,65.9129,0.66671,100
novelty_ratio_all,1786192637038,65.9326,0.66771,100
novelty_ratio_all,1786192822176,65.9841,0.66884,100
novelty_ratio_all,1786192823818,65.9845,0.66913,100
novelty_ratio_all,1786192858883,65.9943,0.67392,100
novelty_ratio_all,1786193232679,66.0981,0.67449,100
novelty_ratio_all,1786193232903,66.0981,0.67411,100
novelty_ratio_all,1786193445064,66.1571,0.67461,100
novelty_ratio_all,1786193534923,66.182,0.67383,100
novelty_ratio_all,1786193535153,66.1821,0.67292,100
novelty_ratio_all,1786193535336,66.1822,0.67281,100
novelty_ratio_all,1786193547090,66.1854,0.6722,100
novelty_ratio_all,1786193555412,66.1877,0.67248,100
novelty_ratio_all,1786193617827,66.2051,0.66996,100
novelty_ratio_all,1786193684375,66.2236,0.671,100
novelty_ratio_all,1786193744536,66.2403,0.67103,100
novelty_ratio_all,1786193761304,66.2449,0.67178,100
novelty_ratio_all,1786193774174,66.2485,0.6721,100
novelty_ratio_all,1786193785316,66.2516,0.67241,100
novelty_ratio_all,1786193797105,66.2549,0.67145,100
novelty_ratio_all,1786194063282,66.3288,0.67166,100
novelty_ratio_all,1786194197491,66.3661,0.67132,100
novelty_ratio_all,1786194200404,66.3669,0.67155,100
novelty_ratio_all,1786194203298,66.3677,0.67185,100
novelty_ratio_all,1786194203310,66.3677,0.67216,100
novelty_ratio_all,1786194312209,66.398,0.67219,100
novelty_ratio_all,1786194357643,66.4106,0.67714,100
novelty_ratio_all,1786194410838,66.4254,0.67956,100
novelty_ratio_all,1786194438851,66.4331,0.68173,100
novelty_ratio_all,1786194439045,66.4332,0.68285,100
novelty_ratio_all,1786194638732,66.4887,0.67903,100
novelty_ratio_all,1786194707725,66.5078,0.67945,100
novelty_ratio_all,1786194709157,66.5082,0.68082,100
novelty_ratio_all,1786194763033,66.5232,0.68105,100
novelty_ratio_all,1786194889857,66.5584,0.68214,100
novelty_ratio_all,1786194890449,66.5586,0.6817,100
novelty_ratio_all,1786195283384,66.6677,0.68301,100
novelty_ratio_all,1786195338057,66.6829,0.6835,100
novelty_ratio_all,1786195500052,66.7279,0.68381,100
novelty_ratio_all,1786195527881,66.7356,0.68382,100
novelty_ratio_all,1786195545119,66.7404,0.68355,100
novelty_ratio_all,1786195600040,66.7557,0.68289,100
novelty_ratio_all,1786195723052,66.7899,0.68189,100
novelty_ratio_all,1786195742955,66.7954,0.68245,100
novelty_ratio_all,1786195756299,66.7991,0.68241,100
novelty_ratio_all,1786195789777,66.8084,0.68335,100
novelty_ratio_all,1786195905133,66.8404,0.68373,100
novelty_ratio_all,1786195906275,66.8408,0.68323,100
novelty_ratio_all,1786195985542,66.8628,0.68335,100
novelty_ratio_all,1786196282934,66.9454,0.68356,100
novelty_ratio_all,1786196297929,66.9495,0.68337,100
novelty_ratio_all,1786196318694,66.9553,0.68371,100
novelty_ratio_all,1786196395825,66.9767,0.68398,100
novelty_ratio_all,1786196613676,67.0373,0.68603,100
novelty_ratio_all,1786196884056,67.1124,0.68605,100
novelty_ratio_all,1786197262249,67.2174,0.6863,100
novelty_ratio_all,1786197265145,67.2182,0.68563,100
novelty_ratio_all,1786197724291,67.3458,0.68705,100
novelty_ratio_all,1786197742887,67.3509,0.68664,100
novelty_ratio_all,1786197755511,67.3544,0.68711,100
novelty_ratio_all,1786197770395,67.3586,0.68805,100
novelty_ratio_all,1786197770528,67.3586,0.68808,100
novelty_ratio_all,1786198226695,67.4853,0.68703,100
novelty_ratio_all,1786198252296,67.4924,0.6868,100
novelty_ratio_all,1786198255072,67.4932,0.68699,100
novelty_ratio_all,1786198257850,67.494,0.68643,100
novelty_ratio_all,1786198477187,67.5549,0.68522,100
novelty_ratio_all,1786198507522,67.5633,0.68458,100
novelty_ratio_all,1786198507990,67.5635,0.68453,100
novelty_ratio_all,1786198805249,67.646,0.68444,100
novelty_ratio_all,1786199398805,67.8109,0.68426,100
novelty_ratio_all,1786199437436,67.8216,0.68472,100
novelty_ratio_all,1786199447270,67.8244,0.68461,100
novelty_ratio_all,1786199459254,67.8277,0.68399,100
novelty_ratio_all,1786199485638,67.835,0.68271,100
novelty_ratio_all,1786199506309,67.8408,0.68155,100
novelty_ratio_all,1786199547084,67.8521,0.67947,100
novelty_ratio_all,1786199584627,67.8625,0.6792,100
novelty_ratio_all,1786199608924,67.8693,0.67842,100
novelty_ratio_all,1786199643691,67.8789,0.6774,100
novelty_ratio_all,1786199745199,67.9071,0.66632,100
novelty_ratio_all,1786199882682,67.9453,0.66395,100
novelty_ratio_all,1786199882962,67.9454,0.66383,100
novelty_ratio_all,1786199905179,67.9516,0.66351,100
novelty_ratio_all,1786200223971,68.0401,0.66411,100
novelty_ratio_all,1786200302810,68.062,0.66504,100
novelty_ratio_all,1786200589078,68.1415,0.66497,100
novelty_ratio_all,1786200644711,68.157,0.6652,100
novelty_ratio_all,1786200675991,68.1657,0.66156,100
novelty_ratio_all,1786200689840,68.1695,0.66111,100
novelty_ratio_all,1786200877003,68.2215,0.66107,100
novelty_ratio_all,1786200915368,68.2322,0.66112,100
novelty_ratio_all,1786201231018,68.3198,0.66133,100
novelty_ratio_all,1786201384192,68.3624,0.66175,100
novelty_ratio_all,1786201384466,68.3625,0.66216,100
novelty_ratio_all,1786201584215,68.418,0.66294,100
novelty_ratio_all,1786201703239,68.451,0.66289,100
novelty_ratio_all,1786201856399,68.4936,0.66271,100
novelty_ratio_all,1786201900368,68.5058,0.66353,100
novelty_ratio_all,1786201910861,68.5087,0.6638,100
novelty_ratio_all,1786201940285,68.5169,0.66311,100
novelty_ratio_all,1786202389863,68.6417,0.66186,100
novelty_ratio_all,1786202777152,68.7493,0.66094,100
novelty_ratio_all,1786202975966,68.8046,0.66141,100
novelty_ratio_all,1786203400397,68.9225,0.65714,100
novelty_ratio_all,1786203456758,68.9381,0.65748,100
novelty_ratio_all,1786203494558,68.9486,0.65637,100
novelty_ratio_all,1786203553334,68.9649,0.65636,100
novelty_ratio_all,1786203553919,68.9651,0.6564,100
novelty_ratio_all,1786203660478,68.9947,0.6571,100
novelty_ratio_all,1786204159599,69.1333,0.65834,100
novelty_ratio_all,1786204473224,69.2205,0.65908,100
novelty_ratio_all,1786204622936,69.262,0.65777,100
novelty_ratio_all,1786204892935,69.337,0.65734,100
novelty_ratio_all,1786204903180,69.3399,0.65701,100
novelty_ratio_all,1786205186155,69.4185,0.65732,100
novelty_ratio_all,1786205202552,69.4231,0.65767,100
novelty_ratio_all,1786205235883,69.4323,0.65773,100
novelty_ratio_all,1786205283737,69.4456,0.6579,100
novelty_ratio_all,1786205334761,69.4598,0.65856,100
novelty_ratio_all,1786205376859,69.4715,0.65786,100
novelty_ratio_all,1786205377534,69.4717,0.65764,100
novelty_ratio_all,1786205529496,69.5139,0.65761,100
novelty_ratio_all,1786205814658,69.5931,0.65744,100
novelty_ratio_all,1786206281556,69.7228,0.65742,100
novelty_ratio_all,1786206313548,69.7317,0.6581,100
novelty_ratio_all,1786206314052,69.7318,0.65461,100
novelty_ratio_all,1786206328814,69.7359,0.65265,100
novelty_ratio_all,1786206382904,69.7509,0.65227,100
novelty_ratio_all,1786206383548,69.7511,0.65249,100
novelty_ratio_all,1786206447679,69.7689,0.65646,100
novelty_ratio_all,1786206448320,69.7691,0.65646,100
novelty_ratio_all,1786206512613,69.787,0.65619,100
novelty_ratio_all,1786206535724,69.7934,0.65317,100
novelty_ratio_all,1786206574622,69.8042,0.65258,100
novelty_ratio_all,1786206782615,69.862,0.65218,100
novelty_ratio_all,1786206827822,69.8745,0.65074,100
novelty_ratio_all,1786206891002,69.8921,0.65088,100
novelty_ratio_all,1786206898403,69.8941,0.65006,100
novelty_ratio_all,1786206953608,69.9095,0.64937,100
novelty_ratio_all,1786206957734,69.9106,0.64944,100
novelty_ratio_all,1786206984535,69.918,0.64912,100
novelty_ratio_all,1786206985182,69.9182,0.64962,100
novelty_ratio_all,1786207045634,69.935,0.64859,100
novelty_ratio_all,1786207046369,69.9352,0.64961,100
novelty_ratio_all,1786207155905,69.9656,0.64975,100
novelty_ratio_all,1786207156097,69.9657,0.65029,100
novelty_ratio_all,1786207366062,70.024,0.64979,100
novelty_ratio_all,1786207712699,70.1203,0.65022,100
novelty_ratio_all,1786207713272,70.1205,0.65042,100
novelty_ratio_all,1786207713754,70.1206,0.65051,100
novelty_ratio_all,1786208053233,70.2149,0.65029,100
novelty_ratio_all,1786208053781,70.2151,0.6496,100
novelty_ratio_all,1786208054375,70.2152,0.6473,100
novelty_ratio_all,1786208099733,70.2278,0.64749,100
novelty_ratio_all,1786208312088,70.2868,0.64777,100
novelty_ratio_all,1786208520218,70.3446,0.64879,100
novelty_ratio_all,1786208536617,70.3492,0.65193,100
novelty_ratio_all,1786208555831,70.3545,0.65253,100
novelty_ratio_all,1786208827253,70.4299,0.6524,100
novelty_ratio_all,1786208829471,70.4305,0.65176,100
novelty_ratio_all,1786208830599,70.4308,0.65146,100
novelty_ratio_all,1786208839242,70.4332,0.65126,100
novelty_ratio_all,1786208905262,70.4516,0.65158,100
novelty_ratio_all,1786208910586,70.4531,0.65142,100
novelty_ratio_all,1786208911741,70.4534,0.65062,100
novelty_ratio_all,1786208913025,70.4537,0.65095,100
novelty_ratio_all,1786208914183,70.4541,0.65106,100
novelty_ratio_all,1786208915350,70.4544,0.65044,100
novelty_ratio_all,1786208916476,70.4547,0.65032,100
novelty_ratio_all,1786208960920,70.467,0.65021,100
novelty_ratio_all,1786209008484,70.4803,0.64972,100
novelty_ratio_all,1786209041150,70.4893,0.64944,100
novelty_ratio_all,1786209132466,70.5147,0.64993,100
novelty_ratio_all,1786209314602,70.5653,0.65058,100
novelty_ratio_all,1786209468810,70.6081,0.65169,100
novelty_ratio_all,1786209499161,70.6166,0.65279,100
novelty_ratio_all,1786209586949,70.6409,0.65283,100
novelty_ratio_all,1786209587329,70.641,0.65336,100
novelty_ratio_all,1786209956030,70.7435,0.65441,100
novelty_ratio_all,1786209963831,70.7456,0.65513,100
novelty_ratio_all,1786210035743,70.7656,0.65448,100
novelty_ratio_all,1786210099054,70.7832,0.65406,100
novelty_ratio_all,1786210105342,70.7849,0.64955,100
novelty_ratio_all,1786210275842,70.8323,0.64924,100
novelty_ratio_all,1786210300134,70.839,0.64788,100
novelty_ratio_all,1786210300767,70.8392,0.64747,100
novelty_ratio_all,1786210301310,70.8394,0.64705,100
novelty_ratio_all,1786210539506,70.9055,0.64734,100
novelty_ratio_all,1786210540003,70.9057,0.64765,100
novelty_ratio_all,1786210557814,70.9106,0.64687,100
novelty_ratio_all,1786210641786,70.9339,0.6478,100
novelty_ratio_all,1786210682179,70.9452,0.64742,100
novelty_ratio_all,1786210695506,70.9489,0.6471,100
novelty_ratio_all,1786210745182,70.9627,0.64714,100
novelty_ratio_all,1786210768161,70.9691,0.64634,100
novelty_ratio_all,1786210777217,70.9716,0.64595,100
novelty_ratio_all,1786210814023,70.9818,0.64653,100
novelty_ratio_all,1786210837689,70.9884,0.6465,100
novelty_ratio_all,1786210841140,70.9893,0.64638,100
novelty_ratio_all,1786210844057,70.9901,0.64624,100
novelty_ratio_all,1786210844509,70.9903,0.64621,100
novelty_ratio_all,1786210848238,70.9913,0.64643,100
novelty_ratio_all,1786210851688,70.9923,0.64628,100
novelty_ratio_all,1786211010280,71.0363,0.64583,100
novelty_ratio_all,1786211010847,71.0365,0.64493,100
novelty_ratio_all,1786211069480,71.0528,0.6452,100
novelty_ratio_all,1786211123005,71.0676,0.64491,100
novelty_ratio_all,1786211131320,71.0699,0.64538,100
novelty_ratio_all,1786211145119,71.0738,0.64484,100
novelty_ratio_all,1786211145588,71.0739,0.64275,100
novelty_ratio_all,1786211146087,71.074,0.64156,100
novelty_ratio_all,1786211146589,71.0742,0.64122,100
novelty_ratio_all,1786211147076,71.0743,0.64127,100
novelty_ratio_all,1786211165745,71.0795,0.64076,100
novelty_ratio_all,1786211170336,71.0808,0.63998,100
novelty_ratio_all,1786211235128,71.0988,0.6384,100
novelty_ratio_all,1786211255097,71.1043,0.63798,100
novelty_ratio_all,1786211275244,71.1099,0.63783,100
novelty_ratio_all,1786211380461,71.1391,0.63741,100
novelty_ratio_all,1786211558116,71.1885,0.63678,100
novelty_ratio_all,1786211597607,71.1995,0.63701,100
novelty_ratio_all,1786211638755,71.2109,0.63615,100
novelty_ratio_all,1786211651180,71.2143,0.63628,100
novelty_ratio_all,1786211713298,71.2316,0.6368,100
novelty_ratio_all,1786211729393,71.2361,0.63603,100
novelty_ratio_all,1786211765436,71.2461,0.6345,100
novelty_ratio_all,1786211819109,71.261,0.63534,100
novelty_ratio_all,1786211819581,71.2611,0.63588,100
novelty_ratio_all,1786211820064,71.2612,0.63481,100
novelty_ratio_all,1786211827380,71.2633,0.63466,100
novelty_ratio_all,1786211837060,71.266,0.63431,100
novelty_ratio_all,1786211844889,71.2681,0.63438,100
novelty_ratio_all,1786211845393,71.2683,0.63743,100
novelty_ratio_all,1786211845705,71.2684,0.63748,100
novelty_ratio_all,1786211891556,71.2811,0.63817,100
novelty_ratio_all,1786211937140,71.2938,0.63827,100
novelty_ratio_all,1786211937299,71.2938,0.63754,100
novelty_ratio_all,1786211949289,71.2971,0.63826,100
novelty_ratio_all,1786211971705,71.3034,0.63801,100
novelty_ratio_all,1786211999470,71.3111,0.63791,100
novelty_ratio_all,1786212044802,71.3237,0.63825,100
novelty_ratio_all,1786212228958,71.3748,0.63849,100
novelty_ratio_all,1786212235534,71.3767,0.63804,100
novelty_ratio_all,1786212256595,71.3825,0.63801,100
novelty_ratio_all,1786212256884,71.3826,0.63733,100
novelty_ratio_all,1786212261482,71.3839,0.63759,100
novelty_ratio_all,1786212389208,71.4193,0.63732,100
novelty_ratio_all,1786212693501,71.5039,0.63707,100
novelty_ratio_all,1786212694231,71.5041,0.63644,100
novelty_ratio_all,1786212694947,71.5043,0.63622,100
novelty_ratio_all,1786212708993,71.5082,0.63608,100
novelty_ratio_all,1786212777694,71.5273,0.63579,100
novelty_ratio_all,1786212859845,71.5501,0.63502,100
novelty_ratio_all,1786213222854,71.6509,0.63435,100
novelty_ratio_all,1786213223605,71.6511,0.63382,100
novelty_ratio_all,1786213224317,71.6513,0.63255,100
novelty_ratio_all,1786213397428,71.6994,0.6289,100
novelty_ratio_all,1786213397590,71.6994,0.62912,100
novelty_ratio_all,1786213656387,71.7713,0.62865,100
novelty_ratio_all,1786213661163,71.7727,0.63003,100
novelty_ratio_all,1786213688272,71.7802,0.63025,100
novelty_ratio_all,1786213766566,71.8019,0.63033,100
novelty_ratio_all,1786214074185,71.8874,0.62991,100
novelty_ratio_all,1786214292703,71.9481,0.62954,100
novelty_ratio_all,1786214296693,71.9492,0.63012,100
novelty_ratio_all,1786214301558,71.9506,0.63099,100
novelty_ratio_all,1786214444147,71.9902,0.63076,100
novelty_ratio_all,1786214491509,72.0033,0.63177,100
novelty_ratio_all,1786214965065,72.1349,0.63129,100
novelty_ratio_all,1786215195826,72.199,0.63113,100
novelty_ratio_all,1786215203729,72.2012,0.63138,100
novelty_ratio_all,1786215284940,72.2237,0.63129,100
novelty_ratio_all,1786215672662,72.3314,0.63093,100
novelty_ratio_all,1786215816470,72.3714,0.63066,100
novelty_ratio_all,1786215843414,72.3788,0.63028,100
novelty_ratio_all,1786215868106,72.3857,0.63013,100
novelty_ratio_all,1786215869211,72.386,0.62991,100
novelty_ratio_all,1786215888751,72.3914,0.62994,100
novelty_ratio_all,1786215901855,72.3951,0.62959,100
novelty_ratio_all,1786215915055,72.3987,0.6295,100
novelty_ratio_all,1786216037715,72.4328,0.62954,100
novelty_ratio_all,1786216198403,72.4775,0.6296,100
novelty_ratio_all,1786216287565,72.5022,0.63366,100
novelty_ratio_all,1786216484533,72.5569,0.63247,100
novelty_ratio_all,1786216641007,72.6004,0.63291,100
novelty_ratio_all,1786216853370,72.6594,0.63411,100
novelty_ratio_all,1786217328566,72.7914,0.63407,100
novelty_ratio_all,1786217329811,72.7917,0.6331,100
novelty_ratio_all,1786217428519,72.8192,0.63376,100
novelty_ratio_all,1786217460110,72.8279,0.63512,100
novelty_ratio_all,1786217486152,72.8352,0.63431,100
novelty_ratio_all,1786217531603,72.8478,0.63374,100
novelty_ratio_all,1786217591050,72.8643,0.63416,100
novelty_ratio_all,1786217666484,72.8853,0.63415,100
novelty_ratio_all,1786217694536,72.893,0.6339,100
novelty_ratio_all,1786217747280,72.9077,0.6338,100
novelty_ratio_all,1786217747879,72.9079,0.63283,100
novelty_ratio_all,1786217771028,72.9143,0.63258,100
novelty_ratio_all,1786217829570,72.9306,0.63267,100
novelty_ratio_all,1786217868582,72.9414,0.63335,100
novelty_ratio_all,1786217881784,72.9451,0.63377,100
novelty_ratio_all,1786217888868,72.947,0.63424,100
novelty_ratio_all,1786218077770,72.9995,0.63434,100
novelty_ratio_all,1786219081771,73.2784,0.63432,100
novelty_ratio_all,1786219089867,73.2806,0.63414,100
novelty_ratio_all,1786219746815,73.4631,0.63427,100
novelty_ratio_all,1786219830270,73.4863,0.63537,100
novelty_ratio_all,1786219876895,73.4993,0.63407,100
novelty_ratio_all,1786219930971,73.5143,0.63369,100
novelty_ratio_all,1786219931677,73.5145,0.63443,100
novelty_ratio_all,1786220042593,73.5453,0.63422,100
novelty_ratio_all,1786220043295,73.5455,0.63511,100
novelty_ratio_shuffled,1785987302321,8.8952,0.64702,100
novelty_ratio_shuffled,1785987340519,8.9058,0.648,100
novelty_ratio_shuffled,1785987472384,8.9424,0.64814,100
novelty_ratio_shuffled,1785987481223,8.9449,0.6481,100
novelty_ratio_shuffled,1785987501612,8.9506,0.64806,100
novelty_ratio_shuffled,1785987501846,8.9506,0.64807,100
novelty_ratio_shuffled,1785987681826,9.0006,0.64715,100
novelty_ratio_shuffled,1785987758636,9.022,0.64674,100
novelty_ratio_shuffled,1785987778631,9.0275,0.64693,100
novelty_ratio_shuffled,1785987793764,9.0317,0.64862,100
novelty_ratio_shuffled,1785987924549,9.068,0.64896,100
novelty_ratio_shuffled,1785987970371,9.0808,0.64917,100
novelty_ratio_shuffled,1785988142068,9.1285,0.64954,100
novelty_ratio_shuffled,1785988315174,9.1766,0.64915,100
novelty_ratio_shuffled,1785988425117,9.2071,0.64892,100
novelty_ratio_shuffled,1785988448872,9.2137,0.64862,100
novelty_ratio_shuffled,1785988773585,9.3039,0.64744,100
novelty_ratio_shuffled,1785988803466,9.3122,0.64748,100
novelty_ratio_shuffled,1785988896314,9.338,0.64755,100
novelty_ratio_shuffled,1785989096450,9.3936,0.64935,100
novelty_ratio_shuffled,1785989239659,9.4334,0.65029,100
novelty_ratio_shuffled,1785989294121,9.4485,0.65029,100
novelty_ratio_shuffled,1785989355909,9.4656,0.65068,100
novelty_ratio_shuffled,1785989356286,9.4658,0.65094,100
novelty_ratio_shuffled,1785989356669,9.4659,0.65144,100
novelty_ratio_shuffled,1785989357061,9.466,0.65164,100
novelty_ratio_shuffled,1785989357450,9.4661,0.65188,100
novelty_ratio_shuffled,1785989357844,9.4662,0.65205,100
novelty_ratio_shuffled,1785989358321,9.4663,0.65185,100
novelty_ratio_shuffled,1785989358744,9.4664,0.65135,100
novelty_ratio_shuffled,1785989359153,9.4666,0.6515,100
novelty_ratio_shuffled,1785989359554,9.4667,0.65126,100
novelty_ratio_shuffled,1785989359924,9.4668,0.65156,100
novelty_ratio_shuffled,1785989360365,9.4669,0.65135,100
novelty_ratio_shuffled,1785989360772,9.467,0.65198,100
novelty_ratio_shuffled,1785989361205,9.4671,0.6503,100
novelty_ratio_shuffled,1785989361701,9.4673,0.64991,100
novelty_ratio_shuffled,1785989362099,9.4674,0.65019,100
novelty_ratio_shuffled,1785989362472,9.4675,0.65021,100
novelty_ratio_shuffled,1785989362840,9.4676,0.64993,100
novelty_ratio_shuffled,1785989363212,9.4677,0.64968,100
novelty_ratio_shuffled,1785989363658,9.4678,0.64956,100
novelty_ratio_shuffled,1785989592706,9.5314,0.64943,100
novelty_ratio_shuffled,1785990211804,9.7034,0.64952,100
novelty_ratio_shuffled,1785990273835,9.7206,0.6487,100
novelty_ratio_shuffled,1785990538091,9.794,0.64951,100
novelty_ratio_shuffled,1785990596643,9.8103,0.65009,100
novelty_ratio_shuffled,1785990923580,9.9011,0.64969,100
novelty_ratio_shuffled,1785991082959,9.9454,0.65,100
novelty_ratio_shuffled,1785991168677,9.9692,0.64971,100
novelty_ratio_shuffled,1785991214755,9.982,0.64999,100
novelty_ratio_shuffled,1785991232003,9.9868,0.64992,100
novelty_ratio_shuffled,1785991323980,10.0123,0.65004,100
novelty_ratio_shuffled,1785991363867,10.0234,0.64983,100
novelty_ratio_shuffled,1785992178024,10.2496,0.65015,100
novelty_ratio_shuffled,1785992178528,10.2497,0.65026,100
novelty_ratio_shuffled,1785992298225,10.283,0.6503,100
novelty_ratio_shuffled,1785992494080,10.3374,0.65056,100
novelty_ratio_shuffled,1785992517735,10.3439,0.65054,100
novelty_ratio_shuffled,1785992596814,10.3659,0.65036,100
novelty_ratio_shuffled,1785992602016,10.3673,0.6501,100
novelty_ratio_shuffled,1785993095848,10.5045,0.64961,100
novelty_ratio_shuffled,1785993161734,10.5228,0.64982,100
novelty_ratio_shuffled,1785993200043,10.5335,0.6499,100
novelty_ratio_shuffled,1785993631363,10.6533,0.6499,100
novelty_ratio_shuffled,1785993636934,10.6548,0.64987,100
novelty_ratio_shuffled,1785993642501,10.6564,0.65043,100
novelty_ratio_shuffled,1785993705752,10.6739,0.65064,100
novelty_ratio_shuffled,1785993706038,10.674,0.65101,100
novelty_ratio_shuffled,1785993711025,10.6754,0.65084,100
novelty_ratio_shuffled,1785993716245,10.6769,0.64967,100
novelty_ratio_shuffled,1785993761635,10.6895,0.64987,100
novelty_ratio_shuffled,1785993761920,10.6895,0.65001,100
novelty_ratio_shuffled,1785993762203,10.6896,0.65011,100
novelty_ratio_shuffled,1785993762488,10.6897,0.65025,100
novelty_ratio_shuffled,1785993762788,10.6898,0.6502,100
novelty_ratio_shuffled,1785993763080,10.6899,0.64997,100
novelty_ratio_shuffled,1785993763371,10.6899,0.64986,100
novelty_ratio_shuffled,1785993763661,10.69,0.64985,100
novelty_ratio_shuffled,1785993787332,10.6966,0.65038,100
novelty_ratio_shuffled,1785993787618,10.6967,0.64998,100
novelty_ratio_shuffled,1785993787913,10.6968,0.65043,100
novelty_ratio_shuffled,1785993788224,10.6968,0.65092,100
novelty_ratio_shuffled,1785993788590,10.6969,0.65088,100
novelty_ratio_shuffled,1785993788894,10.697,0.65089,100
novelty_ratio_shuffled,1785993789194,10.6971,0.65089,100
novelty_ratio_shuffled,1785993792241,10.698,0.6509,100
novelty_ratio_shuffled,1785994324631,10.8459,0.65112,100
novelty_ratio_shuffled,1785994581353,10.9172,0.65147,100
novelty_ratio_shuffled,1785994611131,10.9254,0.652,100
novelty_ratio_shuffled,1785994681971,10.9451,0.6531,100
novelty_ratio_shuffled,1785994682478,10.9453,0.65277,100
novelty_ratio_shuffled,1785994750657,10.9642,0.65273,100
novelty_ratio_shuffled,1785994864286,10.9958,0.65286,100
novelty_ratio_shuffled,1785994940921,11.017,0.65318,100
novelty_ratio_shuffled,1785995099726,11.0612,0.65427,100
novelty_ratio_shuffled,1785995411053,11.1476,0.65342,100
novelty_ratio_shuffled,1785995935766,11.2934,0.65324,100
novelty_ratio_shuffled,1785996019918,11.3168,0.65216,100
novelty_ratio_shuffled,1785996204733,11.3681,0.65401,100
novelty_ratio_shuffled,1785996247567,11.38,0.65413,100
novelty_ratio_shuffled,1785996378092,11.4163,0.65366,100
novelty_ratio_shuffled,1785996388903,11.4193,0.6534,100
novelty_ratio_shuffled,1785996392648,11.4203,0.65316,100
novelty_ratio_shuffled,1785996514760,11.4542,0.65323,100
novelty_ratio_shuffled,1785996629690,11.4861,0.65329,100
novelty_ratio_shuffled,1785996634110,11.4874,0.65426,100
novelty_ratio_shuffled,1785996638475,11.4886,0.65514,100
novelty_ratio_shuffled,1785996849166,11.5471,0.65591,100
novelty_ratio_shuffled,1785997001575,11.5894,0.65519,100
novelty_ratio_shuffled,1785997022155,11.5952,0.65491,100
novelty_ratio_shuffled,1785997365436,11.6905,0.65439,100
novelty_ratio_shuffled,1785997430105,11.7085,0.65398,100
novelty_ratio_shuffled,1785997493775,11.7262,0.65489,100
novelty_ratio_shuffled,1785997620753,11.7614,0.65543,100
novelty_ratio_shuffled,1785997801146,11.8115,0.65565,100
novelty_ratio_shuffled,1785997972837,11.8592,0.65669,100
novelty_ratio_shuffled,1785998087956,11.8912,0.6564,100
novelty_ratio_shuffled,1785998202406,11.923,0.6562,100
novelty_ratio_shuffled,1785998231007,11.931,0.65452,100
novelty_ratio_shuffled,1785998232472,11.9314,0.65369,100
novelty_ratio_shuffled,1785998441917,11.9895,0.65378,100
novelty_ratio_shuffled,1785998467719,11.9967,0.65339,100
novelty_ratio_shuffled,1785998523827,12.0123,0.65356,100
novelty_ratio_shuffled,1785998599342,12.0333,0.65303,100
novelty_ratio_shuffled,1785998600051,12.0335,0.65249,100
novelty_ratio_shuffled,1785998923333,12.1233,0.65218,100
novelty_ratio_shuffled,1785999165270,12.1905,0.65298,100
novelty_ratio_shuffled,1785999350321,12.2419,0.65286,100
novelty_ratio_shuffled,1785999357460,12.2439,0.65281,100
novelty_ratio_shuffled,1785999371577,12.2478,0.65222,100
novelty_ratio_shuffled,1785999382091,12.2507,0.65217,100
novelty_ratio_shuffled,1785999386892,12.252,0.65197,100
novelty_ratio_shuffled,1785999458516,12.2719,0.65196,100
novelty_ratio_shuffled,1785999460745,12.2725,0.65214,100
novelty_ratio_shuffled,1785999461903,12.2729,0.65132,100
novelty_ratio_shuffled,1785999484565,12.2792,0.65155,100
novelty_ratio_shuffled,1785999556180,12.2991,0.65163,100
novelty_ratio_shuffled,1785999709818,12.3417,0.65162,100
novelty_ratio_shuffled,1785999741027,12.3504,0.65162,100
novelty_ratio_shuffled,1785999783763,12.3623,0.65184,100
novelty_ratio_shuffled,1785999859163,12.3832,0.65194,100
novelty_ratio_shuffled,1786000125984,12.4573,0.6517,100
novelty_ratio_shuffled,1786000223267,12.4844,0.65156,100
novelty_ratio_shuffled,1786000351037,12.5199,0.65206,100
novelty_ratio_shuffled,1786000351663,12.52,0.6515,100
novelty_ratio_shuffled,1786000382798,12.5287,0.65225,100
novelty_ratio_shuffled,1786000404733,12.5348,0.65285,100
novelty_ratio_shuffled,1786000535806,12.5712,0.6528,100
novelty_ratio_shuffled,1786000546487,12.5741,0.653,100
novelty_ratio_shuffled,1786000680669,12.6114,0.65316,100
novelty_ratio_shuffled,1786000697722,12.6162,0.65438,100
novelty_ratio_shuffled,1786000734752,12.6264,0.6544,100
novelty_ratio_shuffled,1786000782982,12.6398,0.65378,100
novelty_ratio_shuffled,1786000817163,12.6493,0.65337,100
novelty_ratio_shuffled,1786000945348,12.6849,0.65303,100
novelty_ratio_shuffled,1786001116970,12.7326,0.65326,100
novelty_ratio_shuffled,1786001145124,12.7404,0.65301,100
novelty_ratio_shuffled,1786001181411,12.7505,0.65312,100
novelty_ratio_shuffled,1786001209577,12.7583,0.65295,100
novelty_ratio_shuffled,1786001241877,12.7673,0.65393,100
novelty_ratio_shuffled,1786001278149,12.7774,0.6537,100
novelty_ratio_shuffled,1786001317037,12.7882,0.65291,100
novelty_ratio_shuffled,1786001372212,12.8035,0.65347,100
novelty_ratio_shuffled,1786001420774,12.817,0.65388,100
novelty_ratio_shuffled,1786001478373,12.833,0.6541,100
novelty_ratio_shuffled,1786001550895,12.8531,0.65441,100
novelty_ratio_shuffled,1786001556120,12.8546,0.65443,100
novelty_ratio_shuffled,1786001598501,12.8664,0.65427,100
novelty_ratio_shuffled,1786001612936,12.8704,0.65431,100
novelty_ratio_shuffled,1786001701932,12.8951,0.655,100
novelty_ratio_shuffled,1786001720272,12.9002,0.65458,100
novelty_ratio_shuffled,1786001781739,12.9173,0.65443,100
novelty_ratio_shuffled,1786002047673,12.9911,0.65487,100
novelty_ratio_shuffled,1786002086471,13.0019,0.65404,100
novelty_ratio_shuffled,1786002198271,13.033,0.65378,100
novelty_ratio_shuffled,1786002198734,13.0331,0.65382,100
novelty_ratio_shuffled,1786002199179,13.0332,0.65406,100
novelty_ratio_shuffled,1786002199625,13.0333,0.65392,100
novelty_ratio_shuffled,1786002200104,13.0335,0.65393,100
novelty_ratio_shuffled,1786002200558,13.0336,0.65428,100
novelty_ratio_shuffled,1786002321852,13.0673,0.65372,100
novelty_ratio_shuffled,1786002354676,13.0764,0.65466,100
novelty_ratio_shuffled,1786002427223,13.0966,0.65431,100
novelty_ratio_shuffled,1786002427734,13.0967,0.65402,100
novelty_ratio_shuffled,1786002617240,13.1494,0.65401,100
novelty_ratio_shuffled,1786002798191,13.1996,0.65421,100
novelty_ratio_shuffled,1786002817694,13.205,0.65376,100
novelty_ratio_shuffled,1786002818183,13.2052,0.65305,100
novelty_ratio_shuffled,1786002879380,13.2222,0.65344,100
novelty_ratio_shuffled,1786002894475,13.2264,0.65271,100
novelty_ratio_shuffled,1786002914793,13.232,0.65397,100
novelty_ratio_shuffled,1786003018248,13.2607,0.65422,100
novelty_ratio_shuffled,1786003195687,13.31,0.65479,100
novelty_ratio_shuffled,1786003525650,13.4017,0.65388,100
novelty_ratio_shuffled,1786003526114,13.4018,0.65371,100
novelty_ratio_shuffled,1786004073219,13.5538,0.65409,100
novelty_ratio_shuffled,1786004083330,13.5566,0.65426,100
novelty_ratio_shuffled,1786004151146,13.5754,0.65512,100
novelty_ratio_shuffled,1786004168014,13.5801,0.65431,100
novelty_ratio_shuffled,1786004350323,13.6308,0.65389,100
novelty_ratio_shuffled,1786004351461,13.6311,0.65354,100
novelty_ratio_shuffled,1786004352571,13.6314,0.65324,100
novelty_ratio_shuffled,1786004353696,13.6317,0.65333,100
novelty_ratio_shuffled,1786004372467,13.6369,0.65259,100
novelty_ratio_shuffled,1786004393736,13.6428,0.65228,100
novelty_ratio_shuffled,1786004407007,13.6465,0.65199,100
novelty_ratio_shuffled,1786004415188,13.6488,0.65202,100
novelty_ratio_shuffled,1786004437426,13.655,0.65148,100
novelty_ratio_shuffled,1786004475412,13.6655,0.65109,100
novelty_ratio_shuffled,1786004760195,13.7446,0.65109,100
novelty_ratio_shuffled,1786004955684,13.7989,0.65113,100
novelty_ratio_shuffled,1786005328449,13.9025,0.65133,100
novelty_ratio_shuffled,1786005380884,13.917,0.65096,100
novelty_ratio_shuffled,1786005523513,13.9567,0.65072,100
novelty_ratio_shuffled,1786005541839,13.9617,0.65133,100
novelty_ratio_shuffled,1786005561727,13.9673,0.65098,100
novelty_ratio_shuffled,1786005824317,14.0402,0.65099,100
novelty_ratio_shuffled,1786005950648,14.0753,0.65113,100
novelty_ratio_shuffled,1786005950998,14.0754,0.65148,100
novelty_ratio_shuffled,1786006339875,14.1834,0.65069,100
novelty_ratio_shuffled,1786006447193,14.2132,0.65062,100
novelty_ratio_shuffled,1786006900861,14.3392,0.65051,100
novelty_ratio_shuffled,1786007109650,14.3972,0.65016,100
novelty_ratio_shuffled,1786007959361,14.6333,0.65036,100
novelty_ratio_shuffled,1786008449746,14.7695,0.65057,100
novelty_ratio_shuffled,1786008601912,14.8118,0.65078,100
novelty_ratio_shuffled,1786008626919,14.8187,0.65117,100
novelty_ratio_shuffled,1786008642402,14.823,0.6515,100
novelty_ratio_shuffled,1786008642942,14.8232,0.65157,100
novelty_ratio_shuffled,1786008645746,14.8239,0.65167,100
novelty_ratio_shuffled,1786008650629,14.8253,0.65159,100
novelty_ratio_shuffled,1786008654780,14.8264,0.65183,100
novelty_ratio_shuffled,1786008770778,14.8587,0.65304,100
novelty_ratio_shuffled,1786008842920,14.8787,0.65317,100
novelty_ratio_shuffled,1786008868054,14.8857,0.65345,100
novelty_ratio_shuffled,1786008868998,14.886,0.65315,100
novelty_ratio_shuffled,1786008869714,14.8862,0.65283,100
novelty_ratio_shuffled,1786008888568,14.8914,0.65281,100
novelty_ratio_shuffled,1786008931901,14.9034,0.65224,100
novelty_ratio_shuffled,1786009268389,14.9969,0.65227,100
novelty_ratio_shuffled,1786009269694,14.9973,0.6526,100
novelty_ratio_shuffled,1786009396987,15.0326,0.65283,100
novelty_ratio_shuffled,1786009406169,15.0352,0.65266,100
novelty_ratio_shuffled,1786009430406,15.0419,0.6523,100
novelty_ratio_shuffled,1786009444719,15.0459,0.65205,100
novelty_ratio_shuffled,1786009461660,15.0506,0.65121,100
novelty_ratio_shuffled,1786009462024,15.0507,0.65132,100
novelty_ratio_shuffled,1786009498520,15.0608,0.65128,100
novelty_ratio_shuffled,1786009513733,15.065,0.65151,100
novelty_ratio_shuffled,1786009524366,15.068,0.65069,100
novelty_ratio_shuffled,1786009524996,15.0682,0.64967,100
novelty_ratio_shuffled,1786009576357,15.0824,0.64965,100
novelty_ratio_shuffled,1786010228578,15.2636,0.65022,100
novelty_ratio_shuffled,1786010515759,15.3434,0.65061,100
novelty_ratio_shuffled,1786010643969,15.379,0.651,100
novelty_ratio_shuffled,1786010667458,15.3855,0.6511,100
novelty_ratio_shuffled,1786010671819,15.3867,0.65221,100
novelty_ratio_shuffled,1786010699035,15.3943,0.65207,100
novelty_ratio_shuffled,1786010716359,15.3991,0.65257,100
novelty_ratio_shuffled,1786010740486,15.4058,0.65227,100
novelty_ratio_shuffled,1786010741068,15.406,0.65281,100
novelty_ratio_shuffled,1786011112567,15.5092,0.6536,100
novelty_ratio_shuffled,1786011113022,15.5093,0.65313,100
novelty_ratio_shuffled,1786011113490,15.5094,0.65259,100
novelty_ratio_shuffled,1786011113942,15.5095,0.65241,100
novelty_ratio_shuffled,1786011162904,15.5231,0.65187,100
novelty_ratio_shuffled,1786011193265,15.5316,0.65162,100
novelty_ratio_shuffled,1786011555478,15.6322,0.65177,100
novelty_ratio_shuffled,1786011629048,15.6526,0.65214,100
novelty_ratio_shuffled,1786011710793,15.6753,0.65271,100
novelty_ratio_shuffled,1786011778068,15.694,0.6534,100
novelty_ratio_shuffled,1786012038268,15.7663,0.65359,100
novelty_ratio_shuffled,1786012220702,15.817,0.65319,100
novelty_ratio_shuffled,1786012231441,15.82,0.6541,100
novelty_ratio_shuffled,1786012563976,15.9123,0.65383,100
novelty_ratio_shuffled,1786012566844,15.9131,0.65362,100
novelty_ratio_shuffled,1786012569765,15.9139,0.65281,100
novelty_ratio_shuffled,1786012918956,16.0109,0.65293,100
novelty_ratio_shuffled,1786013135022,16.071,0.65301,100
novelty_ratio_shuffled,1786013145659,16.0739,0.65283,100
novelty_ratio_shuffled,1786013566422,16.1908,0.65303,100
novelty_ratio_shuffled,1786013569275,16.1916,0.65131,100
novelty_ratio_shuffled,1786013585541,16.1961,0.65172,100
novelty_ratio_shuffled,1786013725948,16.2351,0.65229,100
novelty_ratio_shuffled,1786014044025,16.3235,0.65212,100
novelty_ratio_shuffled,1786014048346,16.3247,0.65156,100
novelty_ratio_shuffled,1786014051289,16.3255,0.65171,100
novelty_ratio_shuffled,1786014054092,16.3263,0.65132,100
novelty_ratio_shuffled,1786014089891,16.3362,0.65069,100
novelty_ratio_shuffled,1786014465696,16.4406,0.65087,100
novelty_ratio_shuffled,1786014492756,16.4481,0.64947,100
novelty_ratio_shuffled,1786014652839,16.4926,0.64937,100
novelty_ratio_shuffled,1786014672828,16.4981,0.64873,100
novelty_ratio_shuffled,1786014673033,16.4982,0.649,100
novelty_ratio_shuffled,1786014801891,16.534,0.64838,100
novelty_ratio_shuffled,1786014817296,16.5383,0.64828,100
novelty_ratio_shuffled,1786015000344,16.5891,0.64802,100
novelty_ratio_shuffled,1786015133818,16.6262,0.64801,100
novelty_ratio_shuffled,1786015142166,16.6285,0.64764,100
novelty_ratio_shuffled,1786015204126,16.6457,0.64773,100
novelty_ratio_shuffled,1786015207084,16.6465,0.64782,100
novelty_ratio_shuffled,1786015210089,16.6474,0.64811,100
novelty_ratio_shuffled,1786015310636,16.6753,0.64835,100
novelty_ratio_shuffled,1786015320935,16.6782,0.64904,100
novelty_ratio_shuffled,1786015410539,16.703,0.64929,100
novelty_ratio_shuffled,1786015610105,16.7585,0.64929,100
novelty_ratio_shuffled,1786016110802,16.8976,0.6488,100
novelty_ratio_shuffled,1786016126848,16.902,0.64855,100
novelty_ratio_shuffled,1786016194600,16.9208,0.64748,100
novelty_ratio_shuffled,1786016378349,16.9719,0.64755,100
novelty_ratio_shuffled,1786016398634,16.9775,0.6477,100
novelty_ratio_shuffled,1786016399407,16.9777,0.64767,100
novelty_ratio_shuffled,1786016426330,16.9852,0.6484,100
novelty_ratio_shuffled,1786016704259,17.0624,0.64861,100
novelty_ratio_shuffled,1786016717846,17.0662,0.64776,100
novelty_ratio_shuffled,1786016848152,17.1024,0.64761,100
novelty_ratio_shuffled,1786016848878,17.1026,0.64734,100
novelty_ratio_shuffled,1786016850192,17.103,0.64764,100
novelty_ratio_shuffled,1786017038738,17.1553,0.64697,100
novelty_ratio_shuffled,1786017038920,17.1554,0.64721,100
novelty_ratio_shuffled,1786017039110,17.1554,0.64701,100
novelty_ratio_shuffled,1786017039288,17.1555,0.64647,100
novelty_ratio_shuffled,1786017039452,17.1555,0.64603,100
novelty_ratio_shuffled,1786017232410,17.2091,0.64718,100
novelty_ratio_shuffled,1786017383136,17.251,0.64703,100
novelty_ratio_shuffled,1786018628658,17.597,0.64705,100
novelty_ratio_shuffled,1786018661711,17.6062,0.64593,100
novelty_ratio_shuffled,1786018794513,17.643,0.64579,100
novelty_ratio_shuffled,1786018803688,17.6456,0.64543,100
novelty_ratio_shuffled,1786018827012,17.6521,0.64632,100
novelty_ratio_shuffled,1786018876424,17.6658,0.64668,100
novelty_ratio_shuffled,1786018907630,17.6745,0.64683,100
novelty_ratio_shuffled,1786018908541,17.6747,0.64498,100
novelty_ratio_shuffled,1786018913240,17.676,0.64444,100
novelty_ratio_shuffled,1786018987643,17.6967,0.64494,100
novelty_ratio_shuffled,1786019100994,17.7282,0.64477,100
novelty_ratio_shuffled,1786019101467,17.7283,0.64509,100
novelty_ratio_shuffled,1786019102062,17.7285,0.64467,100
novelty_ratio_shuffled,1786019105041,17.7293,0.6452,100
novelty_ratio_shuffled,1786019107873,17.7301,0.64483,100
novelty_ratio_shuffled,1786019159674,17.7445,0.64346,100
novelty_ratio_shuffled,1786019193259,17.7538,0.64396,100
novelty_ratio_shuffled,1786019204195,17.7568,0.6436,100
novelty_ratio_shuffled,1786019204541,17.7569,0.64328,100
novelty_ratio_shuffled,1786019205561,17.7572,0.64303,100
novelty_ratio_shuffled,1786019213646,17.7595,0.64277,100
novelty_ratio_shuffled,1786019233768,17.7651,0.64226,100
novelty_ratio_shuffled,1786019237162,17.766,0.64191,100
novelty_ratio_shuffled,1786019260689,17.7725,0.64217,100
novelty_ratio_shuffled,1786019443532,17.8233,0.64223,100
novelty_ratio_shuffled,1786019460629,17.8281,0.64165,100
novelty_ratio_shuffled,1786019476936,17.8326,0.64223,100
novelty_ratio_shuffled,1786019478560,17.8331,0.6414,100
novelty_ratio_shuffled,1786019516595,17.8436,0.64043,100
novelty_ratio_shuffled,1786019842343,17.9341,0.64031,100
novelty_ratio_shuffled,1786019853444,17.9372,0.63997,100
novelty_ratio_shuffled,1786019853936,17.9373,0.63855,100
novelty_ratio_shuffled,1786019855231,17.9377,0.63831,100
novelty_ratio_shuffled,1786020141649,18.0172,0.63842,100
novelty_ratio_shuffled,1786020187076,18.0299,0.63844,100
novelty_ratio_shuffled,1786020199583,18.0333,0.63806,100
novelty_ratio_shuffled,1786020206532,18.0353,0.63806,100
novelty_ratio_shuffled,1786020210072,18.0363,0.63728,100
novelty_ratio_shuffled,1786020252743,18.0481,0.63736,100
novelty_ratio_shuffled,1786020254389,18.0486,0.63725,100
novelty_ratio_shuffled,1786020267236,18.0521,0.6374,100
novelty_ratio_shuffled,1786020294682,18.0598,0.63762,100
novelty_ratio_shuffled,1786020346358,18.0741,0.63725,100
novelty_ratio_shuffled,1786020355033,18.0765,0.63667,100
novelty_ratio_shuffled,1786020366836,18.0798,0.63598,100
novelty_ratio_shuffled,1786020415304,18.0933,0.63538,100
novelty_ratio_shuffled,1786020534166,18.1263,0.63487,100
novelty_ratio_shuffled,1786020542102,18.1285,0.63489,100
novelty_ratio_shuffled,1786020548608,18.1303,0.63524,100
novelty_ratio_shuffled,1786020556314,18.1324,0.63535,100
novelty_ratio_shuffled,1786020559239,18.1332,0.63526,100
novelty_ratio_shuffled,1786020563422,18.1344,0.63615,100
novelty_ratio_shuffled,1786020607736,18.1467,0.63568,100
novelty_ratio_shuffled,1786020721970,18.1784,0.63557,100
novelty_ratio_shuffled,1786020726423,18.1797,0.63518,100
novelty_ratio_shuffled,1786020731026,18.181,0.63559,100
novelty_ratio_shuffled,1786020802213,18.2007,0.6357,100
novelty_ratio_shuffled,1786020805429,18.2016,0.63554,100
novelty_ratio_shuffled,1786020807623,18.2022,0.63526,100
novelty_ratio_shuffled,1786020808332,18.2024,0.6352,100
novelty_ratio_shuffled,1786020811324,18.2033,0.63516,100
novelty_ratio_shuffled,1786020814274,18.2041,0.63554,100
novelty_ratio_shuffled,1786020857013,18.216,0.63652,100
novelty_ratio_shuffled,1786020858540,18.2164,0.63665,100
novelty_ratio_shuffled,1786020868732,18.2192,0.63667,100
novelty_ratio_shuffled,1786020887641,18.2245,0.63647,100
novelty_ratio_shuffled,1786020916220,18.2324,0.63773,100
novelty_ratio_shuffled,1786020949145,18.2415,0.63767,100
novelty_ratio_shuffled,1786020951430,18.2422,0.63736,100
novelty_ratio_shuffled,1786020951879,18.2423,0.63775,100
novelty_ratio_shuffled,1786021007321,18.2577,0.63885,100
novelty_ratio_shuffled,1786021103033,18.2843,0.63897,100
novelty_ratio_shuffled,1786021199398,18.3111,0.63884,100
novelty_ratio_shuffled,1786021205518,18.3128,0.63914,100
novelty_ratio_shuffled,1786021303577,18.34,0.63948,100
novelty_ratio_shuffled,1786021347602,18.3522,0.63993,100
novelty_ratio_shuffled,1786021347842,18.3523,0.6401,100
novelty_ratio_shuffled,1786021348006,18.3523,0.64006,100
novelty_ratio_shuffled,1786021535050,18.4043,0.64007,100
novelty_ratio_shuffled,1786021788112,18.4746,0.64103,100
novelty_ratio_shuffled,1786021794178,18.4763,0.64144,100
novelty_ratio_shuffled,1786021802585,18.4786,0.64174,100
novelty_ratio_shuffled,1786021855624,18.4933,0.64192,100
novelty_ratio_shuffled,1786021874534,18.4986,0.64306,100
novelty_ratio_shuffled,1786021940829,18.517,0.64339,100
novelty_ratio_shuffled,1786022067554,18.5522,0.64365,100
novelty_ratio_shuffled,1786022115597,18.5656,0.64457,100
novelty_ratio_shuffled,1786022116228,18.5657,0.64566,100
novelty_ratio_shuffled,1786022364208,18.6346,0.64598,100
novelty_ratio_shuffled,1786022388459,18.6414,0.64644,100
novelty_ratio_shuffled,1786022390124,18.6418,0.64718,100
novelty_ratio_shuffled,1786022410256,18.6474,0.64808,100
novelty_ratio_shuffled,1786022422769,18.6509,0.64792,100
novelty_ratio_shuffled,1786022458907,18.6609,0.64827,100
novelty_ratio_shuffled,1786022471637,18.6645,0.64995,100
novelty_ratio_shuffled,1786022520063,18.6779,0.65025,100
novelty_ratio_shuffled,1786022554475,18.6875,0.65115,100
novelty_ratio_shuffled,1786022559774,18.6889,0.65188,100
novelty_ratio_shuffled,1786022575686,18.6934,0.65128,100
novelty_ratio_shuffled,1786022689958,18.7251,0.65159,100
novelty_ratio_shuffled,1786022690363,18.7252,0.65145,100
novelty_ratio_shuffled,1786022690783,18.7253,0.65155,100
novelty_ratio_shuffled,1786022691230,18.7255,0.65127,100
novelty_ratio_shuffled,1786022712199,18.7313,0.65138,100
novelty_ratio_shuffled,1786022989068,18.8082,0.65188,100
novelty_ratio_shuffled,1786023338584,18.9053,0.65183,100
novelty_ratio_shuffled,1786023396255,18.9213,0.65142,100
novelty_ratio_shuffled,1786023515786,18.9545,0.65113,100
novelty_ratio_shuffled,1786023522664,18.9564,0.65108,100
novelty_ratio_shuffled,1786023524395,18.9569,0.65067,100
novelty_ratio_shuffled,1786023535683,18.96,0.6517,100
novelty_ratio_shuffled,1786023560243,18.9669,0.65247,100
novelty_ratio_shuffled,1786023581970,18.9729,0.65268,100
novelty_ratio_shuffled,1786023594950,18.9765,0.65286,100
novelty_ratio_shuffled,1786023731508,19.0144,0.65292,100
novelty_ratio_shuffled,1786023920280,19.0669,0.65417,100
novelty_ratio_shuffled,1786023920866,19.067,0.65416,100
novelty_ratio_shuffled,1786024004792,19.0903,0.65407,100
novelty_ratio_shuffled,1786024067664,19.1078,0.6545,100
novelty_ratio_shuffled,1786024100595,19.117,0.65497,100
novelty_ratio_shuffled,1786024225085,19.1515,0.65525,100
novelty_ratio_shuffled,1786024225507,19.1516,0.65588,100
novelty_ratio_shuffled,1786024225887,19.1518,0.65581,100
novelty_ratio_shuffled,1786024226284,19.1519,0.65545,100
novelty_ratio_shuffled,1786024226690,19.152,0.65619,100
novelty_ratio_shuffled,1786024411048,19.2032,0.65708,100
novelty_ratio_shuffled,1786024647902,19.269,0.65632,100
novelty_ratio_shuffled,1786024672485,19.2758,0.65716,100
novelty_ratio_shuffled,1786024672652,19.2759,0.65805,100
novelty_ratio_shuffled,1786024672835,19.2759,0.65843,100
novelty_ratio_shuffled,1786024721738,19.2895,0.65808,100
novelty_ratio_shuffled,1786024925414,19.3461,0.65836,100
novelty_ratio_shuffled,1786025114142,19.3985,0.6582,100
novelty_ratio_shuffled,1786025214539,19.4264,0.65839,100
novelty_ratio_shuffled,1786025405183,19.4793,0.65827,100
novelty_ratio_shuffled,1786025408709,19.4803,0.65825,100
novelty_ratio_shuffled,1786025412083,19.4813,0.65825,100
novelty_ratio_shuffled,1786025413586,19.4817,0.66102,100
novelty_ratio_shuffled,1786025498761,19.5053,0.66076,100
novelty_ratio_shuffled,1786025721627,19.5672,0.66113,100
novelty_ratio_shuffled,1786025984190,19.6402,0.66143,100
novelty_ratio_shuffled,1786026790135,19.864,0.66096,100
novelty_ratio_shuffled,1786027081930,19.9451,0.66103,100
novelty_ratio_shuffled,1786027082514,19.9453,0.66116,100
novelty_ratio_shuffled,1786027083125,19.9454,0.66158,100
novelty_ratio_shuffled,1786027329966,20.014,0.66166,100
novelty_ratio_shuffled,1786027355716,20.0212,0.66146,100
novelty_ratio_shuffled,1786027367729,20.0245,0.66123,100
novelty_ratio_shuffled,1786027435063,20.0432,0.66082,100
novelty_ratio_shuffled,1786027480392,20.0558,0.66107,100
novelty_ratio_shuffled,1786027490772,20.0587,0.66123,100
novelty_ratio_shuffled,1786027497752,20.0606,0.66042,100
novelty_ratio_shuffled,1786027540434,20.0725,0.66021,100
novelty_ratio_shuffled,1786027694905,20.1154,0.65912,100
novelty_ratio_shuffled,1786027732344,20.1258,0.65893,100
novelty_ratio_shuffled,1786027793323,20.1427,0.66,100
novelty_ratio_shuffled,1786027826305,20.1519,0.65944,100
novelty_ratio_shuffled,1786028156619,20.2436,0.65948,100
novelty_ratio_shuffled,1786028156807,20.2437,0.65959,100
novelty_ratio_shuffled,1786028156975,20.2437,0.65961,100
novelty_ratio_shuffled,1786028222840,20.262,0.66009,100
novelty_ratio_shuffled,1786028223054,20.2621,0.65988,100
novelty_ratio_shuffled,1786028506669,20.3409,0.65882,100
novelty_ratio_shuffled,1786028659086,20.3832,0.65871,100
novelty_ratio_shuffled,1786028699168,20.3943,0.65883,100
novelty_ratio_shuffled,1786028893777,20.4484,0.65923,100
novelty_ratio_shuffled,1786029000397,20.478,0.65805,100
novelty_ratio_shuffled,1786029027742,20.4856,0.65827,100
novelty_ratio_shuffled,1786029074371,20.4986,0.65874,100
novelty_ratio_shuffled,1786029160291,20.5224,0.66002,100
novelty_ratio_shuffled,1786029216070,20.5379,0.65936,100
novelty_ratio_shuffled,1786029216521,20.538,0.65971,100
novelty_ratio_shuffled,1786029216910,20.5382,0.65966,100
novelty_ratio_shuffled,1786029225082,20.5404,0.65964,100
novelty_ratio_shuffled,1786030176617,20.8047,0.6594,100
novelty_ratio_shuffled,1786030284428,20.8347,0.65843,100
novelty_ratio_shuffled,1786030307283,20.841,0.65878,100
novelty_ratio_shuffled,1786030309698,20.8417,0.65824,100
novelty_ratio_shuffled,1786030364229,20.8568,0.65795,100
novelty_ratio_shuffled,1786030390263,20.8641,0.65728,100
novelty_ratio_shuffled,1786030390593,20.8642,0.65691,100
novelty_ratio_shuffled,1786030390727,20.8642,0.65653,100
novelty_ratio_shuffled,1786030519173,20.8999,0.65659,100
novelty_ratio_shuffled,1786030590360,20.9197,0.65742,100
novelty_ratio_shuffled,1786030619448,20.9277,0.65718,100
novelty_ratio_shuffled,1786030708344,20.9524,0.65737,100
novelty_ratio_shuffled,1786030713418,20.9538,0.65635,100
novelty_ratio_shuffled,1786030726207,20.9574,0.65449,100
novelty_ratio_shuffled,1786030818895,20.9831,0.65465,100
novelty_ratio_shuffled,1786030856978,20.9937,0.65409,100
novelty_ratio_shuffled,1786030925084,21.0126,0.65326,100
novelty_ratio_shuffled,1786030999254,21.0332,0.65262,100
novelty_ratio_shuffled,1786031172477,21.0814,0.65293,100
novelty_ratio_shuffled,1786031374834,21.1376,0.65393,100
novelty_ratio_shuffled,1786031390559,21.1419,0.65309,100
novelty_ratio_shuffled,1786031395470,21.1433,0.65301,100
novelty_ratio_shuffled,1786031402443,21.1452,0.653,100
novelty_ratio_shuffled,1786031427697,21.1523,0.65291,100
novelty_ratio_shuffled,1786031428083,21.1524,0.65275,100
novelty_ratio_shuffled,1786031428470,21.1525,0.65276,100
novelty_ratio_shuffled,1786031540889,21.1837,0.65243,100
novelty_ratio_shuffled,1786031622654,21.2064,0.65139,100
novelty_ratio_shuffled,1786031634200,21.2096,0.65196,100
novelty_ratio_shuffled,1786031951944,21.2979,0.65239,100
novelty_ratio_shuffled,1786032108193,21.3413,0.65097,100
novelty_ratio_shuffled,1786032116160,21.3435,0.65067,100
novelty_ratio_shuffled,1786032163778,21.3567,0.65093,100
novelty_ratio_shuffled,1786032315163,21.3988,0.65137,100
novelty_ratio_shuffled,1786032332839,21.4037,0.65169,100
novelty_ratio_shuffled,1786032444464,21.4347,0.65214,100
novelty_ratio_shuffled,1786032576415,21.4713,0.65165,100
novelty_ratio_shuffled,1786032576924,21.4715,0.65133,100
novelty_ratio_shuffled,1786032649808,21.4917,0.65095,100
novelty_ratio_shuffled,1786032650052,21.4918,0.65095,100
novelty_ratio_shuffled,1786032677474,21.4994,0.65075,100
novelty_ratio_shuffled,1786032687718,21.5023,0.65077,100
novelty_ratio_shuffled,1786032730250,21.5141,0.64991,100
novelty_ratio_shuffled,1786032873585,21.5539,0.65054,100
novelty_ratio_shuffled,1786032895016,21.5598,0.65056,100
novelty_ratio_shuffled,1786033003421,21.59,0.65139,100
novelty_ratio_shuffled,1786033096527,21.6158,0.65143,100
novelty_ratio_shuffled,1786033222133,21.6507,0.65097,100
novelty_ratio_shuffled,1786033222667,21.6509,0.65112,100
novelty_ratio_shuffled,1786033305260,21.6738,0.65071,100
novelty_ratio_shuffled,1786033349351,21.6861,0.6502,100
novelty_ratio_shuffled,1786033349671,21.6861,0.64963,100
novelty_ratio_shuffled,1786033350021,21.6862,0.64978,100
novelty_ratio_shuffled,1786033350455,21.6864,0.64959,100
novelty_ratio_shuffled,1786033350765,21.6864,0.64948,100
novelty_ratio_shuffled,1786033351051,21.6865,0.64941,100
novelty_ratio_shuffled,1786033351320,21.6866,0.64912,100
novelty_ratio_shuffled,1786033351659,21.6867,0.64872,100
novelty_ratio_shuffled,1786033351957,21.6868,0.64901,100
novelty_ratio_shuffled,1786033352214,21.6868,0.64823,100
novelty_ratio_shuffled,1786033379810,21.6945,0.64827,100
novelty_ratio_shuffled,1786033399393,21.7,0.64819,100
novelty_ratio_shuffled,1786033414808,21.7042,0.64797,100
novelty_ratio_shuffled,1786033440843,21.7115,0.64609,100
novelty_ratio_shuffled,1786033463533,21.7178,0.64625,100
novelty_ratio_shuffled,1786033465895,21.7184,0.64605,100
novelty_ratio_shuffled,1786033466517,21.7186,0.64594,100
novelty_ratio_shuffled,1786033590843,21.7531,0.64568,100
novelty_ratio_shuffled,1786033606155,21.7574,0.64593,100
novelty_ratio_shuffled,1786033611648,21.7589,0.64601,100
novelty_ratio_shuffled,1786033617108,21.7604,0.64612,100
novelty_ratio_shuffled,1786033710792,21.7865,0.64564,100
novelty_ratio_shuffled,1786033768879,21.8026,0.64587,100
novelty_ratio_shuffled,1786033796794,21.8103,0.64591,100
novelty_ratio_shuffled,1786033854367,21.8263,0.64617,100
novelty_ratio_shuffled,1786033859641,21.8278,0.64575,100
novelty_ratio_shuffled,1786034322145,21.9563,0.64611,100
novelty_ratio_shuffled,1786034438285,21.9885,0.64633,100
novelty_ratio_shuffled,1786034496622,22.0047,0.64712,100
novelty_ratio_shuffled,1786034539635,22.0167,0.6478,100
novelty_ratio_shuffled,1786034643798,22.0456,0.64778,100
novelty_ratio_shuffled,1786034723534,22.0678,0.64651,100
novelty_ratio_shuffled,1786034807133,22.091,0.64669,100
novelty_ratio_shuffled,1786034819384,22.0944,0.64651,100
novelty_ratio_shuffled,1786034915554,22.1211,0.6467,100
novelty_ratio_shuffled,1786035283778,22.2234,0.64641,100
novelty_ratio_shuffled,1786035317247,22.2327,0.64568,100
novelty_ratio_shuffled,1786035449240,22.2694,0.64542,100
novelty_ratio_shuffled,1786035701705,22.3395,0.6456,100
novelty_ratio_shuffled,1786035779642,22.3611,0.64577,100
novelty_ratio_shuffled,1786035962929,22.412,0.64528,100
novelty_ratio_shuffled,1786036053590,22.4372,0.6452,100
novelty_ratio_shuffled,1786036146415,22.463,0.64503,100
novelty_ratio_shuffled,1786036147566,22.4633,0.64491,100
novelty_ratio_shuffled,1786036251426,22.4922,0.64486,100
novelty_ratio_shuffled,1786036318361,22.5108,0.64324,100
novelty_ratio_shuffled,1786036319488,22.5111,0.64327,100
novelty_ratio_shuffled,1786036320621,22.5114,0.6431,100
novelty_ratio_shuffled,1786036321757,22.5117,0.64305,100
novelty_ratio_shuffled,1786036401087,22.5338,0.64254,100
novelty_ratio_shuffled,1786036464844,22.5515,0.64256,100
novelty_ratio_shuffled,1786036554370,22.5763,0.64267,100
novelty_ratio_shuffled,1786036654947,22.6043,0.64278,100
novelty_ratio_shuffled,1786036749235,22.6305,0.64428,100
novelty_ratio_shuffled,1786036800551,22.6447,0.64414,100
novelty_ratio_shuffled,1786036803628,22.6456,0.64395,100
novelty_ratio_shuffled,1786036804371,22.6458,0.64386,100
novelty_ratio_shuffled,1786036840882,22.6559,0.64562,100
novelty_ratio_shuffled,1786036957564,22.6883,0.64617,100
novelty_ratio_shuffled,1786036958790,22.6887,0.64568,100
novelty_ratio_shuffled,1786037009840,22.7029,0.64551,100
novelty_ratio_shuffled,1786037021694,22.7061,0.64515,100
novelty_ratio_shuffled,1786037028518,22.708,0.64514,100
novelty_ratio_shuffled,1786037050570,22.7142,0.6457,100
novelty_ratio_shuffled,1786037235231,22.7655,0.64573,100
novelty_ratio_shuffled,1786037414258,22.8152,0.64592,100
novelty_ratio_shuffled,1786037449044,22.8249,0.64635,100
novelty_ratio_shuffled,1786037514356,22.843,0.64646,100
novelty_ratio_shuffled,1786037551322,22.8533,0.64602,100
novelty_ratio_shuffled,1786037573315,22.8594,0.64483,100
novelty_ratio_shuffled,1786037573984,22.8596,0.64472,100
novelty_ratio_shuffled,1786037623763,22.8734,0.64448,100
novelty_ratio_shuffled,1786037696332,22.8935,0.64429,100
novelty_ratio_shuffled,1786037814148,22.9263,0.6438,100
novelty_ratio_shuffled,1786037911105,22.9532,0.64369,100
novelty_ratio_shuffled,1786038156906,23.0215,0.64382,100
novelty_ratio_shuffled,1786038157447,23.0216,0.64442,100
novelty_ratio_shuffled,1786038157945,23.0218,0.64537,100
novelty_ratio_shuffled,1786038158445,23.0219,0.64481,100
novelty_ratio_shuffled,1786038158939,23.022,0.64469,100
novelty_ratio_shuffled,1786038286738,23.0575,0.64533,100
novelty_ratio_shuffled,1786038338476,23.0719,0.64548,100
novelty_ratio_shuffled,1786038339172,23.0721,0.64466,100
novelty_ratio_shuffled,1786038339880,23.0723,0.6443,100
novelty_ratio_shuffled,1786038340609,23.0725,0.64442,100
novelty_ratio_shuffled,1786038371100,23.081,0.64435,100
novelty_ratio_shuffled,1786038371459,23.0811,0.64393,100
novelty_ratio_shuffled,1786038483689,23.1123,0.64354,100
novelty_ratio_shuffled,1786038572570,23.1369,0.64472,100
novelty_ratio_shuffled,1786038584607,23.1403,0.64458,100
novelty_ratio_shuffled,1786038600342,23.1447,0.64467,100
novelty_ratio_shuffled,1786038730072,23.1807,0.64399,100
novelty_ratio_shuffled,1786038730544,23.1808,0.64392,100
novelty_ratio_shuffled,1786038730996,23.181,0.64345,100
novelty_ratio_shuffled,1786038731448,23.1811,0.64251,100
novelty_ratio_shuffled,1786038731902,23.1812,0.64137,100
novelty_ratio_shuffled,1786038740507,23.1836,0.64093,100
novelty_ratio_shuffled,1786038741005,23.1837,0.64071,100
novelty_ratio_shuffled,1786038741470,23.1839,0.64043,100
novelty_ratio_shuffled,1786038741963,23.184,0.64035,100
novelty_ratio_shuffled,1786038742433,23.1841,0.64019,100
novelty_ratio_shuffled,1786038845072,23.2126,0.63911,100
novelty_ratio_shuffled,1786038921857,23.234,0.63806,100
novelty_ratio_shuffled,1786039058390,23.2719,0.63697,100
novelty_ratio_shuffled,1786039122731,23.2898,0.63712,100
novelty_ratio_shuffled,1786039166386,23.3019,0.63736,100
novelty_ratio_shuffled,1786039201214,23.3116,0.63744,100
novelty_ratio_shuffled,1786039235811,23.3212,0.6375,100
novelty_ratio_shuffled,1786039241319,23.3227,0.6372,100
novelty_ratio_shuffled,1786039259731,23.3278,0.63741,100
novelty_ratio_shuffled,1786039276804,23.3326,0.63723,100
novelty_ratio_shuffled,1786039280272,23.3335,0.6368,100
novelty_ratio_shuffled,1786039371002,23.3587,0.63666,100
novelty_ratio_shuffled,1786039385135,23.3627,0.63665,100
novelty_ratio_shuffled,1786039410174,23.3696,0.63666,100
novelty_ratio_shuffled,1786039442226,23.3785,0.63619,100
novelty_ratio_shuffled,1786039459419,23.3833,0.63678,100
novelty_ratio_shuffled,1786039581527,23.4172,0.63723,100
novelty_ratio_shuffled,1786039620411,23.428,0.63662,100
novelty_ratio_shuffled,1786039635476,23.4322,0.6367,100
novelty_ratio_shuffled,1786039663308,23.4399,0.63719,100
novelty_ratio_shuffled,1786039686513,23.4464,0.63776,100
novelty_ratio_shuffled,1786039687021,23.4465,0.6379,100
novelty_ratio_shuffled,1786039687502,23.4466,0.63821,100
novelty_ratio_shuffled,1786039688011,23.4468,0.63797,100
novelty_ratio_shuffled,1786039688466,23.4469,0.63845,100
novelty_ratio_shuffled,1786039942925,23.5176,0.63755,100
novelty_ratio_shuffled,1786039943171,23.5177,0.63728,100
novelty_ratio_shuffled,1786040223088,23.5954,0.63767,100
novelty_ratio_shuffled,1786040369611,23.6361,0.638,100
novelty_ratio_shuffled,1786040476085,23.6657,0.63755,100
novelty_ratio_shuffled,1786040639998,23.7112,0.63908,100
novelty_ratio_shuffled,1786040709014,23.7304,0.6396,100
novelty_ratio_shuffled,1786040738409,23.7386,0.63946,100
novelty_ratio_shuffled,1786040790563,23.7531,0.63913,100
novelty_ratio_shuffled,1786040844369,23.768,0.6395,100
novelty_ratio_shuffled,1786040844978,23.7682,0.64017,100
novelty_ratio_shuffled,1786040857939,23.7718,0.6407,100
novelty_ratio_shuffled,1786040961753,23.8006,0.64027,100
novelty_ratio_shuffled,1786040986456,23.8075,0.64022,100
novelty_ratio_shuffled,1786041071389,23.8311,0.64055,100
novelty_ratio_shuffled,1786041081683,23.8339,0.64011,100
novelty_ratio_shuffled,1786041082348,23.8341,0.64033,100
novelty_ratio_shuffled,1786041082725,23.8342,0.64053,100
novelty_ratio_shuffled,1786041105361,23.8405,0.64079,100
novelty_ratio_shuffled,1786041282141,23.8896,0.6413,100
novelty_ratio_shuffled,1786041340473,23.9058,0.64128,100
novelty_ratio_shuffled,1786041376165,23.9157,0.64192,100
novelty_ratio_shuffled,1786041428303,23.9302,0.64149,100
novelty_ratio_shuffled,1786041428745,23.9303,0.64137,100
novelty_ratio_shuffled,1786041429217,23.9305,0.64089,100
novelty_ratio_shuffled,1786041524713,23.957,0.6405,100
novelty_ratio_shuffled,1786041695621,24.0045,0.64014,100
novelty_ratio_shuffled,1786041875445,24.0544,0.63917,100
novelty_ratio_shuffled,1786042099119,24.1165,0.6393,100
novelty_ratio_shuffled,1786042403177,24.201,0.63971,100
novelty_ratio_shuffled,1786042409519,24.2028,0.64,100
novelty_ratio_shuffled,1786042440095,24.2113,0.63811,100
novelty_ratio_shuffled,1786042447320,24.2133,0.63763,100
novelty_ratio_shuffled,1786042447655,24.2134,0.63749,100
novelty_ratio_shuffled,1786042447988,24.2134,0.63794,100
novelty_ratio_shuffled,1786042448330,24.2135,0.6382,100
novelty_ratio_shuffled,1786042448676,24.2136,0.63806,100
novelty_ratio_shuffled,1786042608609,24.2581,0.63823,100
novelty_ratio_shuffled,1786042609319,24.2583,0.63735,100
novelty_ratio_shuffled,1786042610048,24.2585,0.63712,100
novelty_ratio_shuffled,1786042709077,24.286,0.63562,100
novelty_ratio_shuffled,1786042924538,24.3458,0.63573,100
novelty_ratio_shuffled,1786043314525,24.4542,0.65094,100
novelty_ratio_shuffled,1786043551607,24.52,0.65086,100
novelty_ratio_shuffled,1786043581748,24.5284,0.65097,100
novelty_ratio_shuffled,1786043605702,24.535,0.65139,100
novelty_ratio_shuffled,1786043605980,24.5351,0.65161,100
novelty_ratio_shuffled,1786043606251,24.5352,0.65156,100
novelty_ratio_shuffled,1786043606567,24.5353,0.65131,100
novelty_ratio_shuffled,1786043668894,24.5526,0.65121,100
novelty_ratio_shuffled,1786043762649,24.5786,0.65092,100
novelty_ratio_shuffled,1786043854787,24.6042,0.65076,100
novelty_ratio_shuffled,1786044020026,24.6501,0.65072,100
novelty_ratio_shuffled,1786044260842,24.717,0.65068,100
novelty_ratio_shuffled,1786044277169,24.7216,0.65044,100
novelty_ratio_shuffled,1786044306608,24.7297,0.6506,100
novelty_ratio_shuffled,1786044608618,24.8136,0.6515,100
novelty_ratio_shuffled,1786044608856,24.8137,0.65139,100
novelty_ratio_shuffled,1786044609043,24.8137,0.65098,100
novelty_ratio_shuffled,1786044609238,24.8138,0.65074,100
novelty_ratio_shuffled,1786044609414,24.8138,0.65109,100
novelty_ratio_shuffled,1786044609600,24.8139,0.65107,100
novelty_ratio_shuffled,1786044609789,24.8139,0.64998,100
novelty_ratio_shuffled,1786044609960,24.814,0.64981,100
novelty_ratio_shuffled,1786044610151,24.8141,0.64984,100
novelty_ratio_shuffled,1786044610340,24.8141,0.6502,100
novelty_ratio_shuffled,1786044620119,24.8168,0.64975,100
novelty_ratio_shuffled,1786044620237,24.8169,0.64983,100
novelty_ratio_shuffled,1786044620358,24.8169,0.65032,100
novelty_ratio_shuffled,1786044620507,24.8169,0.65029,100
novelty_ratio_shuffled,1786044769688,24.8584,0.65077,100
novelty_ratio_shuffled,1786045035188,24.9321,0.65112,100
novelty_ratio_shuffled,1786045191993,24.9757,0.65142,100
novelty_ratio_shuffled,1786045267312,24.9966,0.65073,100
novelty_ratio_shuffled,1786045303249,25.0066,0.65098,100
novelty_ratio_shuffled,1786045319272,25.011,0.65209,100
novelty_ratio_shuffled,1786045507116,25.0632,0.65408,100
novelty_ratio_shuffled,1786045562381,25.0786,0.65535,100
novelty_ratio_shuffled,1786045694305,25.1152,0.65498,100
novelty_ratio_shuffled,1786045722365,25.123,0.65456,100
novelty_ratio_shuffled,1786045788881,25.1415,0.65488,100
novelty_ratio_shuffled,1786045797602,25.1439,0.65524,100
novelty_ratio_shuffled,1786045823368,25.1511,0.65612,100
novelty_ratio_shuffled,1786045840839,25.1559,0.65665,100
novelty_ratio_shuffled,1786045879326,25.1666,0.65663,100
novelty_ratio_shuffled,1786045879866,25.1667,0.65637,100
novelty_ratio_shuffled,1786045900020,25.1723,0.65655,100
novelty_ratio_shuffled,1786045940422,25.1836,0.65632,100
novelty_ratio_shuffled,1786045986531,25.1964,0.65669,100
novelty_ratio_shuffled,1786045987006,25.1965,0.65744,100
novelty_ratio_shuffled,1786045987518,25.1967,0.65703,100
novelty_ratio_shuffled,1786045988091,25.1968,0.65755,100
novelty_ratio_shuffled,1786046057078,25.216,0.65822,100
novelty_ratio_shuffled,1786046057558,25.2161,0.65777,100
novelty_ratio_shuffled,1786046102823,25.2287,0.65729,100
novelty_ratio_shuffled,1786046114974,25.2321,0.65677,100
novelty_ratio_shuffled,1786046195115,25.2543,0.65657,100
novelty_ratio_shuffled,1786046460456,25.328,0.6566,100
novelty_ratio_shuffled,1786046460675,25.3281,0.65634,100
novelty_ratio_shuffled,1786046460868,25.3281,0.65572,100
novelty_ratio_shuffled,1786046461068,25.3282,0.65657,100
novelty_ratio_shuffled,1786046461263,25.3282,0.65665,100
novelty_ratio_shuffled,1786046461458,25.3283,0.65631,100
novelty_ratio_shuffled,1786046461633,25.3284,0.65625,100
novelty_ratio_shuffled,1786046542593,25.3508,0.65686,100
novelty_ratio_shuffled,1786046598794,25.3665,0.65571,100
novelty_ratio_shuffled,1786046741190,25.406,0.65563,100
novelty_ratio_shuffled,1786046802470,25.423,0.65579,100
novelty_ratio_shuffled,1786046846117,25.4352,0.65621,100
novelty_ratio_shuffled,1786046960372,25.4669,0.65515,100
novelty_ratio_shuffled,1786046965417,25.4683,0.65472,100
novelty_ratio_shuffled,1786046984691,25.4736,0.65416,100
novelty_ratio_shuffled,1786046985008,25.4737,0.65441,100
novelty_ratio_shuffled,1786046997037,25.4771,0.65474,100
novelty_ratio_shuffled,1786047004237,25.4791,0.65423,100
novelty_ratio_shuffled,1786047065674,25.4961,0.65466,100
novelty_ratio_shuffled,1786047164340,25.5235,0.65434,100
novelty_ratio_shuffled,1786047210936,25.5365,0.65382,100
novelty_ratio_shuffled,1786047355110,25.5765,0.6534,100
novelty_ratio_shuffled,1786047355426,25.5766,0.65316,100
novelty_ratio_shuffled,1786047355727,25.5767,0.65255,100
novelty_ratio_shuffled,1786047356276,25.5769,0.65203,100
novelty_ratio_shuffled,1786047356574,25.5769,0.65216,100
novelty_ratio_shuffled,1786047391957,25.5868,0.65252,100
novelty_ratio_shuffled,1786047392436,25.5869,0.65269,100
novelty_ratio_shuffled,1786047424515,25.5958,0.65301,100
novelty_ratio_shuffled,1786047481376,25.6116,0.65269,100
novelty_ratio_shuffled,1786047488245,25.6135,0.65351,100
novelty_ratio_shuffled,1786047525780,25.6239,0.65356,100
novelty_ratio_shuffled,1786047526177,25.6241,0.65335,100
novelty_ratio_shuffled,1786047526601,25.6242,0.65333,100
novelty_ratio_shuffled,1786047526998,25.6243,0.65361,100
novelty_ratio_shuffled,1786047527389,25.6244,0.65339,100
novelty_ratio_shuffled,1786047527846,25.6245,0.65303,100
novelty_ratio_shuffled,1786047528248,25.6246,0.6525,100
novelty_ratio_shuffled,1786047528640,25.6247,0.65244,100
novelty_ratio_shuffled,1786047529076,25.6249,0.65265,100
novelty_ratio_shuffled,1786047691485,25.67,0.65263,100
novelty_ratio_shuffled,1786047718256,25.6774,0.65286,100
novelty_ratio_shuffled,1786047731530,25.6811,0.65246,100
novelty_ratio_shuffled,1786047891542,25.7255,0.65457,100
novelty_ratio_shuffled,1786047894649,25.7264,0.65484,100
novelty_ratio_shuffled,1786047913868,25.7317,0.63838,100
novelty_ratio_shuffled,1786047914507,25.7319,0.63826,100
novelty_ratio_shuffled,1786047915151,25.7321,0.63814,100
novelty_ratio_shuffled,1786048016538,25.7603,0.63744,100
novelty_ratio_shuffled,1786048038631,25.7664,0.63753,100
novelty_ratio_shuffled,1786048038933,25.7665,0.63791,100
novelty_ratio_shuffled,1786048052128,25.7702,0.63764,100
novelty_ratio_shuffled,1786048052674,25.7703,0.63737,100
novelty_ratio_shuffled,1786048053258,25.7705,0.63753,100
novelty_ratio_shuffled,1786048053795,25.7706,0.6374,100
novelty_ratio_shuffled,1786048056377,25.7713,0.63787,100
novelty_ratio_shuffled,1786048102993,25.7843,0.63785,100
novelty_ratio_shuffled,1786048190902,25.8087,0.63821,100
novelty_ratio_shuffled,1786048194534,25.8097,0.63825,100
novelty_ratio_shuffled,1786048218091,25.8163,0.63772,100
novelty_ratio_shuffled,1786048219484,25.8166,0.63936,100
novelty_ratio_shuffled,1786048272544,25.8314,0.63961,100
novelty_ratio_shuffled,1786048310136,25.8418,0.6394,100
novelty_ratio_shuffled,1786048331592,25.8478,0.63972,100
novelty_ratio_shuffled,1786048386624,25.8631,0.63977,100
novelty_ratio_shuffled,1786048386784,25.8631,0.64002,100
novelty_ratio_shuffled,1786048408545,25.8692,0.64023,100
novelty_ratio_shuffled,1786048409197,25.8693,0.64032,100
novelty_ratio_shuffled,1786048409906,25.8695,0.64026,100
novelty_ratio_shuffled,1786048410541,25.8697,0.64119,100
novelty_ratio_shuffled,1786048520906,25.9004,0.64115,100
novelty_ratio_shuffled,1786048652343,25.9369,0.64174,100
novelty_ratio_shuffled,1786048695336,25.9488,0.64213,100
novelty_ratio_shuffled,1786048697846,25.9495,0.64288,100
novelty_ratio_shuffled,1786048741735,25.9617,0.6428,100
novelty_ratio_shuffled,1786048779433,25.9722,0.64303,100
novelty_ratio_shuffled,1786048780440,25.9725,0.64413,100
novelty_ratio_shuffled,1786048781316,25.9727,0.64463,100
novelty_ratio_shuffled,1786048782319,25.973,0.64537,100
novelty_ratio_shuffled,1786048783400,25.9733,0.64425,100
novelty_ratio_shuffled,1786049115164,26.0654,0.64377,100
novelty_ratio_shuffled,1786049139404,26.0722,0.64434,100
novelty_ratio_shuffled,1786049197455,26.0883,0.64444,100
novelty_ratio_shuffled,1786049197845,26.0884,0.64438,100
novelty_ratio_shuffled,1786049198244,26.0885,0.64417,100
novelty_ratio_shuffled,1786049198646,26.0886,0.64274,100
novelty_ratio_shuffled,1786049218449,26.0941,0.6422,100
novelty_ratio_shuffled,1786049430940,26.1532,0.64044,100
novelty_ratio_shuffled,1786049470419,26.1641,0.64071,100
novelty_ratio_shuffled,1786049491117,26.1699,0.64143,100
novelty_ratio_shuffled,1786049549279,26.186,0.64156,100
novelty_ratio_shuffled,1786049550617,26.1864,0.64151,100
novelty_ratio_shuffled,1786049553227,26.1871,0.64196,100
novelty_ratio_shuffled,1786049587795,26.1967,0.64209,100
novelty_ratio_shuffled,1786049588034,26.1968,0.64189,100
novelty_ratio_shuffled,1786049611038,26.2032,0.64241,100
novelty_ratio_shuffled,1786049618042,26.2051,0.64227,100
novelty_ratio_shuffled,1786049752491,26.2425,0.64224,100
novelty_ratio_shuffled,1786049778158,26.2496,0.64241,100
novelty_ratio_shuffled,1786049870899,26.2754,0.64137,100
novelty_ratio_shuffled,1786049883503,26.2789,0.64072,100
novelty_ratio_shuffled,1786049884056,26.279,0.64039,100
novelty_ratio_shuffled,1786049964266,26.3013,0.64109,100
novelty_ratio_shuffled,1786049964450,26.3014,0.64076,100
novelty_ratio_shuffled,1786050338374,26.4052,0.64162,100
novelty_ratio_shuffled,1786050338576,26.4053,0.64162,100
novelty_ratio_shuffled,1786050354534,26.4097,0.6409,100
novelty_ratio_shuffled,1786050355321,26.4099,0.64064,100
novelty_ratio_shuffled,1786050540913,26.4615,0.6406,100
novelty_ratio_shuffled,1786050541555,26.4617,0.64021,100
novelty_ratio_shuffled,1786050587350,26.4744,0.64096,100
novelty_ratio_shuffled,1786050615043,26.4821,0.64126,100
novelty_ratio_shuffled,1786050694466,26.5041,0.64286,100
novelty_ratio_shuffled,1786050731107,26.5143,0.64361,100
novelty_ratio_shuffled,1786050760634,26.5225,0.64388,100
novelty_ratio_shuffled,1786050798975,26.5332,0.64503,100
novelty_ratio_shuffled,1786050839005,26.5443,0.64475,100
novelty_ratio_shuffled,1786050839535,26.5444,0.64451,100
novelty_ratio_shuffled,1786051092001,26.6146,0.64486,100
novelty_ratio_shuffled,1786051144939,26.6293,0.64514,100
novelty_ratio_shuffled,1786051212348,26.648,0.64545,100
novelty_ratio_shuffled,1786051212505,26.648,0.64593,100
novelty_ratio_shuffled,1786051357297,26.6883,0.64494,100
novelty_ratio_shuffled,1786051359825,26.689,0.64529,100
novelty_ratio_shuffled,1786051444120,26.7124,0.64547,100
novelty_ratio_shuffled,1786051451401,26.7144,0.64599,100
novelty_ratio_shuffled,1786051451617,26.7145,0.64619,100
novelty_ratio_shuffled,1786051451947,26.7145,0.64631,100
novelty_ratio_shuffled,1786051647515,26.7689,0.64664,100
novelty_ratio_shuffled,1786051689872,26.7806,0.64636,100
novelty_ratio_shuffled,1786051735163,26.7932,0.64542,100
novelty_ratio_shuffled,1786051749204,26.7971,0.64583,100
novelty_ratio_shuffled,1786051904505,26.8403,0.64571,100
novelty_ratio_shuffled,1786052358551,26.9664,0.64671,100
novelty_ratio_shuffled,1786052414428,26.9819,0.64636,100
novelty_ratio_shuffled,1786052414965,26.9821,0.64632,100
novelty_ratio_shuffled,1786052495199,27.0043,0.64691,100
novelty_ratio_shuffled,1786052643473,27.0455,0.64729,100
novelty_ratio_shuffled,1786052852218,27.1035,0.64883,100
novelty_ratio_shuffled,1786052858842,27.1054,0.64868,100
novelty_ratio_shuffled,1786052930895,27.1254,0.64864,100
novelty_ratio_shuffled,1786053006550,27.1464,0.64888,100
novelty_ratio_shuffled,1786053010467,27.1475,0.6501,100
novelty_ratio_shuffled,1786053229776,27.2084,0.64882,100
novelty_ratio_shuffled,1786053231878,27.209,0.64813,100
novelty_ratio_shuffled,1786053299683,27.2278,0.64805,100
novelty_ratio_shuffled,1786053441945,27.2673,0.64795,100
novelty_ratio_shuffled,1786053662394,27.3286,0.64775,100
novelty_ratio_shuffled,1786053662785,27.3287,0.64845,100
novelty_ratio_shuffled,1786053663160,27.3288,0.64854,100
novelty_ratio_shuffled,1786053663525,27.3289,0.64857,100
novelty_ratio_shuffled,1786053663895,27.329,0.6486,100
novelty_ratio_shuffled,1786053704633,27.3403,0.64877,100
novelty_ratio_shuffled,1786053727789,27.3467,0.64884,100
novelty_ratio_shuffled,1786053735639,27.3489,0.64772,100
novelty_ratio_shuffled,1786053813540,27.3705,0.64704,100
novelty_ratio_shuffled,1786053822542,27.373,0.64704,100
novelty_ratio_shuffled,1786053828669,27.3747,0.64706,100
novelty_ratio_shuffled,1786053936534,27.4047,0.64697,100
novelty_ratio_shuffled,1786053941628,27.4061,0.6469,100
novelty_ratio_shuffled,1786053944007,27.4068,0.64499,100
novelty_ratio_shuffled,1786053944125,27.4068,0.64513,100
novelty_ratio_shuffled,1786053992838,27.4204,0.64554,100
novelty_ratio_shuffled,1786054005883,27.424,0.64635,100
novelty_ratio_shuffled,1786054069225,27.4416,0.64793,100
novelty_ratio_shuffled,1786054069486,27.4416,0.64828,100
novelty_ratio_shuffled,1786054069756,27.4417,0.64805,100
novelty_ratio_shuffled,1786054081781,27.4451,0.64758,100
novelty_ratio_shuffled,1786054262615,27.4953,0.64701,100
novelty_ratio_shuffled,1786054262906,27.4954,0.64648,100
novelty_ratio_shuffled,1786054291181,27.5032,0.64794,100
novelty_ratio_shuffled,1786054300516,27.5058,0.64731,100
novelty_ratio_shuffled,1786054354237,27.5207,0.64742,100
novelty_ratio_shuffled,1786054433999,27.5429,0.6459,100
novelty_ratio_shuffled,1786054511221,27.5643,0.6458,100
novelty_ratio_shuffled,1786054717794,27.6217,0.64557,100
novelty_ratio_shuffled,1786054763134,27.6343,0.64575,100
novelty_ratio_shuffled,1786054790221,27.6418,0.64524,100
novelty_ratio_shuffled,1786054825338,27.6516,0.64536,100
novelty_ratio_shuffled,1786054840759,27.6559,0.64527,100
novelty_ratio_shuffled,1786054846701,27.6575,0.64582,100
novelty_ratio_shuffled,1786054900715,27.6725,0.64518,100
novelty_ratio_shuffled,1786055171097,27.7476,0.64466,100
novelty_ratio_shuffled,1786055173655,27.7484,0.64511,100
novelty_ratio_shuffled,1786055299670,27.7834,0.64488,100
novelty_ratio_shuffled,1786055299984,27.7834,0.64533,100
novelty_ratio_shuffled,1786055300275,27.7835,0.64548,100
novelty_ratio_shuffled,1786055305675,27.785,0.64765,100
novelty_ratio_shuffled,1786055328542,27.7914,0.64926,100
novelty_ratio_shuffled,1786055368878,27.8026,0.64955,100
novelty_ratio_shuffled,1786055370764,27.8031,0.64989,100
novelty_ratio_shuffled,1786055387831,27.8079,0.64993,100
novelty_ratio_shuffled,1786055490641,27.8364,0.6494,100
novelty_ratio_shuffled,1786055525996,27.8462,0.64948,100
novelty_ratio_shuffled,1786055695150,27.8932,0.64928,100
novelty_ratio_shuffled,1786055764861,27.9126,0.64887,100
novelty_ratio_shuffled,1786056059891,27.9945,0.64961,100
novelty_ratio_shuffled,1786056099623,28.0056,0.64974,100
novelty_ratio_shuffled,1786056246260,28.0463,0.64937,100
novelty_ratio_shuffled,1786056280303,28.0558,0.6508,100
novelty_ratio_shuffled,1786056394604,28.0875,0.65081,100
novelty_ratio_shuffled,1786056423638,28.0956,0.6516,100
novelty_ratio_shuffled,1786056638251,28.1552,0.65084,100
novelty_ratio_shuffled,1786056639137,28.1554,0.65046,100
novelty_ratio_shuffled,1786056639942,28.1557,0.6495,100
novelty_ratio_shuffled,1786056640722,28.1559,0.64869,100
novelty_ratio_shuffled,1786056666211,28.163,0.64953,100
novelty_ratio_shuffled,1786056667507,28.1633,0.65012,100
novelty_ratio_shuffled,1786056668825,28.1637,0.65061,100
novelty_ratio_shuffled,1786056670111,28.164,0.65088,100
novelty_ratio_shuffled,1786056671399,28.1644,0.65082,100
novelty_ratio_shuffled,1786056672722,28.1648,0.65081,100
novelty_ratio_shuffled,1786056673992,28.1651,0.65029,100
novelty_ratio_shuffled,1786056675310,28.1655,0.65016,100
novelty_ratio_shuffled,1786056676595,28.1658,0.65057,100
novelty_ratio_shuffled,1786056677980,28.1662,0.65057,100
novelty_ratio_shuffled,1786056679276,28.1666,0.65099,100
novelty_ratio_shuffled,1786056680559,28.1669,0.65196,100
novelty_ratio_shuffled,1786056681848,28.1673,0.65182,100
novelty_ratio_shuffled,1786056683180,28.1677,0.65239,100
novelty_ratio_shuffled,1786056684503,28.168,0.653,100
novelty_ratio_shuffled,1786056685790,28.1684,0.65333,100
novelty_ratio_shuffled,1786056687203,28.1688,0.65495,100
novelty_ratio_shuffled,1786056688518,28.1692,0.65551,100
novelty_ratio_shuffled,1786056879296,28.2221,0.65582,100
novelty_ratio_shuffled,1786056892531,28.2258,0.65545,100
novelty_ratio_shuffled,1786056906787,28.2298,0.65434,100
novelty_ratio_shuffled,1786057271491,28.3311,0.65515,100
novelty_ratio_shuffled,1786057398756,28.3664,0.65511,100
novelty_ratio_shuffled,1786057475432,28.3877,0.65562,100
novelty_ratio_shuffled,1786057652585,28.4369,0.65518,100
novelty_ratio_shuffled,1786057813022,28.4815,0.65502,100
novelty_ratio_shuffled,1786057887989,28.5023,0.65557,100
novelty_ratio_shuffled,1786057991095,28.531,0.65536,100
novelty_ratio_shuffled,1786058000520,28.5336,0.65627,100
novelty_ratio_shuffled,1786058147770,28.5745,0.65679,100
novelty_ratio_shuffled,1786058148322,28.5747,0.65689,100
novelty_ratio_shuffled,1786058148925,28.5748,0.65742,100
novelty_ratio_shuffled,1786058149519,28.575,0.656,100
novelty_ratio_shuffled,1786058264060,28.6068,0.65644,100
novelty_ratio_shuffled,1786058500328,28.6724,0.65634,100
novelty_ratio_shuffled,1786058656401,28.7158,0.65656,100
novelty_ratio_shuffled,1786058841230,28.7671,0.65629,100
novelty_ratio_shuffled,1786058890526,28.7808,0.65678,100
novelty_ratio_shuffled,1786058930697,28.792,0.65773,100
novelty_ratio_shuffled,1786059067317,28.8299,0.65798,100
novelty_ratio_shuffled,1786059067661,28.83,0.6583,100
novelty_ratio_shuffled,1786059068014,28.8301,0.65835,100
novelty_ratio_shuffled,1786059068359,28.8302,0.65836,100
novelty_ratio_shuffled,1786059068701,28.8303,0.65826,100
novelty_ratio_shuffled,1786059069067,28.8304,0.65813,100
novelty_ratio_shuffled,1786059069426,28.8305,0.65875,100
novelty_ratio_shuffled,1786059069772,28.8306,0.6589,100
novelty_ratio_shuffled,1786059070119,28.8307,0.65908,100
novelty_ratio_shuffled,1786059070463,28.8308,0.6606,100
novelty_ratio_shuffled,1786059070816,28.8309,0.66031,100
novelty_ratio_shuffled,1786059071178,28.831,0.66029,100
novelty_ratio_shuffled,1786059071535,28.8311,0.66002,100
novelty_ratio_shuffled,1786059119123,28.8443,0.66008,100
novelty_ratio_shuffled,1786059214657,28.8709,0.66074,100
novelty_ratio_shuffled,1786059681699,29.0006,0.66031,100
novelty_ratio_shuffled,1786059682493,29.0008,0.65954,100
novelty_ratio_shuffled,1786060047103,29.1021,0.65935,100
novelty_ratio_shuffled,1786060421778,29.2062,0.6588,100
novelty_ratio_shuffled,1786060443504,29.2122,0.65717,100
novelty_ratio_shuffled,1786060463995,29.2179,0.65742,100
novelty_ratio_shuffled,1786060579986,29.2501,0.65765,100
novelty_ratio_shuffled,1786060584274,29.2513,0.65908,100
novelty_ratio_shuffled,1786060584318,29.2513,0.65963,100
novelty_ratio_shuffled,1786060592858,29.2537,0.66082,100
novelty_ratio_shuffled,1786060604503,29.2569,0.6597,100
novelty_ratio_shuffled,1786060690205,29.2807,0.6606,100
novelty_ratio_shuffled,1786060705666,29.285,0.66062,100
novelty_ratio_shuffled,1786060765769,29.3017,0.65984,100
novelty_ratio_shuffled,1786060853292,29.326,0.66021,100
novelty_ratio_shuffled,1786060853505,29.3261,0.66047,100
novelty_ratio_shuffled,1786060853722,29.3262,0.6606,100
novelty_ratio_shuffled,1786060861068,29.3282,0.6616,100
novelty_ratio_shuffled,1786060888803,29.3359,0.6602,100
novelty_ratio_shuffled,1786060927738,29.3467,0.6603,100
novelty_ratio_shuffled,1786060932258,29.348,0.66082,100
novelty_ratio_shuffled,1786061013815,29.3706,0.66065,100
novelty_ratio_shuffled,1786061014885,29.3709,0.66096,100
novelty_ratio_shuffled,1786061015978,29.3712,0.66044,100
novelty_ratio_shuffled,1786061073591,29.3872,0.66371,100
novelty_ratio_shuffled,1786061092726,29.3925,0.66393,100
novelty_ratio_shuffled,1786061112722,29.3981,0.66386,100
novelty_ratio_shuffled,1786061113618,29.3983,0.66416,100
novelty_ratio_shuffled,1786061201186,29.4227,0.66318,100
novelty_ratio_shuffled,1786061218864,29.4276,0.66275,100
novelty_ratio_shuffled,1786061246300,29.4352,0.66275,100
novelty_ratio_shuffled,1786061246353,29.4352,0.66161,100
novelty_ratio_shuffled,1786061247370,29.4355,0.6611,100
novelty_ratio_shuffled,1786061410755,29.4809,0.66022,100
novelty_ratio_shuffled,1786061528448,29.5136,0.66035,100
novelty_ratio_shuffled,1786061529132,29.5138,0.65966,100
novelty_ratio_shuffled,1786061529714,29.5139,0.65821,100
novelty_ratio_shuffled,1786061530312,29.5141,0.65786,100
novelty_ratio_shuffled,1786061530891,29.5143,0.65589,100
novelty_ratio_shuffled,1786061531458,29.5144,0.65518,100
novelty_ratio_shuffled,1786061991699,29.6423,0.6521,100
novelty_ratio_shuffled,1786062184308,29.6958,0.65151,100
novelty_ratio_shuffled,1786062185410,29.6961,0.65206,100
novelty_ratio_shuffled,1786062226799,29.7076,0.65237,100
novelty_ratio_shuffled,1786062226985,29.7076,0.6537,100
novelty_ratio_shuffled,1786062227144,29.7077,0.65375,100
novelty_ratio_shuffled,1786062227305,29.7077,0.6519,100
novelty_ratio_shuffled,1786062227462,29.7077,0.65175,100
novelty_ratio_shuffled,1786062227646,29.7078,0.65088,100
novelty_ratio_shuffled,1786062227806,29.7078,0.65103,100
novelty_ratio_shuffled,1786062255354,29.7155,0.65025,100
novelty_ratio_shuffled,1786062285250,29.7238,0.64954,100
novelty_ratio_shuffled,1786062286831,29.7242,0.64889,100
novelty_ratio_shuffled,1786062288397,29.7247,0.64849,100
novelty_ratio_shuffled,1786062289963,29.7251,0.64787,100
novelty_ratio_shuffled,1786062291575,29.7256,0.64745,100
novelty_ratio_shuffled,1786062293176,29.726,0.64676,100
novelty_ratio_shuffled,1786062294778,29.7264,0.64604,100
novelty_ratio_shuffled,1786062296372,29.7269,0.64554,100
novelty_ratio_shuffled,1786062297956,29.7273,0.64483,100
novelty_ratio_shuffled,1786062299520,29.7278,0.64426,100
novelty_ratio_shuffled,1786062301074,29.7282,0.64417,100
novelty_ratio_shuffled,1786062302660,29.7286,0.6438,100
novelty_ratio_shuffled,1786062304264,29.7291,0.64333,100
novelty_ratio_shuffled,1786062334119,29.7374,0.64211,100
novelty_ratio_shuffled,1786062452834,29.7704,0.64212,100
novelty_ratio_shuffled,1786062481328,29.7783,0.64376,100
novelty_ratio_shuffled,1786062593377,29.8094,0.64356,100
novelty_ratio_shuffled,1786062642621,29.8231,0.64401,100
novelty_ratio_shuffled,1786062709800,29.8417,0.64407,100
novelty_ratio_shuffled,1786062788588,29.8636,0.64542,100
novelty_ratio_shuffled,1786062832084,29.8757,0.6455,100
novelty_ratio_shuffled,1786062916623,29.8992,0.64525,100
novelty_ratio_shuffled,1786062975503,29.9155,0.64472,100
novelty_ratio_shuffled,1786063202666,29.9786,0.64423,100
novelty_ratio_shuffled,1786063258449,29.9941,0.64409,100
novelty_ratio_shuffled,1786063263013,29.9954,0.64374,100
novelty_ratio_shuffled,1786063270834,29.9976,0.64366,100
novelty_ratio_shuffled,1786063274512,29.9986,0.64393,100
novelty_ratio_shuffled,1786063299383,30.0055,0.644,100
novelty_ratio_shuffled,1786063340858,30.017,0.64417,100
novelty_ratio_shuffled,1786063348256,30.0191,0.64398,100
novelty_ratio_shuffled,1786063360781,30.0226,0.64375,100
novelty_ratio_shuffled,1786063398287,30.033,0.6436,100
novelty_ratio_shuffled,1786063753134,30.1315,0.64306,100
novelty_ratio_shuffled,1786063759615,30.1333,0.64393,100
novelty_ratio_shuffled,1786063883943,30.1679,0.64332,100
novelty_ratio_shuffled,1786063900861,30.1726,0.64383,100
novelty_ratio_shuffled,1786064265445,30.2739,0.64368,100
novelty_ratio_shuffled,1786064286748,30.2798,0.64394,100
novelty_ratio_shuffled,1786064327635,30.2911,0.64448,100
novelty_ratio_shuffled,1786064337388,30.2938,0.64437,100
novelty_ratio_shuffled,1786064344011,30.2957,0.64439,100
novelty_ratio_shuffled,1786064351861,30.2979,0.64426,100
novelty_ratio_shuffled,1786064376550,30.3047,0.64389,100
novelty_ratio_shuffled,1786064386908,30.3076,0.64384,100
novelty_ratio_shuffled,1786064536271,30.3491,0.64415,100
novelty_ratio_shuffled,1786064642159,30.3785,0.64451,100
novelty_ratio_shuffled,1786064659456,30.3833,0.64446,100
novelty_ratio_shuffled,1786064667997,30.3857,0.64381,100
novelty_ratio_shuffled,1786064669056,30.386,0.64451,100
novelty_ratio_shuffled,1786064669121,30.386,0.6446,100
novelty_ratio_shuffled,1786064670097,30.3863,0.64369,100
novelty_ratio_shuffled,1786064823381,30.4288,0.64354,100
novelty_ratio_shuffled,1786064968556,30.4692,0.64367,100
novelty_ratio_shuffled,1786064971813,30.4701,0.64394,100
novelty_ratio_shuffled,1786064986498,30.4741,0.64383,100
novelty_ratio_shuffled,1786065056336,30.4935,0.64246,100
novelty_ratio_shuffled,1786065064636,30.4959,0.64291,100
novelty_ratio_shuffled,1786065119094,30.511,0.64253,100
novelty_ratio_shuffled,1786065121023,30.5115,0.6441,100
novelty_ratio_shuffled,1786065142586,30.5175,0.64435,100
novelty_ratio_shuffled,1786065145456,30.5183,0.64434,100
novelty_ratio_shuffled,1786065146621,30.5186,0.64521,100
novelty_ratio_shuffled,1786065168763,30.5248,0.64582,100
novelty_ratio_shuffled,1786065175263,30.5266,0.64648,100
novelty_ratio_shuffled,1786065191185,30.531,0.64613,100
novelty_ratio_shuffled,1786065206033,30.5351,0.64623,100
novelty_ratio_shuffled,1786065302065,30.5618,0.64633,100
novelty_ratio_shuffled,1786065359120,30.5777,0.64598,100
novelty_ratio_shuffled,1786065480138,30.6113,0.64518,100
novelty_ratio_shuffled,1786065485909,30.6129,0.64555,100
novelty_ratio_shuffled,1786065518364,30.6219,0.64574,100
novelty_ratio_shuffled,1786065528377,30.6247,0.64598,100
novelty_ratio_shuffled,1786065610262,30.6474,0.64183,100
novelty_ratio_shuffled,1786065610451,30.6475,0.64079,100
novelty_ratio_shuffled,1786065610714,30.6475,0.63978,100
novelty_ratio_shuffled,1786065633372,30.6538,0.64389,100
novelty_ratio_shuffled,1786065673388,30.6649,0.64321,100
novelty_ratio_shuffled,1786065674015,30.6651,0.64289,100
novelty_ratio_shuffled,1786065675781,30.6656,0.64249,100
novelty_ratio_shuffled,1786065710276,30.6752,0.64373,100
novelty_ratio_shuffled,1786065829889,30.7084,0.64414,100
novelty_ratio_shuffled,1786065841976,30.7118,0.64374,100
novelty_ratio_shuffled,1786065852044,30.7146,0.64438,100
novelty_ratio_shuffled,1786065927593,30.7356,0.64481,100
novelty_ratio_shuffled,1786066058443,30.7719,0.64514,100
novelty_ratio_shuffled,1786066149812,30.7973,0.64519,100
novelty_ratio_shuffled,1786066230195,30.8196,0.647,100
novelty_ratio_shuffled,1786066230813,30.8198,0.64717,100
novelty_ratio_shuffled,1786066231430,30.82,0.64941,100
novelty_ratio_shuffled,1786066232051,30.8201,0.64965,100
novelty_ratio_shuffled,1786066391148,30.8643,0.64988,100
novelty_ratio_shuffled,1786066515662,30.8989,0.65134,100
novelty_ratio_shuffled,1786066576807,30.9159,0.65075,100
novelty_ratio_shuffled,1786066637762,30.9328,0.65115,100
novelty_ratio_shuffled,1786066644440,30.9347,0.65234,100
novelty_ratio_shuffled,1786066703133,30.951,0.65256,100
novelty_ratio_shuffled,1786066732399,30.9591,0.65313,100
novelty_ratio_shuffled,1786066908371,31.008,0.65275,100
novelty_ratio_shuffled,1786066908888,31.0081,0.65343,100
novelty_ratio_shuffled,1786066909382,31.0083,0.654,100
novelty_ratio_shuffled,1786066909776,31.0084,0.65457,100
novelty_ratio_shuffled,1786066910152,31.0085,0.6549,100
novelty_ratio_shuffled,1786066923431,31.0122,0.65579,100
novelty_ratio_shuffled,1786067184741,31.0848,0.65598,100
novelty_ratio_shuffled,1786067185236,31.0849,0.6563,100
novelty_ratio_shuffled,1786067205079,31.0904,0.65664,100
novelty_ratio_shuffled,1786067272707,31.1092,0.65692,100
novelty_ratio_shuffled,1786067279532,31.1111,0.65716,100
novelty_ratio_shuffled,1786067285885,31.1129,0.65777,100
novelty_ratio_shuffled,1786067288881,31.1137,0.65777,100
novelty_ratio_shuffled,1786067305173,31.1182,0.65755,100
novelty_ratio_shuffled,1786067325929,31.124,0.65789,100
novelty_ratio_shuffled,1786067449929,31.1584,0.65894,100
novelty_ratio_shuffled,1786067566211,31.1907,0.65912,100
novelty_ratio_shuffled,1786067606792,31.202,0.65769,100
novelty_ratio_shuffled,1786067668762,31.2192,0.65798,100
novelty_ratio_shuffled,1786067702913,31.2287,0.65837,100
novelty_ratio_shuffled,1786067707357,31.2299,0.65911,100
novelty_ratio_shuffled,1786067750523,31.2419,0.65721,100
novelty_ratio_shuffled,1786067773977,31.2484,0.65642,100
novelty_ratio_shuffled,1786067828363,31.2636,0.65672,100
novelty_ratio_shuffled,1786067873830,31.2762,0.65767,100
novelty_ratio_shuffled,1786067921551,31.2894,0.65862,100
novelty_ratio_shuffled,1786068016916,31.3159,0.65914,100
novelty_ratio_shuffled,1786068130586,31.3475,0.65983,100
novelty_ratio_shuffled,1786068168374,31.358,0.65973,100
novelty_ratio_shuffled,1786068169587,31.3583,0.65972,100
novelty_ratio_shuffled,1786068170745,31.3587,0.65976,100
novelty_ratio_shuffled,1786068217010,31.3715,0.65863,100
novelty_ratio_shuffled,1786068357155,31.4104,0.65894,100
novelty_ratio_shuffled,1786068426902,31.4298,0.65929,100
novelty_ratio_shuffled,1786068446416,31.4352,0.65999,100
novelty_ratio_shuffled,1786068498777,31.4498,0.65986,100
novelty_ratio_shuffled,1786068513801,31.454,0.65931,100
novelty_ratio_shuffled,1786068540119,31.4613,0.6593,100
novelty_ratio_shuffled,1786068568219,31.4691,0.65888,100
novelty_ratio_shuffled,1786068654967,31.4932,0.65912,100
novelty_ratio_shuffled,1786068659900,31.4945,0.65889,100
novelty_ratio_shuffled,1786068666741,31.4964,0.65889,100
novelty_ratio_shuffled,1786068673384,31.4983,0.65894,100
novelty_ratio_shuffled,1786068691390,31.5033,0.65846,100
novelty_ratio_shuffled,1786068712936,31.5093,0.65894,100
novelty_ratio_shuffled,1786068730082,31.514,0.65916,100
novelty_ratio_shuffled,1786068731588,31.5144,0.65961,100
novelty_ratio_shuffled,1786068839005,31.5443,0.65922,100
novelty_ratio_shuffled,1786068928719,31.5692,0.65901,100
novelty_ratio_shuffled,1786068928891,31.5693,0.65884,100
novelty_ratio_shuffled,1786068929058,31.5693,0.65883,100
novelty_ratio_shuffled,1786068950012,31.5751,0.65853,100
novelty_ratio_shuffled,1786068950184,31.5752,0.65865,100
novelty_ratio_shuffled,1786068950356,31.5752,0.65952,100
novelty_ratio_shuffled,1786068963974,31.579,0.65918,100
novelty_ratio_shuffled,1786068964143,31.579,0.65896,100
novelty_ratio_shuffled,1786068964311,31.5791,0.65836,100
novelty_ratio_shuffled,1786068978104,31.5829,0.6583,100
novelty_ratio_shuffled,1786068978266,31.583,0.65847,100
novelty_ratio_shuffled,1786068978435,31.583,0.65827,100
novelty_ratio_shuffled,1786068978614,31.5831,0.65827,100
novelty_ratio_shuffled,1786068982052,31.584,0.65793,100
novelty_ratio_shuffled,1786069014700,31.5931,0.65789,100
novelty_ratio_shuffled,1786069017771,31.5939,0.65744,100
novelty_ratio_shuffled,1786069017941,31.594,0.65737,100
novelty_ratio_shuffled,1786069018105,31.594,0.65688,100
novelty_ratio_shuffled,1786069018271,31.5941,0.65618,100
novelty_ratio_shuffled,1786069117199,31.6216,0.65659,100
novelty_ratio_shuffled,1786069119902,31.6223,0.65589,100
novelty_ratio_shuffled,1786069120473,31.6225,0.65604,100
novelty_ratio_shuffled,1786069215176,31.6488,0.65641,100
novelty_ratio_shuffled,1786069360702,31.6892,0.65645,100
novelty_ratio_shuffled,1786069371880,31.6923,0.65627,100
novelty_ratio_shuffled,1786069407634,31.7022,0.65629,100
novelty_ratio_shuffled,1786069611746,31.7589,0.65659,100
novelty_ratio_shuffled,1786069631003,31.7643,0.65708,100
novelty_ratio_shuffled,1786069781844,31.8062,0.65766,100
novelty_ratio_shuffled,1786069858955,31.8276,0.65891,100
novelty_ratio_shuffled,1786069897991,31.8385,0.6567,100
novelty_ratio_shuffled,1786069917534,31.8439,0.65673,100
novelty_ratio_shuffled,1786069937975,31.8496,0.65673,100
novelty_ratio_shuffled,1786069950188,31.8529,0.65746,100
novelty_ratio_shuffled,1786069953287,31.8538,0.6569,100
novelty_ratio_shuffled,1786069959334,31.8555,0.65694,100
novelty_ratio_shuffled,1786069969637,31.8584,0.65751,100
novelty_ratio_shuffled,1786069981203,31.8616,0.65726,100
novelty_ratio_shuffled,1786069993256,31.8649,0.65697,100
novelty_ratio_shuffled,1786070001347,31.8672,0.657,100
novelty_ratio_shuffled,1786070015362,31.8711,0.65716,100
novelty_ratio_shuffled,1786070137035,31.9049,0.65666,100
novelty_ratio_shuffled,1786070213960,31.9262,0.65891,100
novelty_ratio_shuffled,1786070214593,31.9264,0.66036,100
novelty_ratio_shuffled,1786070215179,31.9266,0.66208,100
novelty_ratio_shuffled,1786070215755,31.9267,0.66329,100
novelty_ratio_shuffled,1786070329813,31.9584,0.66183,100
novelty_ratio_shuffled,1786070377281,31.9716,0.66206,100
novelty_ratio_shuffled,1786070456865,31.9937,0.66216,100
novelty_ratio_shuffled,1786070670210,32.053,0.66288,100
novelty_ratio_shuffled,1786070757407,32.0772,0.66316,100
novelty_ratio_shuffled,1786070763811,32.079,0.66134,100
novelty_ratio_shuffled,1786070789874,32.0862,0.662,100
novelty_ratio_shuffled,1786070799061,32.0887,0.66204,100
novelty_ratio_shuffled,1786070803033,32.0899,0.66195,100
novelty_ratio_shuffled,1786070949220,32.1305,0.66183,100
novelty_ratio_shuffled,1786070949928,32.1307,0.66176,100
novelty_ratio_shuffled,1786071246134,32.2129,0.6615,100
novelty_ratio_shuffled,1786071402135,32.2563,0.66169,100
novelty_ratio_shuffled,1786071849606,32.3806,0.66172,100
novelty_ratio_shuffled,1786071850107,32.3807,0.66148,100
novelty_ratio_shuffled,1786071850541,32.3808,0.66148,100
novelty_ratio_shuffled,1786071850972,32.3809,0.66152,100
novelty_ratio_shuffled,1786071851456,32.3811,0.66124,100
novelty_ratio_shuffled,1786071851923,32.3812,0.66106,100
novelty_ratio_shuffled,1786071852351,32.3813,0.66137,100
novelty_ratio_shuffled,1786071852820,32.3815,0.66127,100
novelty_ratio_shuffled,1786071853278,32.3816,0.66121,100
novelty_ratio_shuffled,1786071853300,32.3816,0.66149,100
novelty_ratio_shuffled,1786071853720,32.3817,0.66221,100
novelty_ratio_shuffled,1786072091960,32.4479,0.66215,100
novelty_ratio_shuffled,1786072187270,32.4744,0.66215,100
novelty_ratio_shuffled,1786072239745,32.4889,0.66126,100
novelty_ratio_shuffled,1786072240515,32.4892,0.66235,100
novelty_ratio_shuffled,1786072241233,32.4894,0.663,100
novelty_ratio_shuffled,1786072277144,32.4993,0.66276,100
novelty_ratio_shuffled,1786072323292,32.5121,0.66213,100
novelty_ratio_shuffled,1786072324245,32.5124,0.66137,100
novelty_ratio_shuffled,1786072333721,32.515,0.66092,100
novelty_ratio_shuffled,1786072334117,32.5152,0.66032,100
novelty_ratio_shuffled,1786072334498,32.5153,0.66039,100
novelty_ratio_shuffled,1786072334899,32.5154,0.66013,100
novelty_ratio_shuffled,1786072335289,32.5155,0.66026,100
novelty_ratio_shuffled,1786072365838,32.524,0.66131,100
novelty_ratio_shuffled,1786072366053,32.524,0.66129,100
novelty_ratio_shuffled,1786072366269,32.5241,0.66105,100
novelty_ratio_shuffled,1786072366492,32.5241,0.66054,100
novelty_ratio_shuffled,1786072366701,32.5242,0.66106,100
novelty_ratio_shuffled,1786072400657,32.5336,0.66048,100
novelty_ratio_shuffled,1786072410513,32.5364,0.66074,100
novelty_ratio_shuffled,1786072454386,32.5486,0.66085,100
novelty_ratio_shuffled,1786072455319,32.5488,0.66051,100
novelty_ratio_shuffled,1786072547559,32.5744,0.6606,100
novelty_ratio_shuffled,1786072548244,32.5746,0.66006,100
novelty_ratio_shuffled,1786072548906,32.5748,0.66032,100
novelty_ratio_shuffled,1786072549580,32.575,0.66096,100
novelty_ratio_shuffled,1786072656385,32.6047,0.66043,100
novelty_ratio_shuffled,1786072656785,32.6048,0.66069,100
novelty_ratio_shuffled,1786072691018,32.6143,0.66079,100
novelty_ratio_shuffled,1786072881574,32.6672,0.66053,100
novelty_ratio_shuffled,1786072989164,32.6971,0.66068,100
novelty_ratio_shuffled,1786072989409,32.6972,0.66098,100
novelty_ratio_shuffled,1786072989619,32.6972,0.66129,100
novelty_ratio_shuffled,1786072989811,32.6973,0.66127,100
novelty_ratio_shuffled,1786072990282,32.6974,0.66299,100
novelty_ratio_shuffled,1786073180774,32.7503,0.66246,100
novelty_ratio_shuffled,1786073181710,32.7506,0.66234,100
novelty_ratio_shuffled,1786073182639,32.7509,0.66227,100
novelty_ratio_shuffled,1786073183572,32.7511,0.66247,100
novelty_ratio_shuffled,1786073184502,32.7514,0.66274,100
novelty_ratio_shuffled,1786073221268,32.7616,0.66242,100
novelty_ratio_shuffled,1786073226264,32.763,0.66389,100
novelty_ratio_shuffled,1786073316861,32.7881,0.66386,100
novelty_ratio_shuffled,1786073326335,32.7908,0.66342,100
novelty_ratio_shuffled,1786073335015,32.7932,0.66319,100
novelty_ratio_shuffled,1786073448848,32.8248,0.66351,100
novelty_ratio_shuffled,1786073457903,32.8273,0.66333,100
novelty_ratio_shuffled,1786073531267,32.8477,0.66482,100
novelty_ratio_shuffled,1786073662436,32.8841,0.66523,100
novelty_ratio_shuffled,1786073691835,32.8923,0.66421,100
novelty_ratio_shuffled,1786073721159,32.9004,0.66395,100
novelty_ratio_shuffled,1786073728689,32.9025,0.66361,100
novelty_ratio_shuffled,1786073763041,32.9121,0.66378,100
novelty_ratio_shuffled,1786073765068,32.9126,0.66387,100
novelty_ratio_shuffled,1786073855085,32.9376,0.66331,100
novelty_ratio_shuffled,1786073894105,32.9485,0.66372,100
novelty_ratio_shuffled,1786073913351,32.9538,0.66413,100
novelty_ratio_shuffled,1786073928539,32.958,0.66399,100
novelty_ratio_shuffled,1786073962524,32.9675,0.66387,100
novelty_ratio_shuffled,1786073980678,32.9725,0.66318,100
novelty_ratio_shuffled,1786073984831,32.9737,0.66117,100
novelty_ratio_shuffled,1786074041396,32.9894,0.66132,100
novelty_ratio_shuffled,1786074049745,32.9917,0.66112,100
novelty_ratio_shuffled,1786074115245,33.0099,0.66072,100
novelty_ratio_shuffled,1786074137703,33.0161,0.66044,100
novelty_ratio_shuffled,1786074220192,33.0391,0.65852,100
novelty_ratio_shuffled,1786074270991,33.0532,0.65814,100
novelty_ratio_shuffled,1786074281073,33.056,0.65812,100
novelty_ratio_shuffled,1786074293392,33.0594,0.65743,100
novelty_ratio_shuffled,1786074362652,33.0786,0.65777,100
novelty_ratio_shuffled,1786074378982,33.0832,0.6577,100
novelty_ratio_shuffled,1786074456101,33.1046,0.65826,100
novelty_ratio_shuffled,1786074495261,33.1155,0.65551,100
novelty_ratio_shuffled,1786074521699,33.1228,0.65365,100
novelty_ratio_shuffled,1786074538768,33.1276,0.65127,100
novelty_ratio_shuffled,1786074555420,33.1322,0.64956,100
novelty_ratio_shuffled,1786074617845,33.1495,0.65049,100
novelty_ratio_shuffled,1786074827189,33.2077,0.65089,100
novelty_ratio_shuffled,1786074958477,33.2441,0.65091,100
novelty_ratio_shuffled,1786075138609,33.2942,0.64918,100
novelty_ratio_shuffled,1786075150581,33.2975,0.64878,100
novelty_ratio_shuffled,1786075194071,33.3096,0.65066,100
novelty_ratio_shuffled,1786075221085,33.3171,0.64958,100
novelty_ratio_shuffled,1786075236339,33.3213,0.64912,100
novelty_ratio_shuffled,1786075249405,33.325,0.64929,100
novelty_ratio_shuffled,1786075272110,33.3313,0.64931,100
novelty_ratio_shuffled,1786075272284,33.3313,0.64934,100
novelty_ratio_shuffled,1786075482906,33.3898,0.64949,100
novelty_ratio_shuffled,1786075800432,33.478,0.6492,100
novelty_ratio_shuffled,1786075993139,33.5315,0.6499,100
novelty_ratio_shuffled,1786076209032,33.5915,0.64987,100
novelty_ratio_shuffled,1786076209455,33.5916,0.65005,100
novelty_ratio_shuffled,1786076317917,33.6218,0.6507,100
novelty_ratio_shuffled,1786076536351,33.6824,0.65248,100
novelty_ratio_shuffled,1786076835576,33.7656,0.65255,100
novelty_ratio_shuffled,1786077033196,33.8205,0.65237,100
novelty_ratio_shuffled,1786077173721,33.8595,0.65238,100
novelty_ratio_shuffled,1786077174780,33.8598,0.6524,100
novelty_ratio_shuffled,1786077223762,33.8734,0.65214,100
novelty_ratio_shuffled,1786077583935,33.9734,0.65182,100
novelty_ratio_shuffled,1786077618884,33.9831,0.65145,100
novelty_ratio_shuffled,1786077789782,34.0306,0.65083,100
novelty_ratio_shuffled,1786077865545,34.0517,0.65126,100
novelty_ratio_shuffled,1786077938738,34.072,0.65183,100
novelty_ratio_shuffled,1786078151219,34.131,0.65181,100
novelty_ratio_shuffled,1786078170129,34.1363,0.65172,100
novelty_ratio_shuffled,1786078190172,34.1418,0.65158,100
novelty_ratio_shuffled,1786078191397,34.1422,0.65139,100
novelty_ratio_shuffled,1786078444917,34.2126,0.65129,100
novelty_ratio_shuffled,1786078610784,34.2587,0.65146,100
novelty_ratio_shuffled,1786078880143,34.3335,0.652,100
novelty_ratio_shuffled,1786078933115,34.3482,0.65202,100
novelty_ratio_shuffled,1786079867719,34.6078,0.6519,100
novelty_ratio_shuffled,1786080048862,34.6581,0.65152,100
novelty_ratio_shuffled,1786080049170,34.6582,0.65145,100
novelty_ratio_shuffled,1786080049471,34.6583,0.65146,100
novelty_ratio_shuffled,1786080429582,34.7639,0.65172,100
novelty_ratio_shuffled,1786080633926,34.8207,0.6511,100
novelty_ratio_shuffled,1786080770276,34.8585,0.65153,100
novelty_ratio_shuffled,1786080770570,34.8586,0.6517,100
novelty_ratio_shuffled,1786080939068,34.9054,0.65264,100
novelty_ratio_shuffled,1786081389068,35.0304,0.65229,100
novelty_ratio_shuffled,1786081391360,35.0311,0.65193,100
novelty_ratio_shuffled,1786081393727,35.0317,0.65217,100
novelty_ratio_shuffled,1786081569593,35.0806,0.65251,100
novelty_ratio_shuffled,1786081636560,35.0992,0.65269,100
novelty_ratio_shuffled,1786081636972,35.0993,0.65269,100
novelty_ratio_shuffled,1786081637467,35.0994,0.65256,100
novelty_ratio_shuffled,1786081642092,35.1007,0.65205,100
novelty_ratio_shuffled,1786081778202,35.1385,0.65158,100
novelty_ratio_shuffled,1786081837280,35.1549,0.65154,100
novelty_ratio_shuffled,1786081903028,35.1732,0.6517,100
novelty_ratio_shuffled,1786082208902,35.2581,0.65188,100
novelty_ratio_shuffled,1786082209403,35.2583,0.65195,100
novelty_ratio_shuffled,1786082343482,35.2955,0.65104,100
novelty_ratio_shuffled,1786082466750,35.3298,0.65246,100
novelty_ratio_shuffled,1786082490653,35.3364,0.65261,100
novelty_ratio_shuffled,1786082661343,35.3838,0.65246,100
novelty_ratio_shuffled,1786082675622,35.3878,0.65254,100
novelty_ratio_shuffled,1786082961463,35.4672,0.65242,100
novelty_ratio_shuffled,1786083044505,35.4903,0.65261,100
novelty_ratio_shuffled,1786083194850,35.532,0.65189,100
novelty_ratio_shuffled,1786083347745,35.5745,0.65202,100
novelty_ratio_shuffled,1786083372295,35.5813,0.65187,100
novelty_ratio_shuffled,1786083704160,35.6735,0.65132,100
novelty_ratio_shuffled,1786084033643,35.765,0.65172,100
novelty_ratio_shuffled,1786084285608,35.835,0.65201,100
novelty_ratio_shuffled,1786084376743,35.8603,0.65121,100
novelty_ratio_shuffled,1786084394588,35.8653,0.65117,100
novelty_ratio_shuffled,1786084419120,35.8721,0.65138,100
novelty_ratio_shuffled,1786084537855,35.9051,0.65132,100
novelty_ratio_shuffled,1786084539143,35.9054,0.65152,100
novelty_ratio_shuffled,1786084540386,35.9058,0.6512,100
novelty_ratio_shuffled,1786084727401,35.9577,0.65067,100
novelty_ratio_shuffled,1786084764259,35.968,0.6508,100
novelty_ratio_shuffled,1786084764734,35.9681,0.65031,100
novelty_ratio_shuffled,1786084765332,35.9683,0.64962,100
novelty_ratio_shuffled,1786084801696,35.9784,0.64988,100
novelty_ratio_shuffled,1786084804029,35.979,0.64985,100
novelty_ratio_shuffled,1786084806393,35.9797,0.64994,100
novelty_ratio_shuffled,1786084808751,35.9803,0.65062,100
novelty_ratio_shuffled,1786084846240,35.9907,0.65069,100
novelty_ratio_shuffled,1786084865638,35.9961,0.65139,100
novelty_ratio_shuffled,1786084866097,35.9963,0.65152,100
novelty_ratio_shuffled,1786085178829,36.0831,0.65175,100
novelty_ratio_shuffled,1786085259752,36.1056,0.65319,100
novelty_ratio_shuffled,1786085564082,36.1901,0.65367,100
novelty_ratio_shuffled,1786086104955,36.3404,0.65374,100
novelty_ratio_shuffled,1786086186931,36.3632,0.65409,100
novelty_ratio_shuffled,1786086258627,36.3831,0.65407,100
novelty_ratio_shuffled,1786086277427,36.3883,0.65466,100
novelty_ratio_shuffled,1786086801292,36.5338,0.65444,100
novelty_ratio_shuffled,1786086803360,36.5344,0.65478,100
novelty_ratio_shuffled,1786087279154,36.6666,0.65506,100
novelty_ratio_shuffled,1786087287826,36.669,0.65537,100
novelty_ratio_shuffled,1786087294617,36.6708,0.65556,100
novelty_ratio_shuffled,1786087348239,36.6857,0.65529,100
novelty_ratio_shuffled,1786087353168,36.6871,0.65454,100
novelty_ratio_shuffled,1786087505241,36.7294,0.65433,100
novelty_ratio_shuffled,1786087576660,36.7492,0.65455,100
novelty_ratio_shuffled,1786087597463,36.755,0.65413,100
novelty_ratio_shuffled,1786087598248,36.7552,0.65291,100
novelty_ratio_shuffled,1786087599108,36.7554,0.65296,100
novelty_ratio_shuffled,1786087653573,36.7706,0.65317,100
novelty_ratio_shuffled,1786087658685,36.772,0.65304,100
novelty_ratio_shuffled,1786087718644,36.7886,0.65318,100
novelty_ratio_shuffled,1786087761199,36.8005,0.65299,100
novelty_ratio_shuffled,1786087781504,36.8061,0.65205,100
novelty_ratio_shuffled,1786087812195,36.8146,0.65217,100
novelty_ratio_shuffled,1786087824153,36.8179,0.65141,100
novelty_ratio_shuffled,1786087836300,36.8213,0.65132,100
novelty_ratio_shuffled,1786087847420,36.8244,0.65116,100
novelty_ratio_shuffled,1786088039453,36.8777,0.64977,100
novelty_ratio_shuffled,1786088040719,36.8781,0.64751,100
novelty_ratio_shuffled,1786088041864,36.8784,0.64749,100
novelty_ratio_shuffled,1786088043071,36.8788,0.64708,100
novelty_ratio_shuffled,1786088407407,36.98,0.64725,100
novelty_ratio_shuffled,1786088409778,36.9806,0.64755,100
novelty_ratio_shuffled,1786088573427,37.0261,0.64718,100
novelty_ratio_shuffled,1786088594103,37.0318,0.64779,100
novelty_ratio_shuffled,1786088600856,37.0337,0.64799,100
novelty_ratio_shuffled,1786088874261,37.1096,0.64828,100
novelty_ratio_shuffled,1786088908261,37.1191,0.64796,100
novelty_ratio_shuffled,1786089122658,37.1786,0.64682,100
novelty_ratio_shuffled,1786089140272,37.1835,0.64717,100
novelty_ratio_shuffled,1786089202135,37.2007,0.64736,100
novelty_ratio_shuffled,1786089323441,37.2344,0.64909,100
novelty_ratio_shuffled,1786089352709,37.2425,0.64932,100
novelty_ratio_shuffled,1786089421931,37.2618,0.6491,100
novelty_ratio_shuffled,1786089532179,37.2924,0.6492,100
novelty_ratio_shuffled,1786089573479,37.3039,0.64793,100
novelty_ratio_shuffled,1786090355983,37.5212,0.64785,100
novelty_ratio_shuffled,1786090421891,37.5395,0.64783,100
novelty_ratio_shuffled,1786090450001,37.5473,0.64802,100
novelty_ratio_shuffled,1786090478220,37.5552,0.64788,100
novelty_ratio_shuffled,1786090517375,37.5661,0.64866,100
novelty_ratio_shuffled,1786090528364,37.5691,0.64821,100
novelty_ratio_shuffled,1786090541500,37.5728,0.64866,100
novelty_ratio_shuffled,1786090560460,37.578,0.64822,100
novelty_ratio_shuffled,1786090736018,37.6268,0.64894,100
novelty_ratio_shuffled,1786090756725,37.6325,0.64803,100
novelty_ratio_shuffled,1786090826056,37.6518,0.64848,100
novelty_ratio_shuffled,1786090859945,37.6612,0.6488,100
novelty_ratio_shuffled,1786090907716,37.6745,0.64847,100
novelty_ratio_shuffled,1786090923961,37.679,0.6474,100
novelty_ratio_shuffled,1786091211894,37.759,0.64711,100
novelty_ratio_shuffled,1786091221447,37.7616,0.6471,100
novelty_ratio_shuffled,1786091222990,37.7621,0.64711,100
novelty_ratio_shuffled,1786091223473,37.7622,0.64777,100
novelty_ratio_shuffled,1786091230422,37.7641,0.64839,100
novelty_ratio_shuffled,1786091269131,37.7749,0.64844,100
novelty_ratio_shuffled,1786091294900,37.782,0.64816,100
novelty_ratio_shuffled,1786091307437,37.7855,0.64792,100
novelty_ratio_shuffled,1786091368816,37.8026,0.64781,100
novelty_ratio_shuffled,1786091459392,37.8277,0.64816,100
novelty_ratio_shuffled,1786091474517,37.8319,0.64668,100
novelty_ratio_shuffled,1786091479250,37.8332,0.64698,100
novelty_ratio_shuffled,1786091485438,37.835,0.64774,100
novelty_ratio_shuffled,1786091487337,37.8355,0.64789,100
novelty_ratio_shuffled,1786091540103,37.8501,0.64841,100
novelty_ratio_shuffled,1786091557506,37.855,0.64857,100
novelty_ratio_shuffled,1786091583601,37.8622,0.64836,100
novelty_ratio_shuffled,1786091627950,37.8745,0.64854,100
novelty_ratio_shuffled,1786091657484,37.8828,0.64837,100
novelty_ratio_shuffled,1786091672570,37.8869,0.64919,100
novelty_ratio_shuffled,1786092944643,38.2403,0.64828,100
novelty_ratio_shuffled,1786092945870,38.2406,0.6478,100
novelty_ratio_shuffled,1786092947088,38.241,0.64751,100
novelty_ratio_shuffled,1786093558655,38.4109,0.64772,100
novelty_ratio_shuffled,1786093593477,38.4205,0.64752,100
novelty_ratio_shuffled,1786093599433,38.4222,0.64835,100
novelty_ratio_shuffled,1786093606025,38.424,0.64844,100
novelty_ratio_shuffled,1786093680684,38.4448,0.64798,100
novelty_ratio_shuffled,1786094639787,38.7112,0.64846,100
novelty_ratio_shuffled,1786094959915,38.8001,0.6486,100
novelty_ratio_shuffled,1786095039136,38.8221,0.64873,100
novelty_ratio_shuffled,1786095099716,38.8389,0.64844,100
novelty_ratio_shuffled,1786095227892,38.8745,0.64855,100
novelty_ratio_shuffled,1786095311697,38.8978,0.64892,100
novelty_ratio_shuffled,1786095312088,38.8979,0.64942,100
novelty_ratio_shuffled,1786095404048,38.9235,0.64964,100
novelty_ratio_shuffled,1786095604469,38.9791,0.64928,100
novelty_ratio_shuffled,1786096304672,39.1736,0.64806,100
novelty_ratio_shuffled,1786096403696,39.2011,0.64771,100
novelty_ratio_shuffled,1786096930302,39.3474,0.64772,100
novelty_ratio_shuffled,1786097226474,39.4297,0.6476,100
novelty_ratio_shuffled,1786097258787,39.4387,0.6473,100
novelty_ratio_shuffled,1786097438987,39.4887,0.64718,100
novelty_ratio_shuffled,1786097441623,39.4895,0.64756,100
novelty_ratio_shuffled,1786097442943,39.4898,0.64754,100
novelty_ratio_shuffled,1786097444269,39.4902,0.64678,100
novelty_ratio_shuffled,1786097445648,39.4906,0.64686,100
novelty_ratio_shuffled,1786097449667,39.4917,0.64669,100
novelty_ratio_shuffled,1786097469270,39.4971,0.64651,100
novelty_ratio_shuffled,1786097707046,39.5632,0.64644,100
novelty_ratio_shuffled,1786097728413,39.5691,0.64636,100
novelty_ratio_shuffled,1786097959297,39.6333,0.64667,100
novelty_ratio_shuffled,1786098185052,39.696,0.64706,100
novelty_ratio_shuffled,1786098630087,39.8196,0.64781,100
novelty_ratio_shuffled,1786098645720,39.8239,0.64829,100
novelty_ratio_shuffled,1786098749003,39.8526,0.64902,100
novelty_ratio_shuffled,1786099207488,39.98,0.65023,100
novelty_ratio_shuffled,1786099267205,39.9966,0.65045,100
novelty_ratio_shuffled,1786099398842,40.0331,0.65044,100
novelty_ratio_shuffled,1786099924520,40.1792,0.65056,100
novelty_ratio_shuffled,1786100764434,40.4125,0.65055,100
novelty_ratio_shuffled,1786100909127,40.4527,0.65137,100
novelty_ratio_shuffled,1786100963072,40.4676,0.65214,100
novelty_ratio_shuffled,1786101043796,40.4901,0.65207,100
novelty_ratio_shuffled,1786102198763,40.8109,0.65228,100
novelty_ratio_shuffled,1786102474308,40.8874,0.65342,100
novelty_ratio_shuffled,1786102677406,40.9438,0.65369,100
novelty_ratio_shuffled,1786102810686,40.9809,0.65406,100
novelty_ratio_shuffled,1786102863770,40.9956,0.6547,100
novelty_ratio_shuffled,1786102872448,40.998,0.65483,100
novelty_ratio_shuffled,1786102943161,41.0177,0.65548,100
novelty_ratio_shuffled,1786103178395,41.083,0.65501,100
novelty_ratio_shuffled,1786103365804,41.1351,0.65472,100
novelty_ratio_shuffled,1786103542551,41.1842,0.65442,100
novelty_ratio_shuffled,1786103570340,41.1919,0.65331,100
novelty_ratio_shuffled,1786103901746,41.2839,0.65347,100
novelty_ratio_shuffled,1786104172385,41.3591,0.65306,100
novelty_ratio_shuffled,1786104179227,41.361,0.65308,100
novelty_ratio_shuffled,1786104186422,41.363,0.6536,100
novelty_ratio_shuffled,1786104190692,41.3642,0.65329,100
novelty_ratio_shuffled,1786104206966,41.3687,0.65314,100
novelty_ratio_shuffled,1786104431151,41.431,0.6519,100
novelty_ratio_shuffled,1786104676382,41.4991,0.65187,100
novelty_ratio_shuffled,1786104677271,41.4994,0.65207,100
novelty_ratio_shuffled,1786104715604,41.51,0.65575,100
novelty_ratio_shuffled,1786104759102,41.5221,0.65655,100
novelty_ratio_shuffled,1786104846153,41.5463,0.65663,100
novelty_ratio_shuffled,1786104846330,41.5463,0.65675,100
novelty_ratio_shuffled,1786104846503,41.5464,0.65707,100
novelty_ratio_shuffled,1786104944191,41.5735,0.65721,100
novelty_ratio_shuffled,1786104944614,41.5736,0.65657,100
novelty_ratio_shuffled,1786104945012,41.5737,0.65642,100
novelty_ratio_shuffled,1786104945444,41.5739,0.65634,100
novelty_ratio_shuffled,1786105216345,41.6491,0.65694,100
novelty_ratio_shuffled,1786105714133,41.7874,0.65959,100
novelty_ratio_shuffled,1786105758871,41.7998,0.65975,100
novelty_ratio_shuffled,1786105792952,41.8093,0.65947,100
novelty_ratio_shuffled,1786106291442,41.9477,0.65976,100
novelty_ratio_shuffled,1786106319090,41.9554,0.6603,100
novelty_ratio_shuffled,1786106409482,41.9805,0.66088,100
novelty_ratio_shuffled,1786106441306,41.9894,0.66112,100
novelty_ratio_shuffled,1786106584969,42.0293,0.66169,100
novelty_ratio_shuffled,1786106603026,42.0343,0.66207,100
novelty_ratio_shuffled,1786106603319,42.0344,0.66238,100
novelty_ratio_shuffled,1786106603595,42.0345,0.66277,100
novelty_ratio_shuffled,1786106603878,42.0345,0.66284,100
novelty_ratio_shuffled,1786106706663,42.0631,0.6631,100
novelty_ratio_shuffled,1786106707568,42.0633,0.66312,100
novelty_ratio_shuffled,1786106852793,42.1037,0.66282,100
novelty_ratio_shuffled,1786106872492,42.1091,0.66226,100
novelty_ratio_shuffled,1786106954097,42.1318,0.66224,100
novelty_ratio_shuffled,1786107026491,42.1519,0.66203,100
novelty_ratio_shuffled,1786107052344,42.1591,0.66188,100
novelty_ratio_shuffled,1786107117033,42.1771,0.66169,100
novelty_ratio_shuffled,1786107122639,42.1786,0.66169,100
novelty_ratio_shuffled,1786107233105,42.2093,0.66193,100
novelty_ratio_shuffled,1786107234405,42.2097,0.66153,100
novelty_ratio_shuffled,1786107286571,42.2242,0.66142,100
novelty_ratio_shuffled,1786107319003,42.2332,0.66191,100
novelty_ratio_shuffled,1786107393565,42.2539,0.66058,100
novelty_ratio_shuffled,1786107469259,42.2749,0.66092,100
novelty_ratio_shuffled,1786107516882,42.2881,0.66126,100
novelty_ratio_shuffled,1786107546607,42.2964,0.66132,100
novelty_ratio_shuffled,1786107562649,42.3009,0.66087,100
novelty_ratio_shuffled,1786107565593,42.3017,0.6613,100
novelty_ratio_shuffled,1786107573743,42.3039,0.66127,100
novelty_ratio_shuffled,1786107574389,42.3041,0.66134,100
novelty_ratio_shuffled,1786107580591,42.3058,0.66159,100
novelty_ratio_shuffled,1786107590594,42.3086,0.6617,100
novelty_ratio_shuffled,1786107678621,42.3331,0.66201,100
novelty_ratio_shuffled,1786107836567,42.3769,0.66251,100
novelty_ratio_shuffled,1786107858551,42.3831,0.66339,100
novelty_ratio_shuffled,1786108076343,42.4435,0.66323,100
novelty_ratio_shuffled,1786108092079,42.4479,0.66308,100
novelty_ratio_shuffled,1786108192209,42.4757,0.66285,100
novelty_ratio_shuffled,1786108296605,42.5047,0.66315,100
novelty_ratio_shuffled,1786108711115,42.6199,0.66346,100
novelty_ratio_shuffled,1786109073868,42.7206,0.66379,100
novelty_ratio_shuffled,1786109109875,42.7306,0.66422,100
novelty_ratio_shuffled,1786109115736,42.7323,0.6642,100
novelty_ratio_shuffled,1786109119607,42.7333,0.66421,100
novelty_ratio_shuffled,1786109123352,42.7344,0.66417,100
novelty_ratio_shuffled,1786109138442,42.7386,0.6641,100
novelty_ratio_shuffled,1786109143236,42.7399,0.66394,100
novelty_ratio_shuffled,1786109150289,42.7419,0.66408,100
novelty_ratio_shuffled,1786109154400,42.743,0.66357,100
novelty_ratio_shuffled,1786109195809,42.7545,0.66176,100
novelty_ratio_shuffled,1786109197071,42.7549,0.65983,100
novelty_ratio_shuffled,1786109197343,42.7549,0.6581,100
novelty_ratio_shuffled,1786109259638,42.7722,0.65801,100
novelty_ratio_shuffled,1786109278375,42.7774,0.65747,100
novelty_ratio_shuffled,1786109299809,42.7834,0.657,100
novelty_ratio_shuffled,1786109300071,42.7835,0.65679,100
novelty_ratio_shuffled,1786109400350,42.8113,0.65561,100
novelty_ratio_shuffled,1786109540326,42.8502,0.65341,100
novelty_ratio_shuffled,1786109541095,42.8504,0.65245,100
novelty_ratio_shuffled,1786109541943,42.8507,0.65052,100
novelty_ratio_shuffled,1786109695812,42.8934,0.65081,100
novelty_ratio_shuffled,1786109834865,42.932,0.65098,100
novelty_ratio_shuffled,1786109840361,42.9336,0.64959,100
novelty_ratio_shuffled,1786109841235,42.9338,0.64916,100
novelty_ratio_shuffled,1786109842184,42.9341,0.64826,100
novelty_ratio_shuffled,1786109950491,42.9641,0.64792,100
novelty_ratio_shuffled,1786110052161,42.9924,0.64838,100
novelty_ratio_shuffled,1786110133828,43.0151,0.64864,100
novelty_ratio_shuffled,1786110147055,43.0187,0.65101,100
novelty_ratio_shuffled,1786110218949,43.0387,0.65141,100
novelty_ratio_shuffled,1786110247996,43.0468,0.65219,100
novelty_ratio_shuffled,1786110248526,43.0469,0.65213,100
novelty_ratio_shuffled,1786110249048,43.0471,0.65234,100
novelty_ratio_shuffled,1786110249615,43.0472,0.65221,100
novelty_ratio_shuffled,1786110382309,43.0841,0.65284,100
novelty_ratio_shuffled,1786110383625,43.0845,0.65315,100
novelty_ratio_shuffled,1786110384180,43.0846,0.65401,100
novelty_ratio_shuffled,1786110384718,43.0848,0.65561,100
novelty_ratio_shuffled,1786110385234,43.0849,0.65552,100
novelty_ratio_shuffled,1786110385805,43.0851,0.65638,100
novelty_ratio_shuffled,1786110386335,43.0852,0.65648,100
novelty_ratio_shuffled,1786110386888,43.0854,0.65649,100
novelty_ratio_shuffled,1786110387432,43.0855,0.65652,100
novelty_ratio_shuffled,1786110387963,43.0857,0.65696,100
novelty_ratio_shuffled,1786110525301,43.1238,0.65649,100
novelty_ratio_shuffled,1786110525613,43.1239,0.65702,100
novelty_ratio_shuffled,1786110545600,43.1295,0.65766,100
novelty_ratio_shuffled,1786110650618,43.1586,0.65164,100
novelty_ratio_shuffled,1786110660206,43.1613,0.65156,100
novelty_ratio_shuffled,1786110660500,43.1614,0.65162,100
novelty_ratio_shuffled,1786110660818,43.1615,0.65195,100
novelty_ratio_shuffled,1786110729649,43.1806,0.65201,100
novelty_ratio_shuffled,1786110730161,43.1807,0.65247,100
novelty_ratio_shuffled,1786110730806,43.1809,0.65256,100
novelty_ratio_shuffled,1786110731298,43.181,0.65303,100
novelty_ratio_shuffled,1786110851931,43.2145,0.65362,100
novelty_ratio_shuffled,1786110886338,43.2241,0.65307,100
novelty_ratio_shuffled,1786110886639,43.2242,0.64761,100
novelty_ratio_shuffled,1786110886958,43.2243,0.64723,100
novelty_ratio_shuffled,1786111069803,43.2751,0.64786,100
novelty_ratio_shuffled,1786111152539,43.298,0.64732,100
novelty_ratio_shuffled,1786111228367,43.3191,0.64727,100
novelty_ratio_shuffled,1786111247910,43.3245,0.64802,100
novelty_ratio_shuffled,1786111337097,43.3493,0.64838,100
novelty_ratio_shuffled,1786111346629,43.352,0.64746,100
novelty_ratio_shuffled,1786111350915,43.3532,0.64757,100
novelty_ratio_shuffled,1786111436163,43.3768,0.64776,100
novelty_ratio_shuffled,1786111451220,43.381,0.64753,100
novelty_ratio_shuffled,1786111461781,43.3839,0.64751,100
novelty_ratio_shuffled,1786111489177,43.3916,0.6472,100
novelty_ratio_shuffled,1786111600067,43.4224,0.64759,100
novelty_ratio_shuffled,1786111843188,43.4899,0.64745,100
novelty_ratio_shuffled,1786111902908,43.5065,0.64778,100
novelty_ratio_shuffled,1786112127719,43.5689,0.64731,100
novelty_ratio_shuffled,1786112127992,43.569,0.64747,100
novelty_ratio_shuffled,1786112131901,43.5701,0.64775,100
novelty_ratio_shuffled,1786112141171,43.5727,0.64734,100
novelty_ratio_shuffled,1786112193174,43.5871,0.64686,100
novelty_ratio_shuffled,1786112540060,43.6835,0.64605,100
novelty_ratio_shuffled,1786112571050,43.6921,0.64599,100
novelty_ratio_shuffled,1786112887394,43.78,0.64568,100
novelty_ratio_shuffled,1786112894665,43.782,0.64545,100
novelty_ratio_shuffled,1786113176272,43.8602,0.64654,100
novelty_ratio_shuffled,1786113177032,43.8604,0.64623,100
novelty_ratio_shuffled,1786113177572,43.8606,0.64598,100
novelty_ratio_shuffled,1786113186329,43.863,0.64619,100
novelty_ratio_shuffled,1786113192177,43.8646,0.64454,100
novelty_ratio_shuffled,1786113335465,43.9044,0.64496,100
novelty_ratio_shuffled,1786113728535,44.0136,0.64463,100
novelty_ratio_shuffled,1786114159293,44.1333,0.64409,100
novelty_ratio_shuffled,1786114475446,44.2211,0.64458,100
novelty_ratio_shuffled,1786114699656,44.2834,0.64423,100
novelty_ratio_shuffled,1786114964821,44.357,0.6446,100
novelty_ratio_shuffled,1786115079330,44.3888,0.64447,100
novelty_ratio_shuffled,1786115079905,44.389,0.64499,100
novelty_ratio_shuffled,1786115532289,44.5146,0.64488,100
novelty_ratio_shuffled,1786115532897,44.5148,0.64442,100
novelty_ratio_shuffled,1786115550310,44.5196,0.64441,100
novelty_ratio_shuffled,1786115579762,44.5278,0.64375,100
novelty_ratio_shuffled,1786115669443,44.5527,0.64404,100
novelty_ratio_shuffled,1786115696367,44.5602,0.64435,100
novelty_ratio_shuffled,1786115784949,44.5848,0.64434,100
novelty_ratio_shuffled,1786115785139,44.5849,0.64405,100
novelty_ratio_shuffled,1786115785326,44.5849,0.64414,100
novelty_ratio_shuffled,1786115785511,44.585,0.64432,100
novelty_ratio_shuffled,1786115867209,44.6077,0.64669,100
novelty_ratio_shuffled,1786115984047,44.6401,0.64467,100
novelty_ratio_shuffled,1786115987611,44.6411,0.64214,100
novelty_ratio_shuffled,1786115991138,44.6421,0.64157,100
novelty_ratio_shuffled,1786115992266,44.6424,0.6442,100
novelty_ratio_shuffled,1786115992573,44.6425,0.64637,100
novelty_ratio_shuffled,1786116063948,44.6623,0.64845,100
novelty_ratio_shuffled,1786116236320,44.7102,0.64774,100
novelty_ratio_shuffled,1786116376509,44.7491,0.64866,100
novelty_ratio_shuffled,1786116758855,44.8554,0.64819,100
novelty_ratio_shuffled,1786116806820,44.8687,0.64826,100
novelty_ratio_shuffled,1786116814879,44.8709,0.64939,100
novelty_ratio_shuffled,1786116822972,44.8732,0.65143,100
novelty_ratio_shuffled,1786116830514,44.8753,0.65166,100
novelty_ratio_shuffled,1786116837014,44.8771,0.65339,100
novelty_ratio_shuffled,1786117510404,45.0641,0.65409,100
novelty_ratio_shuffled,1786117603732,45.09,0.65445,100
novelty_ratio_shuffled,1786117603962,45.0901,0.65602,100
novelty_ratio_shuffled,1786117604131,45.0902,0.65551,100
novelty_ratio_shuffled,1786117604303,45.0902,0.65572,100
novelty_ratio_shuffled,1786117604466,45.0902,0.65664,100
novelty_ratio_shuffled,1786117914378,45.1763,0.6549,100
novelty_ratio_shuffled,1786117915241,45.1766,0.65459,100
novelty_ratio_shuffled,1786118250472,45.2697,0.65147,100
novelty_ratio_shuffled,1786118393776,45.3095,0.65214,100
novelty_ratio_shuffled,1786118742121,45.4063,0.65129,100
novelty_ratio_shuffled,1786119012751,45.4814,0.65118,100
novelty_ratio_shuffled,1786119025651,45.485,0.65104,100
novelty_ratio_shuffled,1786119026106,45.4851,0.65117,100
novelty_ratio_shuffled,1786119301256,45.5616,0.65217,100
novelty_ratio_shuffled,1786119648758,45.6581,0.65091,100
novelty_ratio_shuffled,1786119698109,45.6718,0.65026,100
novelty_ratio_shuffled,1786119742488,45.6841,0.65059,100
novelty_ratio_shuffled,1786119745641,45.685,0.65004,100
novelty_ratio_shuffled,1786119748845,45.6859,0.64929,100
novelty_ratio_shuffled,1786119751984,45.6868,0.64963,100
novelty_ratio_shuffled,1786120068122,45.7746,0.64916,100
novelty_ratio_shuffled,1786120069058,45.7749,0.64957,100
novelty_ratio_shuffled,1786120069935,45.7751,0.64956,100
novelty_ratio_shuffled,1786120070674,45.7753,0.65141,100
novelty_ratio_shuffled,1786120267267,45.8299,0.65116,100
novelty_ratio_shuffled,1786120267298,45.8299,0.65086,100
novelty_ratio_shuffled,1786120267306,45.8299,0.65067,100
novelty_ratio_shuffled,1786120654535,45.9375,0.65043,100
novelty_ratio_shuffled,1786120661573,45.9394,0.65038,100
novelty_ratio_shuffled,1786120717773,45.9551,0.65014,100
novelty_ratio_shuffled,1786120938418,46.0163,0.65004,100
novelty_ratio_shuffled,1786120951951,46.0201,0.6493,100
novelty_ratio_shuffled,1786120981360,46.0283,0.65263,100
novelty_ratio_shuffled,1786121019067,46.0387,0.65272,100
novelty_ratio_shuffled,1786121037718,46.0439,0.65244,100
novelty_ratio_shuffled,1786121042202,46.0452,0.65195,100
novelty_ratio_shuffled,1786121046713,46.0464,0.65162,100
novelty_ratio_shuffled,1786121051242,46.0477,0.6509,100
novelty_ratio_shuffled,1786121055725,46.0489,0.65041,100
novelty_ratio_shuffled,1786121288891,46.1137,0.65053,100
novelty_ratio_shuffled,1786121289272,46.1138,0.6502,100
novelty_ratio_shuffled,1786121289468,46.1139,0.64986,100
novelty_ratio_shuffled,1786121292846,46.1148,0.64947,100
novelty_ratio_shuffled,1786121371017,46.1365,0.64959,100
novelty_ratio_shuffled,1786121622888,46.2065,0.64997,100
novelty_ratio_shuffled,1786121623163,46.2066,0.64908,100
novelty_ratio_shuffled,1786121636327,46.2102,0.64912,100
novelty_ratio_shuffled,1786121657860,46.2162,0.64911,100
novelty_ratio_shuffled,1786121658691,46.2164,0.64907,100
novelty_ratio_shuffled,1786121689213,46.2249,0.64863,100
novelty_ratio_shuffled,1786121849404,46.2694,0.64919,100
novelty_ratio_shuffled,1786121969899,46.3029,0.64912,100
novelty_ratio_shuffled,1786122197273,46.366,0.64911,100
novelty_ratio_shuffled,1786122224355,46.3736,0.64915,100
novelty_ratio_shuffled,1786122405758,46.4239,0.6491,100
novelty_ratio_shuffled,1786122406127,46.424,0.64945,100
novelty_ratio_shuffled,1786122445173,46.4349,0.64954,100
novelty_ratio_shuffled,1786122471145,46.4421,0.64994,100
novelty_ratio_shuffled,1786122471469,46.4422,0.65053,100
novelty_ratio_shuffled,1786122521107,46.456,0.65047,100
novelty_ratio_shuffled,1786122676140,46.499,0.65022,100
novelty_ratio_shuffled,1786123045688,46.6017,0.6502,100
novelty_ratio_shuffled,1786123056918,46.6048,0.65025,100
novelty_ratio_shuffled,1786123065722,46.6073,0.65017,100
novelty_ratio_shuffled,1786123089660,46.6139,0.6496,100
novelty_ratio_shuffled,1786123089771,46.6139,0.64995,100
novelty_ratio_shuffled,1786123306949,46.6743,0.6501,100
novelty_ratio_shuffled,1786123352663,46.687,0.65017,100
novelty_ratio_shuffled,1786123367218,46.691,0.65043,100
novelty_ratio_shuffled,1786123467125,46.7188,0.65021,100
novelty_ratio_shuffled,1786123533610,46.7372,0.65022,100
novelty_ratio_shuffled,1786123569714,46.7473,0.64855,100
novelty_ratio_shuffled,1786124344597,46.9625,0.64822,100
novelty_ratio_shuffled,1786124352515,46.9647,0.64789,100
novelty_ratio_shuffled,1786124601155,47.0338,0.64842,100
novelty_ratio_shuffled,1786124693660,47.0595,0.64837,100
novelty_ratio_shuffled,1786124783890,47.0845,0.64832,100
novelty_ratio_shuffled,1786124784484,47.0847,0.64837,100
novelty_ratio_shuffled,1786124785076,47.0849,0.64832,100
novelty_ratio_shuffled,1786124824842,47.0959,0.64847,100
novelty_ratio_shuffled,1786125288304,47.2246,0.64843,100
novelty_ratio_shuffled,1786125403893,47.2568,0.64862,100
novelty_ratio_shuffled,1786125593284,47.3094,0.64823,100
novelty_ratio_shuffled,1786125597156,47.3104,0.6482,100
novelty_ratio_shuffled,1786125662805,47.3287,0.64696,100
novelty_ratio_shuffled,1786126211588,47.4811,0.64813,100
novelty_ratio_shuffled,1786126371849,47.5256,0.64951,100
novelty_ratio_shuffled,1786126510054,47.564,0.65072,100
novelty_ratio_shuffled,1786127033045,47.7093,0.65005,100
novelty_ratio_shuffled,1786127138805,47.7387,0.64967,100
novelty_ratio_shuffled,1786127215985,47.7601,0.64939,100
novelty_ratio_shuffled,1786127222206,47.7618,0.65017,100
novelty_ratio_shuffled,1786127441392,47.8227,0.65018,100
novelty_ratio_shuffled,1786127532168,47.8479,0.65044,100
novelty_ratio_shuffled,1786127731398,47.9033,0.65034,100
novelty_ratio_shuffled,1786127755318,47.9099,0.65179,100
novelty_ratio_shuffled,1786127777528,47.9161,0.65292,100
novelty_ratio_shuffled,1786127957798,47.9662,0.65347,100
novelty_ratio_shuffled,1786128110848,48.0087,0.65293,100
novelty_ratio_shuffled,1786128160737,48.0225,0.65276,100
novelty_ratio_shuffled,1786128182749,48.0287,0.65203,100
novelty_ratio_shuffled,1786128540929,48.1282,0.65199,100
novelty_ratio_shuffled,1786128726484,48.1797,0.65238,100
novelty_ratio_shuffled,1786128813912,48.204,0.65225,100
novelty_ratio_shuffled,1786128839920,48.2112,0.65198,100
novelty_ratio_shuffled,1786128906394,48.2297,0.65268,100
novelty_ratio_shuffled,1786128906585,48.2297,0.65248,100
novelty_ratio_shuffled,1786128906776,48.2298,0.65231,100
novelty_ratio_shuffled,1786128906981,48.2298,0.65138,100
novelty_ratio_shuffled,1786129000752,48.2559,0.65256,100
novelty_ratio_shuffled,1786129006831,48.2576,0.65286,100
novelty_ratio_shuffled,1786129240151,48.3224,0.65316,100
novelty_ratio_shuffled,1786129272245,48.3313,0.65303,100
novelty_ratio_shuffled,1786129272726,48.3314,0.65229,100
novelty_ratio_shuffled,1786129282664,48.3342,0.65294,100
novelty_ratio_shuffled,1786129287366,48.3355,0.65343,100
novelty_ratio_shuffled,1786129329137,48.3471,0.65279,100
novelty_ratio_shuffled,1786129357780,48.3551,0.65315,100
novelty_ratio_shuffled,1786129361742,48.3562,0.65338,100
novelty_ratio_shuffled,1786129393769,48.3651,0.65297,100
novelty_ratio_shuffled,1786129407651,48.3689,0.65293,100
novelty_ratio_shuffled,1786129466052,48.3851,0.65203,100
novelty_ratio_shuffled,1786129674933,48.4432,0.65176,100
novelty_ratio_shuffled,1786129794653,48.4764,0.65151,100
novelty_ratio_shuffled,1786129977106,48.5271,0.65105,100
novelty_ratio_shuffled,1786129977730,48.5273,0.65097,100
novelty_ratio_shuffled,1786129978298,48.5274,0.65083,100
novelty_ratio_shuffled,1786130140306,48.5724,0.6506,100
novelty_ratio_shuffled,1786130173421,48.5816,0.6502,100
novelty_ratio_shuffled,1786130553842,48.6873,0.64998,100
novelty_ratio_shuffled,1786130584857,48.6959,0.64983,100
novelty_ratio_shuffled,1786130670699,48.7198,0.65063,100
novelty_ratio_shuffled,1786130862646,48.7731,0.64784,100
novelty_ratio_shuffled,1786131020827,48.817,0.64804,100
novelty_ratio_shuffled,1786131021096,48.8171,0.64849,100
novelty_ratio_shuffled,1786131021360,48.8172,0.6491,100
novelty_ratio_shuffled,1786131053408,48.8261,0.64977,100
novelty_ratio_shuffled,1786131129001,48.8471,0.65038,100
novelty_ratio_shuffled,1786131333171,48.9038,0.65075,100
novelty_ratio_shuffled,1786131333675,48.9039,0.65093,100
novelty_ratio_shuffled,1786131517067,48.9549,0.65118,100
novelty_ratio_shuffled,1786131517557,48.955,0.6513,100
novelty_ratio_shuffled,1786131885633,49.0572,0.65161,100
novelty_ratio_shuffled,1786131999854,49.089,0.65154,100
novelty_ratio_shuffled,1786132100587,49.1169,0.65083,100
novelty_ratio_shuffled,1786132105097,49.1182,0.65182,100
novelty_ratio_shuffled,1786132302036,49.1729,0.65351,100
novelty_ratio_shuffled,1786132361068,49.1893,0.65354,100
novelty_ratio_shuffled,1786132742018,49.2951,0.65362,100
novelty_ratio_shuffled,1786132742541,49.2953,0.65419,100
novelty_ratio_shuffled,1786132743036,49.2954,0.654,100
novelty_ratio_shuffled,1786132743538,49.2955,0.65407,100
novelty_ratio_shuffled,1786132744042,49.2957,0.65437,100
novelty_ratio_shuffled,1786132788601,49.3081,0.65381,100
novelty_ratio_shuffled,1786132789002,49.3082,0.65315,100
novelty_ratio_shuffled,1786133167825,49.4134,0.65267,100
novelty_ratio_shuffled,1786133241561,49.4339,0.65244,100
novelty_ratio_shuffled,1786133253423,49.4372,0.65207,100
novelty_ratio_shuffled,1786133677468,49.555,0.65215,100
novelty_ratio_shuffled,1786133944478,49.6291,0.65229,100
novelty_ratio_shuffled,1786133956843,49.6326,0.65256,100
novelty_ratio_shuffled,1786133970361,49.6363,0.65273,100
novelty_ratio_shuffled,1786134028724,49.6525,0.65276,100
novelty_ratio_shuffled,1786134048266,49.658,0.65272,100
novelty_ratio_shuffled,1786134076718,49.6659,0.653,100
novelty_ratio_shuffled,1786134571127,49.8032,0.65326,100
novelty_ratio_shuffled,1786134665856,49.8295,0.65323,100
novelty_ratio_shuffled,1786135034472,49.9319,0.65289,100
novelty_ratio_shuffled,1786135096060,49.949,0.6529,100
novelty_ratio_shuffled,1786135227038,49.9854,0.65285,100
novelty_ratio_shuffled,1786136045381,50.2127,0.65335,100
novelty_ratio_shuffled,1786136046972,50.2132,0.65465,100
novelty_ratio_shuffled,1786136508098,50.3413,0.65497,100
novelty_ratio_shuffled,1786136508733,50.3414,0.65512,100
novelty_ratio_shuffled,1786136558805,50.3553,0.65469,100
novelty_ratio_shuffled,1786136844086,50.4346,0.6547,100
novelty_ratio_shuffled,1786137572856,50.637,0.65483,100
novelty_ratio_shuffled,1786137573197,50.6371,0.65491,100
novelty_ratio_shuffled,1786137573468,50.6372,0.65492,100
novelty_ratio_shuffled,1786137573754,50.6373,0.65488,100
novelty_ratio_shuffled,1786137583639,50.64,0.6553,100
novelty_ratio_shuffled,1786137761178,50.6893,0.65574,100
novelty_ratio_shuffled,1786137813737,50.7039,0.65626,100
novelty_ratio_shuffled,1786137984131,50.7513,0.65678,100
novelty_ratio_shuffled,1786138174736,50.8042,0.65719,100
novelty_ratio_shuffled,1786138175191,50.8043,0.65766,100
novelty_ratio_shuffled,1786138175700,50.8045,0.65799,100
novelty_ratio_shuffled,1786138461966,50.884,0.65788,100
novelty_ratio_shuffled,1786138462189,50.8841,0.65812,100
novelty_ratio_shuffled,1786138505834,50.8962,0.65875,100
novelty_ratio_shuffled,1786138617163,50.9271,0.65895,100
novelty_ratio_shuffled,1786138887447,51.0022,0.65894,100
novelty_ratio_shuffled,1786138928449,51.0136,0.65877,100
novelty_ratio_shuffled,1786138928845,51.0137,0.65897,100
novelty_ratio_shuffled,1786138929307,51.0138,0.65905,100
novelty_ratio_shuffled,1786139060023,51.0501,0.65787,100
novelty_ratio_shuffled,1786139060528,51.0503,0.65714,100
novelty_ratio_shuffled,1786139060953,51.0504,0.65715,100
novelty_ratio_shuffled,1786139434877,51.1543,0.65839,100
novelty_ratio_shuffled,1786139435032,51.1543,0.6582,100
novelty_ratio_shuffled,1786139518178,51.1774,0.65859,100
novelty_ratio_shuffled,1786139617339,51.2049,0.65924,100
novelty_ratio_shuffled,1786139732626,51.237,0.65982,100
novelty_ratio_shuffled,1786139733112,51.2371,0.65992,100
novelty_ratio_shuffled,1786139851999,51.2701,0.6601,100
novelty_ratio_shuffled,1786140203912,51.3679,0.66025,100
novelty_ratio_shuffled,1786140368108,51.4135,0.65999,100
novelty_ratio_shuffled,1786140885683,51.5573,0.66016,100
novelty_ratio_shuffled,1786141134677,51.6264,0.65992,100
novelty_ratio_shuffled,1786141835609,51.8211,0.65957,100
novelty_ratio_shuffled,1786142677265,52.0549,0.65911,100
novelty_ratio_shuffled,1786142743798,52.0734,0.65896,100
novelty_ratio_shuffled,1786142958891,52.1331,0.65914,100
novelty_ratio_shuffled,1786143697833,52.3384,0.6592,100
novelty_ratio_shuffled,1786143742063,52.3507,0.6592,100
novelty_ratio_shuffled,1786143742785,52.3509,0.65913,100
novelty_ratio_shuffled,1786143743554,52.3511,0.65941,100
novelty_ratio_shuffled,1786143777999,52.3607,0.65929,100
novelty_ratio_shuffled,1786143778814,52.3609,0.65978,100
novelty_ratio_shuffled,1786143779491,52.3611,0.65972,100
novelty_ratio_shuffled,1786143977718,52.4162,0.65969,100
novelty_ratio_shuffled,1786144034097,52.4318,0.65993,100
novelty_ratio_shuffled,1786144039177,52.4332,0.66009,100
novelty_ratio_shuffled,1786145335821,52.7934,0.65936,100
novelty_ratio_shuffled,1786145336227,52.7935,0.65964,100
novelty_ratio_shuffled,1786145336632,52.7936,0.65973,100
novelty_ratio_shuffled,1786145409904,52.814,0.66009,100
novelty_ratio_shuffled,1786145683466,52.89,0.66166,100
novelty_ratio_shuffled,1786145751173,52.9088,0.6619,100
novelty_ratio_shuffled,1786145752428,52.9091,0.66212,100
novelty_ratio_shuffled,1786145784189,52.9179,0.66236,100
novelty_ratio_shuffled,1786145993325,52.976,0.66191,100
novelty_ratio_shuffled,1786146112082,53.009,0.66182,100
novelty_ratio_shuffled,1786147025473,53.2628,0.66189,100
novelty_ratio_shuffled,1786147209705,53.3139,0.66191,100
novelty_ratio_shuffled,1786147262198,53.3285,0.66547,100
novelty_ratio_shuffled,1786147265518,53.3294,0.66502,100
novelty_ratio_shuffled,1786147266665,53.3297,0.66498,100
novelty_ratio_shuffled,1786147267806,53.3301,0.66475,100
novelty_ratio_shuffled,1786147324069,53.3457,0.66476,100
novelty_ratio_shuffled,1786147367074,53.3576,0.66464,100
novelty_ratio_shuffled,1786147406864,53.3687,0.66471,100
novelty_ratio_shuffled,1786147445854,53.3795,0.66459,100
novelty_ratio_shuffled,1786147462373,53.3841,0.66469,100
novelty_ratio_shuffled,1786147477407,53.3883,0.66527,100
novelty_ratio_shuffled,1786147545328,53.4072,0.66533,100
novelty_ratio_shuffled,1786147570859,53.4142,0.66401,100
novelty_ratio_shuffled,1786147586619,53.4186,0.66404,100
novelty_ratio_shuffled,1786147887427,53.5022,0.66435,100
novelty_ratio_shuffled,1786147924577,53.5125,0.66407,100
novelty_ratio_shuffled,1786147955446,53.5211,0.66452,100
novelty_ratio_shuffled,1786147976281,53.5269,0.66398,100
novelty_ratio_shuffled,1786147977200,53.5271,0.6634,100
novelty_ratio_shuffled,1786148228422,53.5969,0.66429,100
novelty_ratio_shuffled,1786148407273,53.6466,0.66507,100
novelty_ratio_shuffled,1786148411261,53.6477,0.66565,100
novelty_ratio_shuffled,1786148479071,53.6665,0.66581,100
novelty_ratio_shuffled,1786148490568,53.6697,0.66636,100
novelty_ratio_shuffled,1786148967058,53.8021,0.66573,100
novelty_ratio_shuffled,1786149122446,53.8452,0.66708,100
novelty_ratio_shuffled,1786149203240,53.8677,0.66706,100
novelty_ratio_shuffled,1786149236412,53.8769,0.66646,100
novelty_ratio_shuffled,1786149274281,53.8874,0.66573,100
novelty_ratio_shuffled,1786149285450,53.8905,0.66543,100
novelty_ratio_shuffled,1786149286156,53.8907,0.66523,100
novelty_ratio_shuffled,1786149286848,53.8909,0.66494,100
novelty_ratio_shuffled,1786149287546,53.8911,0.6641,100
novelty_ratio_shuffled,1786149288284,53.8913,0.66423,100
novelty_ratio_shuffled,1786149288964,53.8915,0.66444,100
novelty_ratio_shuffled,1786149289588,53.8917,0.66497,100
novelty_ratio_shuffled,1786149290260,53.8919,0.66494,100
novelty_ratio_shuffled,1786149291132,53.8921,0.66508,100
novelty_ratio_shuffled,1786149291871,53.8923,0.66539,100
novelty_ratio_shuffled,1786149293135,53.8927,0.66529,100
novelty_ratio_shuffled,1786149293820,53.8928,0.66547,100
novelty_ratio_shuffled,1786149294561,53.8931,0.66558,100
novelty_ratio_shuffled,1786149295215,53.8932,0.66529,100
novelty_ratio_shuffled,1786149295934,53.8934,0.66561,100
novelty_ratio_shuffled,1786149296619,53.8936,0.66511,100
novelty_ratio_shuffled,1786149297356,53.8938,0.66518,100
novelty_ratio_shuffled,1786149297988,53.894,0.66417,100
novelty_ratio_shuffled,1786149298661,53.8942,0.6639,100
novelty_ratio_shuffled,1786149299385,53.8944,0.66322,100
novelty_ratio_shuffled,1786149320430,53.9002,0.66293,100
novelty_ratio_shuffled,1786149329396,53.9027,0.66242,100
novelty_ratio_shuffled,1786149378424,53.9163,0.66206,100
novelty_ratio_shuffled,1786149420789,53.9281,0.66168,100
novelty_ratio_shuffled,1786149425521,53.9294,0.66139,100
novelty_ratio_shuffled,1786149462269,53.9396,0.66166,100
novelty_ratio_shuffled,1786149579876,53.9723,0.6613,100
novelty_ratio_shuffled,1786149680885,54.0004,0.66049,100
novelty_ratio_shuffled,1786149702457,54.0064,0.65957,100
novelty_ratio_shuffled,1786149765541,54.0239,0.65893,100
novelty_ratio_shuffled,1786149774023,54.0262,0.65829,100
novelty_ratio_shuffled,1786149783564,54.0289,0.65773,100
novelty_ratio_shuffled,1786149852792,54.0481,0.65755,100
novelty_ratio_shuffled,1786149856419,54.0491,0.65621,100
novelty_ratio_shuffled,1786149901069,54.0615,0.65623,100
novelty_ratio_shuffled,1786149930318,54.0697,0.65597,100
novelty_ratio_shuffled,1786149939563,54.0722,0.65564,100
novelty_ratio_shuffled,1786149965065,54.0793,0.65513,100
novelty_ratio_shuffled,1786149973932,54.0818,0.65343,100
novelty_ratio_shuffled,1786149982457,54.0841,0.6521,100
novelty_ratio_shuffled,1786150032362,54.098,0.65188,100
novelty_ratio_shuffled,1786150066575,54.1075,0.65193,100
novelty_ratio_shuffled,1786150067336,54.1077,0.65057,100
novelty_ratio_shuffled,1786150068072,54.1079,0.65072,100
novelty_ratio_shuffled,1786150068811,54.1081,0.65,100
novelty_ratio_shuffled,1786150101254,54.1171,0.65032,100
novelty_ratio_shuffled,1786150108243,54.1191,0.6535,100
novelty_ratio_shuffled,1786150109272,54.1194,0.65395,100
novelty_ratio_shuffled,1786150120438,54.1225,0.65402,100
novelty_ratio_shuffled,1786150127642,54.1245,0.65411,100
novelty_ratio_shuffled,1786150150450,54.1308,0.65394,100
novelty_ratio_shuffled,1786150159604,54.1333,0.65421,100
novelty_ratio_shuffled,1786150208892,54.147,0.65562,100
novelty_ratio_shuffled,1786150287350,54.1688,0.658,100
novelty_ratio_shuffled,1786150461898,54.2173,0.65915,100
novelty_ratio_shuffled,1786150500982,54.2282,0.65946,100
novelty_ratio_shuffled,1786150501725,54.2284,0.65961,100
novelty_ratio_shuffled,1786150502333,54.2285,0.66024,100
novelty_ratio_shuffled,1786150530291,54.2363,0.66076,100
novelty_ratio_shuffled,1786150676876,54.277,0.66106,100
novelty_ratio_shuffled,1786150839177,54.3221,0.66239,100
novelty_ratio_shuffled,1786150893473,54.3372,0.66272,100
novelty_ratio_shuffled,1786150936906,54.3493,0.6632,100
novelty_ratio_shuffled,1786150967291,54.3577,0.66304,100
novelty_ratio_shuffled,1786150970747,54.3587,0.66191,100
novelty_ratio_shuffled,1786151115783,54.3989,0.66233,100
novelty_ratio_shuffled,1786151116392,54.3991,0.66217,100
novelty_ratio_shuffled,1786151498926,54.5054,0.66149,100
novelty_ratio_shuffled,1786151614217,54.5374,0.66181,100
novelty_ratio_shuffled,1786151615762,54.5378,0.66194,100
novelty_ratio_shuffled,1786151647637,54.5467,0.66154,100
novelty_ratio_shuffled,1786151689340,54.5583,0.66144,100
novelty_ratio_shuffled,1786151691956,54.559,0.65632,100
novelty_ratio_shuffled,1786151741061,54.5726,0.65694,100
novelty_ratio_shuffled,1786151945843,54.6295,0.65729,100
novelty_ratio_shuffled,1786152058923,54.6609,0.65778,100
novelty_ratio_shuffled,1786152095432,54.6711,0.65779,100
novelty_ratio_shuffled,1786152646624,54.8242,0.65803,100
novelty_ratio_shuffled,1786152686543,54.8353,0.65855,100
novelty_ratio_shuffled,1786152727101,54.8465,0.6627,100
novelty_ratio_shuffled,1786152769024,54.8582,0.663,100
novelty_ratio_shuffled,1786152822231,54.873,0.66226,100
novelty_ratio_shuffled,1786152844541,54.8792,0.66276,100
novelty_ratio_shuffled,1786152845386,54.8794,0.66192,100
novelty_ratio_shuffled,1786153036242,54.9324,0.66237,100
novelty_ratio_shuffled,1786153391267,55.031,0.66235,100
novelty_ratio_shuffled,1786153400749,55.0337,0.66249,100
novelty_ratio_shuffled,1786153417302,55.0383,0.66224,100
novelty_ratio_shuffled,1786153609061,55.0915,0.66212,100
novelty_ratio_shuffled,1786153609693,55.0917,0.66243,100
novelty_ratio_shuffled,1786153625686,55.0961,0.66209,100
novelty_ratio_shuffled,1786153641819,55.1006,0.66176,100
novelty_ratio_shuffled,1786153704289,55.118,0.66111,100
novelty_ratio_shuffled,1786153704941,55.1182,0.66076,100
novelty_ratio_shuffled,1786154035997,55.2101,0.66045,100
novelty_ratio_shuffled,1786154121893,55.234,0.66046,100
novelty_ratio_shuffled,1786154413238,55.3149,0.65918,100
novelty_ratio_shuffled,1786154413451,55.315,0.65919,100
novelty_ratio_shuffled,1786154413624,55.315,0.65983,100
novelty_ratio_shuffled,1786154466402,55.3297,0.66073,100
novelty_ratio_shuffled,1786154476215,55.3324,0.66139,100
novelty_ratio_shuffled,1786154476536,55.3325,0.66198,100
novelty_ratio_shuffled,1786154476827,55.3326,0.66286,100
novelty_ratio_shuffled,1786154477218,55.3327,0.66346,100
novelty_ratio_shuffled,1786154541025,55.3504,0.66399,100
novelty_ratio_shuffled,1786154700522,55.3947,0.66357,100
novelty_ratio_shuffled,1786154732921,55.4037,0.66239,100
novelty_ratio_shuffled,1786154796251,55.4213,0.66215,100
novelty_ratio_shuffled,1786154831997,55.4312,0.66208,100
novelty_ratio_shuffled,1786155029719,55.4862,0.66078,100
novelty_ratio_shuffled,1786155031823,55.4867,0.66117,100
novelty_ratio_shuffled,1786155101438,55.5061,0.66091,100
novelty_ratio_shuffled,1786155195298,55.5321,0.66138,100
novelty_ratio_shuffled,1786155441054,55.6004,0.66148,100
novelty_ratio_shuffled,1786156223057,55.8176,0.66171,100
novelty_ratio_shuffled,1786156277660,55.8328,0.66198,100
novelty_ratio_shuffled,1786156297092,55.8382,0.66198,100
novelty_ratio_shuffled,1786156730076,55.9585,0.66275,100
novelty_ratio_shuffled,1786156816374,55.9824,0.66251,100
novelty_ratio_shuffled,1786156867116,55.9965,0.66271,100
novelty_ratio_shuffled,1786157076344,56.0547,0.66214,100
novelty_ratio_shuffled,1786157090831,56.0587,0.66218,100
novelty_ratio_shuffled,1786157101514,56.0617,0.66246,100
novelty_ratio_shuffled,1786157101792,56.0617,0.66262,100
novelty_ratio_shuffled,1786157102119,56.0618,0.66272,100
novelty_ratio_shuffled,1786157148141,56.0746,0.66577,100
novelty_ratio_shuffled,1786157277765,56.1106,0.6658,100
novelty_ratio_shuffled,1786157297758,56.1162,0.66669,100
novelty_ratio_shuffled,1786157329493,56.125,0.66739,100
novelty_ratio_shuffled,1786157395068,56.1432,0.6682,100
novelty_ratio_shuffled,1786157412581,56.1481,0.66876,100
novelty_ratio_shuffled,1786157420924,56.1504,0.66959,100
novelty_ratio_shuffled,1786157502893,56.1731,0.66967,100
novelty_ratio_shuffled,1786157595941,56.199,0.67165,100
novelty_ratio_shuffled,1786157770617,56.2475,0.67153,100
novelty_ratio_shuffled,1786157770948,56.2476,0.67138,100
novelty_ratio_shuffled,1786157802514,56.2564,0.67187,100
novelty_ratio_shuffled,1786157875893,56.2768,0.67283,100
novelty_ratio_shuffled,1786157894491,56.2819,0.67306,100
novelty_ratio_shuffled,1786158269561,56.3861,0.67342,100
novelty_ratio_shuffled,1786158283943,56.3901,0.6736,100
novelty_ratio_shuffled,1786158371482,56.4144,0.67332,100
novelty_ratio_shuffled,1786158394976,56.4209,0.67374,100
novelty_ratio_shuffled,1786158397013,56.4215,0.67433,100
novelty_ratio_shuffled,1786158403103,56.4232,0.67446,100
novelty_ratio_shuffled,1786158420832,56.4281,0.6739,100
novelty_ratio_shuffled,1786158423116,56.4288,0.67153,100
novelty_ratio_shuffled,1786158425387,56.4294,0.67125,100
novelty_ratio_shuffled,1786158427690,56.43,0.67109,100
novelty_ratio_shuffled,1786158429954,56.4307,0.67042,100
novelty_ratio_shuffled,1786158485154,56.446,0.67107,100
novelty_ratio_shuffled,1786158485725,56.4462,0.67084,100
novelty_ratio_shuffled,1786158486050,56.4462,0.67247,100
novelty_ratio_shuffled,1786158518706,56.4553,0.67074,100
novelty_ratio_shuffled,1786158521032,56.456,0.66995,100
novelty_ratio_shuffled,1786158523296,56.4566,0.66901,100
novelty_ratio_shuffled,1786158590325,56.4752,0.66922,100
novelty_ratio_shuffled,1786158697491,56.505,0.66921,100
novelty_ratio_shuffled,1786158758507,56.5219,0.66908,100
novelty_ratio_shuffled,1786158759151,56.5221,0.66897,100
novelty_ratio_shuffled,1786158759978,56.5223,0.6675,100
novelty_ratio_shuffled,1786158774480,56.5264,0.66745,100
novelty_ratio_shuffled,1786158792777,56.5314,0.66748,100
novelty_ratio_shuffled,1786158822726,56.5398,0.66746,100
novelty_ratio_shuffled,1786159145674,56.6295,0.66733,100
novelty_ratio_shuffled,1786159146235,56.6296,0.66795,100
novelty_ratio_shuffled,1786159477301,56.7216,0.66877,100
novelty_ratio_shuffled,1786159547414,56.7411,0.6697,100
novelty_ratio_shuffled,1786159547753,56.7412,0.66952,100
novelty_ratio_shuffled,1786159870735,56.8309,0.66933,100
novelty_ratio_shuffled,1786159883283,56.8344,0.66882,100
novelty_ratio_shuffled,1786160100466,56.8947,0.66885,100
novelty_ratio_shuffled,1786160120763,56.9003,0.6689,100
novelty_ratio_shuffled,1786160178060,56.9162,0.66873,100
novelty_ratio_shuffled,1786160986152,57.1407,0.67159,100
novelty_ratio_shuffled,1786161804632,57.3681,0.67173,100
novelty_ratio_shuffled,1786162127128,57.4577,0.67116,100
novelty_ratio_shuffled,1786162138847,57.4609,0.67049,100
novelty_ratio_shuffled,1786162152990,57.4648,0.66985,100
novelty_ratio_shuffled,1786162190191,57.4752,0.66582,100
novelty_ratio_shuffled,1786162213875,57.4818,0.66495,100
novelty_ratio_shuffled,1786162242718,57.4898,0.66477,100
novelty_ratio_shuffled,1786162255213,57.4932,0.66371,100
novelty_ratio_shuffled,1786162426039,57.5407,0.66432,100
novelty_ratio_shuffled,1786162428295,57.5413,0.66432,100
novelty_ratio_shuffled,1786162459426,57.55,0.66406,100
novelty_ratio_shuffled,1786163511017,57.8421,0.66383,100
novelty_ratio_shuffled,1786163543578,57.8511,0.66404,100
novelty_ratio_shuffled,1786163643745,57.8789,0.66456,100
novelty_ratio_shuffled,1786163832506,57.9314,0.66458,100
novelty_ratio_shuffled,1786163871726,57.9423,0.66436,100
novelty_ratio_shuffled,1786163937157,57.9604,0.66428,100
novelty_ratio_shuffled,1786164002390,57.9786,0.66397,100
novelty_ratio_shuffled,1786164099633,58.0056,0.66478,100
novelty_ratio_shuffled,1786164597041,58.1437,0.66513,100
novelty_ratio_shuffled,1786164997445,58.255,0.66531,100
novelty_ratio_shuffled,1786164998447,58.2552,0.66514,100
novelty_ratio_shuffled,1786165124094,58.2901,0.66519,100
novelty_ratio_shuffled,1786165274206,58.3318,0.66505,100
novelty_ratio_shuffled,1786165274815,58.332,0.66497,100
novelty_ratio_shuffled,1786165327030,58.3465,0.66547,100
novelty_ratio_shuffled,1786165508534,58.3969,0.66592,100
novelty_ratio_shuffled,1786166021047,58.5393,0.66577,100
novelty_ratio_shuffled,1786166623844,58.7067,0.66901,100
novelty_ratio_shuffled,1786166653224,58.7149,0.67061,100
novelty_ratio_shuffled,1786167012955,58.8148,0.67139,100
novelty_ratio_shuffled,1786167039652,58.8222,0.67233,100
novelty_ratio_shuffled,1786168141076,59.1282,0.67305,100
novelty_ratio_shuffled,1786168204616,59.1458,0.6749,100
novelty_ratio_shuffled,1786168598155,59.2552,0.67586,100
novelty_ratio_shuffled,1786168763221,59.301,0.67568,100
novelty_ratio_shuffled,1786168763437,59.3011,0.67614,100
novelty_ratio_shuffled,1786168763636,59.3011,0.67618,100
novelty_ratio_shuffled,1786168763836,59.3012,0.67631,100
novelty_ratio_shuffled,1786168787891,59.3079,0.67639,100
novelty_ratio_shuffled,1786168788189,59.3079,0.67712,100
novelty_ratio_shuffled,1786169064849,59.3848,0.67646,100
novelty_ratio_shuffled,1786169206571,59.4242,0.67655,100
novelty_ratio_shuffled,1786169206888,59.4243,0.67678,100
novelty_ratio_shuffled,1786169451851,59.4923,0.67734,100
novelty_ratio_shuffled,1786169563233,59.5232,0.6778,100
novelty_ratio_shuffled,1786169615210,59.5377,0.6777,100
novelty_ratio_shuffled,1786169769561,59.5806,0.67788,100
novelty_ratio_shuffled,1786169925699,59.6239,0.6781,100
novelty_ratio_shuffled,1786170046265,59.6574,0.67841,100
novelty_ratio_shuffled,1786170071678,59.6645,0.6759,100
novelty_ratio_shuffled,1786170093228,59.6705,0.67554,100
novelty_ratio_shuffled,1786170116576,59.6769,0.67556,100
novelty_ratio_shuffled,1786170141202,59.6838,0.67533,100
novelty_ratio_shuffled,1786170178240,59.6941,0.67573,100
novelty_ratio_shuffled,1786170383836,59.7512,0.67532,100
novelty_ratio_shuffled,1786170404599,59.757,0.67481,100
novelty_ratio_shuffled,1786170434916,59.7654,0.67426,100
novelty_ratio_shuffled,1786170576182,59.8046,0.6733,100
novelty_ratio_shuffled,1786170598252,59.8107,0.67311,100
novelty_ratio_shuffled,1786170765327,59.8572,0.67314,100
novelty_ratio_shuffled,1786171292594,60.0036,0.67251,100
novelty_ratio_shuffled,1786171293958,60.004,0.67211,100
novelty_ratio_shuffled,1786171295030,60.0043,0.67211,100
novelty_ratio_shuffled,1786171296242,60.0046,0.6718,100
novelty_ratio_shuffled,1786171297416,60.005,0.67111,100
novelty_ratio_shuffled,1786171505273,60.0627,0.67128,100
novelty_ratio_shuffled,1786172012040,60.2035,0.67173,100
novelty_ratio_shuffled,1786172700467,60.3947,0.67166,100
novelty_ratio_shuffled,1786172700965,60.3948,0.67189,100
novelty_ratio_shuffled,1786172739609,60.4056,0.67254,100
novelty_ratio_shuffled,1786172745387,60.4072,0.67259,100
novelty_ratio_shuffled,1786172808840,60.4248,0.67332,100
novelty_ratio_shuffled,1786172841706,60.4339,0.67444,100
novelty_ratio_shuffled,1786172905656,60.4517,0.67488,100
novelty_ratio_shuffled,1786173069648,60.4972,0.67467,100
novelty_ratio_shuffled,1786173082652,60.5009,0.67486,100
novelty_ratio_shuffled,1786173118000,60.5107,0.67323,100
novelty_ratio_shuffled,1786173137087,60.516,0.67346,100
novelty_ratio_shuffled,1786173336323,60.5713,0.67404,100
novelty_ratio_shuffled,1786173450384,60.603,0.67486,100
novelty_ratio_shuffled,1786173477332,60.6105,0.67491,100
novelty_ratio_shuffled,1786173477753,60.6106,0.67516,100
novelty_ratio_shuffled,1786173478160,60.6107,0.67546,100
novelty_ratio_shuffled,1786173478625,60.6108,0.67559,100
novelty_ratio_shuffled,1786173479033,60.611,0.6757,100
novelty_ratio_shuffled,1786173479433,60.6111,0.67591,100
novelty_ratio_shuffled,1786173479833,60.6112,0.67571,100
novelty_ratio_shuffled,1786173480234,60.6113,0.67579,100
novelty_ratio_shuffled,1786173480634,60.6114,0.67593,100
novelty_ratio_shuffled,1786173971927,60.7479,0.67516,100
novelty_ratio_shuffled,1786173976886,60.7493,0.67445,100
novelty_ratio_shuffled,1786174176877,60.8048,0.67426,100
novelty_ratio_shuffled,1786174770900,60.9698,0.67426,100
novelty_ratio_shuffled,1786174771248,60.9699,0.67467,100
novelty_ratio_shuffled,1786175370517,61.1364,0.67517,100
novelty_ratio_shuffled,1786176396459,61.4214,0.67528,100
novelty_ratio_shuffled,1786176517188,61.4549,0.67519,100
novelty_ratio_shuffled,1786176538963,61.4609,0.67559,100
novelty_ratio_shuffled,1786176636046,61.4879,0.67301,100
novelty_ratio_shuffled,1786176688395,61.5025,0.6729,100
novelty_ratio_shuffled,1786176885517,61.5572,0.67254,100
novelty_ratio_shuffled,1786177287256,61.6688,0.67378,100
novelty_ratio_shuffled,1786177350039,61.6862,0.6732,100
novelty_ratio_shuffled,1786177350530,61.6864,0.6733,100
novelty_ratio_shuffled,1786177368955,61.6915,0.67374,100
novelty_ratio_shuffled,1786177411964,61.7034,0.67457,100
novelty_ratio_shuffled,1786177540631,61.7392,0.67465,100
novelty_ratio_shuffled,1786177891935,61.8368,0.67511,100
novelty_ratio_shuffled,1786178146241,61.9074,0.67494,100
novelty_ratio_shuffled,1786178193395,61.9205,0.67555,100
novelty_ratio_shuffled,1786178201722,61.9228,0.67527,100
novelty_ratio_shuffled,1786178572149,62.0257,0.675,100
novelty_ratio_shuffled,1786178572703,62.0259,0.67466,100
novelty_ratio_shuffled,1786178610716,62.0364,0.67433,100
novelty_ratio_shuffled,1786178611298,62.0366,0.67321,100
novelty_ratio_shuffled,1786178655077,62.0488,0.67283,100
novelty_ratio_shuffled,1786178655674,62.0489,0.67335,100
novelty_ratio_shuffled,1786178691652,62.0589,0.6729,100
novelty_ratio_shuffled,1786178720573,62.0669,0.67181,100
novelty_ratio_shuffled,1786178721140,62.0671,0.67134,100
novelty_ratio_shuffled,1786178737999,62.0718,0.67103,100
novelty_ratio_shuffled,1786178771182,62.081,0.67048,100
novelty_ratio_shuffled,1786178771754,62.0812,0.67018,100
novelty_ratio_shuffled,1786178822371,62.0952,0.66963,100
novelty_ratio_shuffled,1786179029296,62.1527,0.66888,100
novelty_ratio_shuffled,1786179513104,62.2871,0.66805,100
novelty_ratio_shuffled,1786179563618,62.3011,0.66659,100
novelty_ratio_shuffled,1786179660017,62.3279,0.6638,100
novelty_ratio_shuffled,1786179696820,62.3381,0.66182,100
novelty_ratio_shuffled,1786179697086,62.3382,0.66127,100
novelty_ratio_shuffled,1786179697127,62.3382,0.66148,100
novelty_ratio_shuffled,1786179697483,62.3383,0.66089,100
novelty_ratio_shuffled,1786179697922,62.3384,0.65845,100
novelty_ratio_shuffled,1786179698214,62.3385,0.65823,100
novelty_ratio_shuffled,1786179698514,62.3386,0.65794,100
novelty_ratio_shuffled,1786179698807,62.3387,0.65643,100
novelty_ratio_shuffled,1786179726612,62.3464,0.65613,100
novelty_ratio_shuffled,1786179726902,62.3465,0.65589,100
novelty_ratio_shuffled,1786179727184,62.3466,0.65551,100
novelty_ratio_shuffled,1786179727466,62.3466,0.65487,100
novelty_ratio_shuffled,1786179727753,62.3467,0.65552,100
novelty_ratio_shuffled,1786179728041,62.3468,0.65506,100
novelty_ratio_shuffled,1786179728334,62.3469,0.65494,100
novelty_ratio_shuffled,1786179759096,62.3554,0.65447,100
novelty_ratio_shuffled,1786179759384,62.3555,0.65398,100
novelty_ratio_shuffled,1786179759673,62.3556,0.65402,100
novelty_ratio_shuffled,1786179759959,62.3557,0.65263,100
novelty_ratio_shuffled,1786179760240,62.3557,0.65197,100
novelty_ratio_shuffled,1786179760525,62.3558,0.65154,100
novelty_ratio_shuffled,1786180032095,62.4313,0.65351,100
novelty_ratio_shuffled,1786180080832,62.4448,0.65391,100
novelty_ratio_shuffled,1786180081484,62.445,0.6538,100
novelty_ratio_shuffled,1786180081798,62.4451,0.65396,100
novelty_ratio_shuffled,1786180219709,62.4834,0.65312,100
novelty_ratio_shuffled,1786180297275,62.5049,0.65374,100
novelty_ratio_shuffled,1786180318021,62.5107,0.65426,100
novelty_ratio_shuffled,1786180406981,62.5354,0.65639,100
novelty_ratio_shuffled,1786180409271,62.536,0.65568,100
novelty_ratio_shuffled,1786180450343,62.5474,0.65568,100
novelty_ratio_shuffled,1786180485142,62.5571,0.65594,100
novelty_ratio_shuffled,1786180521134,62.5671,0.65591,100
novelty_ratio_shuffled,1786180552457,62.5758,0.6558,100
novelty_ratio_shuffled,1786180568236,62.5802,0.65694,100
novelty_ratio_shuffled,1786180603228,62.5899,0.65728,100
novelty_ratio_shuffled,1786180628520,62.5969,0.65893,100
novelty_ratio_shuffled,1786180634072,62.5985,0.65966,100
novelty_ratio_shuffled,1786180866607,62.6631,0.65909,100
novelty_ratio_shuffled,1786180888165,62.6691,0.65871,100
novelty_ratio_shuffled,1786180922499,62.6786,0.65882,100
novelty_ratio_shuffled,1786181541832,62.8506,0.66153,100
novelty_ratio_shuffled,1786181560183,62.8557,0.66109,100
novelty_ratio_shuffled,1786181574182,62.8596,0.66068,100
novelty_ratio_shuffled,1786181721883,62.9006,0.65998,100
novelty_ratio_shuffled,1786181990289,62.9752,0.65978,100
novelty_ratio_shuffled,1786182090103,63.0029,0.65913,100
novelty_ratio_shuffled,1786182557770,63.1328,0.65994,100
novelty_ratio_shuffled,1786182798336,63.1997,0.65985,100
novelty_ratio_shuffled,1786182922889,63.2343,0.65973,100
novelty_ratio_shuffled,1786183029894,63.264,0.65888,100
novelty_ratio_shuffled,1786183137351,63.2938,0.65818,100
novelty_ratio_shuffled,1786183137909,63.294,0.65804,100
novelty_ratio_shuffled,1786183162376,63.3008,0.65749,100
novelty_ratio_shuffled,1786183184540,63.3069,0.65667,100
novelty_ratio_shuffled,1786183204952,63.3126,0.65607,100
novelty_ratio_shuffled,1786183227771,63.3189,0.65541,100
novelty_ratio_shuffled,1786183261197,63.3282,0.65487,100
novelty_ratio_shuffled,1786183261922,63.3284,0.65417,100
novelty_ratio_shuffled,1786183305953,63.3407,0.65413,100
novelty_ratio_shuffled,1786183306453,63.3408,0.65358,100
novelty_ratio_shuffled,1786183307272,63.341,0.65352,100
novelty_ratio_shuffled,1786183363267,63.3566,0.65359,100
novelty_ratio_shuffled,1786183609781,63.4251,0.6546,100
novelty_ratio_shuffled,1786183741055,63.4615,0.65443,100
novelty_ratio_shuffled,1786183750306,63.4641,0.65407,100
novelty_ratio_shuffled,1786183750988,63.4643,0.65409,100
novelty_ratio_shuffled,1786183760084,63.4668,0.65371,100
novelty_ratio_shuffled,1786183760368,63.4669,0.65372,100
novelty_ratio_shuffled,1786183786558,63.4742,0.65334,100
novelty_ratio_shuffled,1786183879624,63.5,0.65326,100
novelty_ratio_shuffled,1786184061468,63.5505,0.65306,100
novelty_ratio_shuffled,1786184062214,63.5507,0.65347,100
novelty_ratio_shuffled,1786184062995,63.551,0.65246,100
novelty_ratio_shuffled,1786184063740,63.5512,0.65122,100
novelty_ratio_shuffled,1786184319975,63.6223,0.65195,100
novelty_ratio_shuffled,1786184763250,63.7455,0.65167,100
novelty_ratio_shuffled,1786184867564,63.7744,0.65173,100
novelty_ratio_shuffled,1786184884232,63.7791,0.65204,100
novelty_ratio_shuffled,1786184919558,63.7889,0.65129,100
novelty_ratio_shuffled,1786185188098,63.8635,0.6514,100
novelty_ratio_shuffled,1786185570669,63.9697,0.65081,100
novelty_ratio_shuffled,1786185571172,63.9699,0.65121,100
novelty_ratio_shuffled,1786185716091,64.0101,0.65088,100
novelty_ratio_shuffled,1786186209886,64.1473,0.65185,100
novelty_ratio_shuffled,1786186671865,64.2756,0.65278,100
novelty_ratio_shuffled,1786186917113,64.3438,0.65447,100
novelty_ratio_shuffled,1786186993266,64.3649,0.65483,100
novelty_ratio_shuffled,1786187226398,64.4297,0.65579,100
novelty_ratio_shuffled,1786187310777,64.4531,0.65577,100
novelty_ratio_shuffled,1786187388844,64.4748,0.65735,100
novelty_ratio_shuffled,1786187423667,64.4845,0.65775,100
novelty_ratio_shuffled,1786187560378,64.5224,0.6579,100
novelty_ratio_shuffled,1786187713923,64.5651,0.65829,100
novelty_ratio_shuffled,1786187714258,64.5652,0.6586,100
novelty_ratio_shuffled,1786187785338,64.5849,0.65922,100
novelty_ratio_shuffled,1786188558789,64.7998,0.66005,100
novelty_ratio_shuffled,1786188585586,64.8072,0.66098,100
novelty_ratio_shuffled,1786188793609,64.865,0.6624,100
novelty_ratio_shuffled,1786189163678,64.9678,0.66162,100
novelty_ratio_shuffled,1786189164289,64.968,0.66175,100
novelty_ratio_shuffled,1786189164328,64.968,0.66171,100
novelty_ratio_shuffled,1786189403060,65.0343,0.66164,100
novelty_ratio_shuffled,1786189487215,65.0577,0.66181,100
novelty_ratio_shuffled,1786189518548,65.0664,0.6627,100
novelty_ratio_shuffled,1786189559236,65.0777,0.66278,100
novelty_ratio_shuffled,1786189559595,65.0778,0.66313,100
novelty_ratio_shuffled,1786189754783,65.132,0.66417,100
novelty_ratio_shuffled,1786189842735,65.1564,0.67508,100
novelty_ratio_shuffled,1786189889836,65.1695,0.67809,100
novelty_ratio_shuffled,1786190021055,65.206,0.67822,100
novelty_ratio_shuffled,1786190021666,65.2061,0.67835,100
novelty_ratio_shuffled,1786190063088,65.2176,0.67835,100
novelty_ratio_shuffled,1786190073185,65.2204,0.67855,100
novelty_ratio_shuffled,1786190077680,65.2217,0.67868,100
novelty_ratio_shuffled,1786190111442,65.2311,0.67812,100
novelty_ratio_shuffled,1786190319644,65.2889,0.6822,100
novelty_ratio_shuffled,1786190482502,65.3341,0.68216,100
novelty_ratio_shuffled,1786190482738,65.3342,0.68228,100
novelty_ratio_shuffled,1786190482909,65.3343,0.68238,100
novelty_ratio_shuffled,1786190984708,65.4736,0.68241,100
novelty_ratio_shuffled,1786191077656,65.4995,0.68137,100
novelty_ratio_shuffled,1786191245061,65.546,0.68136,100
novelty_ratio_shuffled,1786191338116,65.5718,0.68108,100
novelty_ratio_shuffled,1786191404502,65.5903,0.6813,100
novelty_ratio_shuffled,1786191977407,65.7494,0.68159,100
novelty_ratio_shuffled,1786192324086,65.8457,0.68108,100
novelty_ratio_shuffled,1786192565480,65.9128,0.68058,100
novelty_ratio_shuffled,1786192566134,65.9129,0.67976,100
novelty_ratio_shuffled,1786192637038,65.9326,0.68052,100
novelty_ratio_shuffled,1786192822176,65.9841,0.68092,100
novelty_ratio_shuffled,1786192823818,65.9845,0.68073,100
novelty_ratio_shuffled,1786192858883,65.9943,0.68483,100
novelty_ratio_shuffled,1786193232679,66.0981,0.68527,100
novelty_ratio_shuffled,1786193232903,66.0981,0.68539,100
novelty_ratio_shuffled,1786193445064,66.1571,0.6866,100
novelty_ratio_shuffled,1786193534923,66.182,0.68653,100
novelty_ratio_shuffled,1786193535153,66.1821,0.68585,100
novelty_ratio_shuffled,1786193535336,66.1822,0.68606,100
novelty_ratio_shuffled,1786193547090,66.1854,0.68585,100
novelty_ratio_shuffled,1786193555412,66.1877,0.68606,100
novelty_ratio_shuffled,1786193617827,66.2051,0.68351,100
novelty_ratio_shuffled,1786193684375,66.2236,0.68454,100
novelty_ratio_shuffled,1786193744536,66.2403,0.68454,100
novelty_ratio_shuffled,1786193761304,66.2449,0.68381,100
novelty_ratio_shuffled,1786193774174,66.2485,0.6839,100
novelty_ratio_shuffled,1786193785316,66.2516,0.68477,100
novelty_ratio_shuffled,1786193797105,66.2549,0.68453,100
novelty_ratio_shuffled,1786194063282,66.3288,0.68573,100
novelty_ratio_shuffled,1786194197491,66.3661,0.68625,100
novelty_ratio_shuffled,1786194200404,66.3669,0.68701,100
novelty_ratio_shuffled,1786194203298,66.3677,0.68765,100
novelty_ratio_shuffled,1786194203310,66.3677,0.68788,100
novelty_ratio_shuffled,1786194312209,66.398,0.68825,100
novelty_ratio_shuffled,1786194357643,66.4106,0.69624,100
novelty_ratio_shuffled,1786194410838,66.4254,0.70093,100
novelty_ratio_shuffled,1786194438851,66.4331,0.70171,100
novelty_ratio_shuffled,1786194439045,66.4332,0.70208,100
novelty_ratio_shuffled,1786194638732,66.4887,0.70319,100
novelty_ratio_shuffled,1786194707725,66.5078,0.7036,100
novelty_ratio_shuffled,1786194709157,66.5082,0.70491,100
novelty_ratio_shuffled,1786194763033,66.5232,0.70462,100
novelty_ratio_shuffled,1786194889857,66.5584,0.70584,100
novelty_ratio_shuffled,1786194890449,66.5586,0.70566,100
novelty_ratio_shuffled,1786195283384,66.6677,0.70821,100
novelty_ratio_shuffled,1786195338057,66.6829,0.70782,100
novelty_ratio_shuffled,1786195500052,66.7279,0.70803,100
novelty_ratio_shuffled,1786195527881,66.7356,0.70819,100
novelty_ratio_shuffled,1786195545119,66.7404,0.70803,100
novelty_ratio_shuffled,1786195600040,66.7557,0.70722,100
novelty_ratio_shuffled,1786195723052,66.7899,0.70659,100
novelty_ratio_shuffled,1786195742955,66.7954,0.70657,100
novelty_ratio_shuffled,1786195756299,66.7991,0.70501,100
novelty_ratio_shuffled,1786195789777,66.8084,0.70453,100
novelty_ratio_shuffled,1786195905133,66.8404,0.70478,100
novelty_ratio_shuffled,1786195906275,66.8408,0.70401,100
novelty_ratio_shuffled,1786195985542,66.8628,0.70461,100
novelty_ratio_shuffled,1786196282934,66.9454,0.70456,100
novelty_ratio_shuffled,1786196297929,66.9495,0.70443,100
novelty_ratio_shuffled,1786196318694,66.9553,0.70531,100
novelty_ratio_shuffled,1786196395825,66.9767,0.70533,100
novelty_ratio_shuffled,1786196613676,67.0373,0.70906,100
novelty_ratio_shuffled,1786196884056,67.1124,0.70924,100
novelty_ratio_shuffled,1786197262249,67.2174,0.70984,100
novelty_ratio_shuffled,1786197265145,67.2182,0.70944,100
novelty_ratio_shuffled,1786197724291,67.3458,0.71008,100
novelty_ratio_shuffled,1786197742887,67.3509,0.70948,100
novelty_ratio_shuffled,1786197755511,67.3544,0.70953,100
novelty_ratio_shuffled,1786197770395,67.3586,0.70918,100
novelty_ratio_shuffled,1786197770528,67.3586,0.70917,100
novelty_ratio_shuffled,1786198226695,67.4853,0.7085,100
novelty_ratio_shuffled,1786198252296,67.4924,0.70832,100
novelty_ratio_shuffled,1786198255072,67.4932,0.70851,100
novelty_ratio_shuffled,1786198257850,67.494,0.70697,100
novelty_ratio_shuffled,1786198477187,67.5549,0.70649,100
novelty_ratio_shuffled,1786198507522,67.5633,0.70584,100
novelty_ratio_shuffled,1786198507990,67.5635,0.70549,100
novelty_ratio_shuffled,1786198805249,67.646,0.70567,100
novelty_ratio_shuffled,1786199398805,67.8109,0.70502,100
novelty_ratio_shuffled,1786199437436,67.8216,0.70476,100
novelty_ratio_shuffled,1786199447270,67.8244,0.7044,100
novelty_ratio_shuffled,1786199459254,67.8277,0.70406,100
novelty_ratio_shuffled,1786199485638,67.835,0.70184,100
novelty_ratio_shuffled,1786199506309,67.8408,0.69957,100
novelty_ratio_shuffled,1786199547084,67.8521,0.69843,100
novelty_ratio_shuffled,1786199584627,67.8625,0.69767,100
novelty_ratio_shuffled,1786199608924,67.8693,0.69712,100
novelty_ratio_shuffled,1786199643691,67.8789,0.69637,100
novelty_ratio_shuffled,1786199745199,67.9071,0.68717,100
novelty_ratio_shuffled,1786199882682,67.9453,0.68443,100
novelty_ratio_shuffled,1786199882962,67.9454,0.68437,100
novelty_ratio_shuffled,1786199905179,67.9516,0.68393,100
novelty_ratio_shuffled,1786200223971,68.0401,0.68438,100
novelty_ratio_shuffled,1786200302810,68.062,0.68494,100
novelty_ratio_shuffled,1786200589078,68.1415,0.6843,100
novelty_ratio_shuffled,1786200644711,68.157,0.6845,100
novelty_ratio_shuffled,1786200675991,68.1657,0.68124,100
novelty_ratio_shuffled,1786200689840,68.1695,0.68109,100
novelty_ratio_shuffled,1786200877003,68.2215,0.68093,100
novelty_ratio_shuffled,1786200915368,68.2322,0.68067,100
novelty_ratio_shuffled,1786201231018,68.3198,0.68054,100
novelty_ratio_shuffled,1786201384192,68.3624,0.68072,100
novelty_ratio_shuffled,1786201384466,68.3625,0.68052,100
novelty_ratio_shuffled,1786201584215,68.418,0.68127,100
novelty_ratio_shuffled,1786201703239,68.451,0.68048,100
novelty_ratio_shuffled,1786201856399,68.4936,0.6804,100
novelty_ratio_shuffled,1786201900368,68.5058,0.68086,100
novelty_ratio_shuffled,1786201910861,68.5087,0.68129,100
novelty_ratio_shuffled,1786201940285,68.5169,0.68053,100
novelty_ratio_shuffled,1786202389863,68.6417,0.6804,100
novelty_ratio_shuffled,1786202777152,68.7493,0.67981,100
novelty_ratio_shuffled,1786202975966,68.8046,0.68024,100
novelty_ratio_shuffled,1786203400397,68.9225,0.67665,100
novelty_ratio_shuffled,1786203456758,68.9381,0.67646,100
novelty_ratio_shuffled,1786203494558,68.9486,0.67579,100
novelty_ratio_shuffled,1786203553334,68.9649,0.67477,100
novelty_ratio_shuffled,1786203553919,68.9651,0.67526,100
novelty_ratio_shuffled,1786203660478,68.9947,0.67548,100
novelty_ratio_shuffled,1786204159599,69.1333,0.67621,100
novelty_ratio_shuffled,1786204473224,69.2205,0.67668,100
novelty_ratio_shuffled,1786204622936,69.262,0.67615,100
novelty_ratio_shuffled,1786204892935,69.337,0.67644,100
novelty_ratio_shuffled,1786204903180,69.3399,0.67621,100
novelty_ratio_shuffled,1786205186155,69.4185,0.67671,100
novelty_ratio_shuffled,1786205202552,69.4231,0.67701,100
novelty_ratio_shuffled,1786205235883,69.4323,0.67701,100
novelty_ratio_shuffled,1786205283737,69.4456,0.6773,100
novelty_ratio_shuffled,1786205334761,69.4598,0.67731,100
novelty_ratio_shuffled,1786205376859,69.4715,0.67628,100
novelty_ratio_shuffled,1786205377534,69.4717,0.67625,100
novelty_ratio_shuffled,1786205529496,69.5139,0.67583,100
novelty_ratio_shuffled,1786205814658,69.5931,0.67586,100
novelty_ratio_shuffled,1786206281556,69.7228,0.67573,100
novelty_ratio_shuffled,1786206313548,69.7317,0.67616,100
novelty_ratio_shuffled,1786206314052,69.7318,0.67069,100
novelty_ratio_shuffled,1786206328814,69.7359,0.66739,100
novelty_ratio_shuffled,1786206382904,69.7509,0.66703,100
novelty_ratio_shuffled,1786206383548,69.7511,0.6672,100
novelty_ratio_shuffled,1786206447679,69.7689,0.66752,100
novelty_ratio_shuffled,1786206448320,69.7691,0.66755,100
novelty_ratio_shuffled,1786206512613,69.787,0.66741,100
novelty_ratio_shuffled,1786206535724,69.7934,0.66802,100
novelty_ratio_shuffled,1786206574622,69.8042,0.66742,100
novelty_ratio_shuffled,1786206782615,69.862,0.66739,100
novelty_ratio_shuffled,1786206827822,69.8745,0.66528,100
novelty_ratio_shuffled,1786206891002,69.8921,0.66575,100
novelty_ratio_shuffled,1786206898403,69.8941,0.66548,100
novelty_ratio_shuffled,1786206953608,69.9095,0.66539,100
novelty_ratio_shuffled,1786206957734,69.9106,0.66522,100
novelty_ratio_shuffled,1786206984535,69.918,0.66499,100
novelty_ratio_shuffled,1786206985182,69.9182,0.66533,100
novelty_ratio_shuffled,1786207045634,69.935,0.66485,100
novelty_ratio_shuffled,1786207046369,69.9352,0.66616,100
novelty_ratio_shuffled,1786207155905,69.9656,0.66629,100
novelty_ratio_shuffled,1786207156097,69.9657,0.66683,100
novelty_ratio_shuffled,1786207366062,70.024,0.66677,100
novelty_ratio_shuffled,1786207712699,70.1203,0.66665,100
novelty_ratio_shuffled,1786207713272,70.1205,0.66687,100
novelty_ratio_shuffled,1786207713754,70.1206,0.6669,100
novelty_ratio_shuffled,1786208053233,70.2149,0.66696,100
novelty_ratio_shuffled,1786208053781,70.2151,0.66669,100
novelty_ratio_shuffled,1786208054375,70.2152,0.6627,100
novelty_ratio_shuffled,1786208099733,70.2278,0.6624,100
novelty_ratio_shuffled,1786208312088,70.2868,0.66215,100
novelty_ratio_shuffled,1786208520218,70.3446,0.6625,100
novelty_ratio_shuffled,1786208536617,70.3492,0.66203,100
novelty_ratio_shuffled,1786208555831,70.3545,0.66192,100
novelty_ratio_shuffled,1786208827253,70.4299,0.66172,100
novelty_ratio_shuffled,1786208829471,70.4305,0.66105,100
novelty_ratio_shuffled,1786208830599,70.4308,0.66074,100
novelty_ratio_shuffled,1786208839242,70.4332,0.66048,100
novelty_ratio_shuffled,1786208905262,70.4516,0.66056,100
novelty_ratio_shuffled,1786208910586,70.4531,0.66023,100
novelty_ratio_shuffled,1786208911741,70.4534,0.66008,100
novelty_ratio_shuffled,1786208913025,70.4537,0.65951,100
novelty_ratio_shuffled,1786208914183,70.4541,0.65954,100
novelty_ratio_shuffled,1786208915350,70.4544,0.65939,100
novelty_ratio_shuffled,1786208916476,70.4547,0.65949,100
novelty_ratio_shuffled,1786208960920,70.467,0.65971,100
novelty_ratio_shuffled,1786209008484,70.4803,0.65968,100
novelty_ratio_shuffled,1786209041150,70.4893,0.65974,100
novelty_ratio_shuffled,1786209132466,70.5147,0.65985,100
novelty_ratio_shuffled,1786209314602,70.5653,0.66127,100
novelty_ratio_shuffled,1786209468810,70.6081,0.66335,100
novelty_ratio_shuffled,1786209499161,70.6166,0.66421,100
novelty_ratio_shuffled,1786209586949,70.6409,0.66467,100
novelty_ratio_shuffled,1786209587329,70.641,0.66436,100
novelty_ratio_shuffled,1786209956030,70.7435,0.66566,100
novelty_ratio_shuffled,1786209963831,70.7456,0.66632,100
novelty_ratio_shuffled,1786210035743,70.7656,0.6652,100
novelty_ratio_shuffled,1786210099054,70.7832,0.66472,100
novelty_ratio_shuffled,1786210105342,70.7849,0.66026,100
novelty_ratio_shuffled,1786210275842,70.8323,0.66034,100
novelty_ratio_shuffled,1786210300134,70.839,0.65946,100
novelty_ratio_shuffled,1786210300767,70.8392,0.6595,100
novelty_ratio_shuffled,1786210301310,70.8394,0.65958,100
novelty_ratio_shuffled,1786210539506,70.9055,0.6596,100
novelty_ratio_shuffled,1786210540003,70.9057,0.65961,100
novelty_ratio_shuffled,1786210557814,70.9106,0.65948,100
novelty_ratio_shuffled,1786210641786,70.9339,0.65975,100
novelty_ratio_shuffled,1786210682179,70.9452,0.65994,100
novelty_ratio_shuffled,1786210695506,70.9489,0.65973,100
novelty_ratio_shuffled,1786210745182,70.9627,0.6599,100
novelty_ratio_shuffled,1786210768161,70.9691,0.65924,100
novelty_ratio_shuffled,1786210777217,70.9716,0.65945,100
novelty_ratio_shuffled,1786210814023,70.9818,0.65993,100
novelty_ratio_shuffled,1786210837689,70.9884,0.65996,100
novelty_ratio_shuffled,1786210841140,70.9893,0.65988,100
novelty_ratio_shuffled,1786210844057,70.9901,0.66029,100
novelty_ratio_shuffled,1786210844509,70.9903,0.66024,100
novelty_ratio_shuffled,1786210848238,70.9913,0.66038,100
novelty_ratio_shuffled,1786210851688,70.9923,0.66028,100
novelty_ratio_shuffled,1786211010280,71.0363,0.6595,100
novelty_ratio_shuffled,1786211010847,71.0365,0.65922,100
novelty_ratio_shuffled,1786211069480,71.0528,0.65915,100
novelty_ratio_shuffled,1786211123005,71.0676,0.65912,100
novelty_ratio_shuffled,1786211131320,71.0699,0.65919,100
novelty_ratio_shuffled,1786211145119,71.0738,0.65952,100
novelty_ratio_shuffled,1786211145588,71.0739,0.65907,100
novelty_ratio_shuffled,1786211146087,71.074,0.65803,100
novelty_ratio_shuffled,1786211146589,71.0742,0.65733,100
novelty_ratio_shuffled,1786211147076,71.0743,0.65712,100
novelty_ratio_shuffled,1786211165745,71.0795,0.65673,100
novelty_ratio_shuffled,1786211170336,71.0808,0.65567,100
novelty_ratio_shuffled,1786211235128,71.0988,0.65513,100
novelty_ratio_shuffled,1786211255097,71.1043,0.65508,100
novelty_ratio_shuffled,1786211275244,71.1099,0.65456,100
novelty_ratio_shuffled,1786211380461,71.1391,0.65382,100
novelty_ratio_shuffled,1786211558116,71.1885,0.65295,100
novelty_ratio_shuffled,1786211597607,71.1995,0.65273,100
novelty_ratio_shuffled,1786211638755,71.2109,0.65309,100
novelty_ratio_shuffled,1786211651180,71.2143,0.65303,100
novelty_ratio_shuffled,1786211713298,71.2316,0.65356,100
novelty_ratio_shuffled,1786211729393,71.2361,0.65312,100
novelty_ratio_shuffled,1786211765436,71.2461,0.65279,100
novelty_ratio_shuffled,1786211819109,71.261,0.65387,100
novelty_ratio_shuffled,1786211819581,71.2611,0.65482,100
novelty_ratio_shuffled,1786211820064,71.2612,0.65396,100
novelty_ratio_shuffled,1786211827380,71.2633,0.65325,100
novelty_ratio_shuffled,1786211837060,71.266,0.65288,100
novelty_ratio_shuffled,1786211844889,71.2681,0.65277,100
novelty_ratio_shuffled,1786211845393,71.2683,0.65221,100
novelty_ratio_shuffled,1786211845705,71.2684,0.65207,100
novelty_ratio_shuffled,1786211891556,71.2811,0.65153,100
novelty_ratio_shuffled,1786211937140,71.2938,0.65139,100
novelty_ratio_shuffled,1786211937299,71.2938,0.65098,100
novelty_ratio_shuffled,1786211949289,71.2971,0.65104,100
novelty_ratio_shuffled,1786211971705,71.3034,0.65084,100
novelty_ratio_shuffled,1786211999470,71.3111,0.65081,100
novelty_ratio_shuffled,1786212044802,71.3237,0.65124,100
novelty_ratio_shuffled,1786212228958,71.3748,0.6517,100
novelty_ratio_shuffled,1786212235534,71.3767,0.65154,100
novelty_ratio_shuffled,1786212256595,71.3825,0.65132,100
novelty_ratio_shuffled,1786212256884,71.3826,0.65109,100
novelty_ratio_shuffled,1786212261482,71.3839,0.65172,100
novelty_ratio_shuffled,1786212389208,71.4193,0.65234,100
novelty_ratio_shuffled,1786212693501,71.5039,0.65215,100
novelty_ratio_shuffled,1786212694231,71.5041,0.65119,100
novelty_ratio_shuffled,1786212694947,71.5043,0.65075,100
novelty_ratio_shuffled,1786212708993,71.5082,0.65059,100
novelty_ratio_shuffled,1786212777694,71.5273,0.65036,100
novelty_ratio_shuffled,1786212859845,71.5501,0.651,100
novelty_ratio_shuffled,1786213222854,71.6509,0.65102,100
novelty_ratio_shuffled,1786213223605,71.6511,0.65061,100
novelty_ratio_shuffled,1786213224317,71.6513,0.64989,100
novelty_ratio_shuffled,1786213397428,71.6994,0.65001,100
novelty_ratio_shuffled,1786213397590,71.6994,0.64992,100
novelty_ratio_shuffled,1786213656387,71.7713,0.64928,100
novelty_ratio_shuffled,1786213661163,71.7727,0.65092,100
novelty_ratio_shuffled,1786213688272,71.7802,0.65155,100
novelty_ratio_shuffled,1786213766566,71.8019,0.65181,100
novelty_ratio_shuffled,1786214074185,71.8874,0.65088,100
novelty_ratio_shuffled,1786214292703,71.9481,0.65075,100
novelty_ratio_shuffled,1786214296693,71.9492,0.65146,100
novelty_ratio_shuffled,1786214301558,71.9506,0.6522,100
novelty_ratio_shuffled,1786214444147,71.9902,0.65192,100
novelty_ratio_shuffled,1786214491509,72.0033,0.65254,100
novelty_ratio_shuffled,1786214965065,72.1349,0.65148,100
novelty_ratio_shuffled,1786215195826,72.199,0.65122,100
novelty_ratio_shuffled,1786215203729,72.2012,0.65111,100
novelty_ratio_shuffled,1786215284940,72.2237,0.65122,100
novelty_ratio_shuffled,1786215672662,72.3314,0.65105,100
novelty_ratio_shuffled,1786215816470,72.3714,0.65031,100
novelty_ratio_shuffled,1786215843414,72.3788,0.64971,100
novelty_ratio_shuffled,1786215868106,72.3857,0.64957,100
novelty_ratio_shuffled,1786215869211,72.386,0.64943,100
novelty_ratio_shuffled,1786215888751,72.3914,0.6493,100
novelty_ratio_shuffled,1786215901855,72.3951,0.64808,100
novelty_ratio_shuffled,1786215915055,72.3987,0.64667,100
novelty_ratio_shuffled,1786216037715,72.4328,0.64758,100
novelty_ratio_shuffled,1786216198403,72.4775,0.64769,100
novelty_ratio_shuffled,1786216287565,72.5022,0.65217,100
novelty_ratio_shuffled,1786216484533,72.5569,0.65099,100
novelty_ratio_shuffled,1786216641007,72.6004,0.65164,100
novelty_ratio_shuffled,1786216853370,72.6594,0.65283,100
novelty_ratio_shuffled,1786217328566,72.7914,0.65284,100
novelty_ratio_shuffled,1786217329811,72.7917,0.65213,100
novelty_ratio_shuffled,1786217428519,72.8192,0.65235,100
novelty_ratio_shuffled,1786217460110,72.8279,0.6526,100
novelty_ratio_shuffled,1786217486152,72.8352,0.6526,100
novelty_ratio_shuffled,1786217531603,72.8478,0.6519,100
novelty_ratio_shuffled,1786217591050,72.8643,0.6523,100
novelty_ratio_shuffled,1786217666484,72.8853,0.65218,100
novelty_ratio_shuffled,1786217694536,72.893,0.65219,100
novelty_ratio_shuffled,1786217747280,72.9077,0.65237,100
novelty_ratio_shuffled,1786217747879,72.9079,0.6519,100
novelty_ratio_shuffled,1786217771028,72.9143,0.65201,100
novelty_ratio_shuffled,1786217829570,72.9306,0.65254,100
novelty_ratio_shuffled,1786217868582,72.9414,0.65293,100
novelty_ratio_shuffled,1786217881784,72.9451,0.65326,100
novelty_ratio_shuffled,1786217888868,72.947,0.65358,100
novelty_ratio_shuffled,1786218077770,72.9995,0.6532,100
novelty_ratio_shuffled,1786219081771,73.2784,0.65378,100
novelty_ratio_shuffled,1786219089867,73.2806,0.6535,100
novelty_ratio_shuffled,1786219746815,73.4631,0.65367,100
novelty_ratio_shuffled,1786219830270,73.4863,0.65446,100
novelty_ratio_shuffled,1786219876895,73.4993,0.6536,100
novelty_ratio_shuffled,1786219930971,73.5143,0.6526,100
novelty_ratio_shuffled,1786219931677,73.5145,0.6522,100
novelty_ratio_shuffled,1786220042593,73.5453,0.65249,100
novelty_ratio_shuffled,1786220043295,73.5455,0.65297,100
